学校コード,学校種,都道府県番号,設置区分,本分校,学校名,学校所在地,郵便番号,属性情報設定年月日,属性情報廃止年月日,旧学校調査番号,移行後の学校コード
A122110000017,A1(幼稚園),22(静岡),1(国),1(本),静岡大学教育学部附属幼稚園,静岡県静岡市葵区大岩町１－１０,4200885,2020-12-22,,226501,
A122210000015,A1(幼稚園),22(静岡),2(公),9(廃),沼津市立大平幼稚園,静岡県沼津市大平２２０５－１,4100821,2020-12-22,2025-05-01,226511,
A122210000024,A1(幼稚園),22(静岡),2(公),1(本),熱海市立伊豆山幼稚園,静岡県熱海市伊豆山７１１,4130002,2020-12-22,,226520,
A122210000033,A1(幼稚園),22(静岡),2(公),9(廃),熱海市立網代幼稚園,静岡県熱海市網代２０１,4130103,2020-12-22,2021-05-27,226521,
A122210000042,A1(幼稚園),22(静岡),2(公),1(本),熱海市立多賀幼稚園,静岡県熱海市下多賀９１８－１,4130102,2020-12-22,,226522,
A122210000051,A1(幼稚園),22(静岡),2(公),1(本),熱海市立泉幼稚園,静岡県熱海市泉５２－１,4130001,2020-12-22,,226523,
A122210000060,A1(幼稚園),22(静岡),2(公),1(本),三島市立東幼稚園,静岡県三島市東町１０－１２,4110852,2020-12-22,,226541,
A122210000079,A1(幼稚園),22(静岡),2(公),9(廃),三島市立西幼稚園,静岡県三島市栄町２－１９,4110846,2020-12-22,2021-05-27,226542,
A122210000088,A1(幼稚園),22(静岡),2(公),1(本),三島市立南幼稚園,静岡県三島市青木２６５,4110811,2020-12-22,,226543,
A122210000097,A1(幼稚園),22(静岡),2(公),1(本),三島市立北幼稚園,静岡県三島市文教町１丁目４番１号,4110033,2020-12-22,,226544,
A122210000104,A1(幼稚園),22(静岡),2(公),1(本),三島市立錦田幼稚園,静岡県三島市谷田２７１－１,4110801,2020-12-22,,226545,
A122210000113,A1(幼稚園),22(静岡),2(公),1(本),三島市立徳倉幼稚園,静岡県三島市徳倉４－１－８,4110044,2020-12-22,,226546,
A122210000122,A1(幼稚園),22(静岡),2(公),1(本),三島市立松本幼稚園,静岡県三島市松本９９－１,4110822,2020-12-22,,226547,
A122210000131,A1(幼稚園),22(静岡),2(公),1(本),三島市立坂幼稚園,静岡県三島市市山新田１５３－１,4110015,2020-12-22,,226548,
A122210000140,A1(幼稚園),22(静岡),2(公),1(本),三島市立大場幼稚園,静岡県三島市大場３６５番地,4110803,2020-12-22,,226549,
A122210000159,A1(幼稚園),22(静岡),2(公),1(本),三島市立旭ケ丘幼稚園,静岡県三島市旭ヶ丘２３－３１,4110020,2020-12-22,,226550,
A122210000168,A1(幼稚園),22(静岡),2(公),1(本),三島市立沢地幼稚園,静岡県三島市沢地２５７番地,4110043,2020-12-22,,226551,
A122210000177,A1(幼稚園),22(静岡),2(公),1(本),伊東市立伊東幼稚園,静岡県伊東市桜木町１丁目１番１７号,4140013,2020-12-22,,226570,
A122210000186,A1(幼稚園),22(静岡),2(公),2(分),伊東市立伊東幼稚園湯川分園,静岡県伊東市湯川２丁目１１番３０号,4140002,2020-12-22,,226571,
A122210000195,A1(幼稚園),22(静岡),2(公),1(本),伊東市立竹の台幼稚園,静岡県伊東市竹の台３番１１号,4140026,2020-12-22,,226573,
A122210000202,A1(幼稚園),22(静岡),2(公),1(本),伊東市立鎌田幼稚園,静岡県伊東市岡６６番地の１,4140055,2020-12-22,,226574,
A122210000211,A1(幼稚園),22(静岡),2(公),1(本),伊東市立川奈幼稚園,静岡県伊東市川奈８７８番地の１,4140044,2020-12-22,,226575,
A122210000220,A1(幼稚園),22(静岡),2(公),1(本),伊東市立宇佐美幼稚園,静岡県伊東市宇佐美１６０２番地の２,4140001,2020-12-22,,226576,
A122210000239,A1(幼稚園),22(静岡),2(公),1(本),伊東市立八幡野幼稚園,静岡県伊東市八幡野１１８９番地の５５,4130232,2020-12-22,,226577,
A122210000248,A1(幼稚園),22(静岡),2(公),1(本),伊東市立富戸幼稚園,静岡県伊東市富戸５９４番地,4130231,2020-12-22,,226578,
A122210000257,A1(幼稚園),22(静岡),2(公),1(本),伊東市立池幼稚園,静岡県伊東市池４６９番地の４,4130234,2020-12-22,,226579,
A122210000266,A1(幼稚園),22(静岡),2(公),1(本),伊東市立南幼稚園,静岡県伊東市川奈１１９０番地の３,4140044,2020-12-22,,226580,
A122210000275,A1(幼稚園),22(静岡),2(公),1(本),伊東市立吉田幼稚園,静岡県伊東市吉田４５２番地,4140051,2020-12-22,,226581,
A122210000284,A1(幼稚園),22(静岡),2(公),2(分),伊東市立南幼稚園富士見分園,静岡県伊東市玖須美元和田７２９番地の１,4140045,2020-12-22,,226582,
A122210000293,A1(幼稚園),22(静岡),2(公),1(本),伊東市立荻幼稚園,静岡県伊東市荻１８番地の１,4140053,2020-12-22,,226583,
A122210000300,A1(幼稚園),22(静岡),2(公),2(分),伊東市立宇佐美幼稚園宮川分園,静岡県伊東市宇佐美２７６９番地,4140001,2020-12-22,,226584,
A122210000319,A1(幼稚園),22(静岡),2(公),1(本),富士市立昭和幼稚園,静岡県富士市比奈１６０番地,4170847,2020-12-22,,226591,
A122210000328,A1(幼稚園),22(静岡),2(公),9(廃),富士市立原田幼稚園,静岡県富士市原田４８０番地,4170852,2020-12-22,2023-05-01,226592,
A122210000337,A1(幼稚園),22(静岡),2(公),9(廃),富士市立大淵幼稚園,静岡県富士市大淵３０２２番地,4170801,2020-12-22,2022-05-01,226593,
A122210000346,A1(幼稚園),22(静岡),2(公),1(本),富士市立田子浦幼稚園,静岡県富士市川成島１３８番地の１,4160939,2020-12-22,,226594,
A122210000355,A1(幼稚園),22(静岡),2(公),1(本),富士市立岩松幼稚園,静岡県富士市松岡８０４番地,4160909,2020-12-22,,226596,
A122210000364,A1(幼稚園),22(静岡),2(公),9(廃),富士市立南幼稚園,静岡県富士市横割５丁目１０番１号,4160944,2020-12-22,2022-05-01,226597,
A122210000373,A1(幼稚園),22(静岡),2(公),1(本),富士市立天間幼稚園,静岡県富士市天間１０４７番地の１,4190205,2020-12-22,,226598,
A122210000382,A1(幼稚園),22(静岡),2(公),1(本),御殿場市立御殿場幼稚園,静岡県御殿場市二枚橋２６０番地の１,4120021,2020-12-22,,226610,
A122210000391,A1(幼稚園),22(静岡),2(公),1(本),御殿場市立原里幼稚園,静岡県御殿場市川島田１９１７－２,4120045,2020-12-22,,226611,
A122210000408,A1(幼稚園),22(静岡),2(公),1(本),御殿場市立玉穂幼稚園,静岡県御殿場市中畑４２６番地の１,4120006,2020-12-22,,226612,
A122210000417,A1(幼稚園),22(静岡),2(公),9(廃),御殿場市立原里西幼稚園,静岡県御殿場市板妻１０１番地の６,4120048,2020-12-22,2023-05-01,226613,
A122210000426,A1(幼稚園),22(静岡),2(公),1(本),御殿場市立富士岡幼稚園,静岡県御殿場市中清水１１９番地,4120037,2020-12-22,,226614,
A122210000435,A1(幼稚園),22(静岡),2(公),1(本),御殿場市立森之腰幼稚園,静岡県御殿場市川島田４５１番地の３,4120045,2020-12-22,,226615,
A122210000444,A1(幼稚園),22(静岡),2(公),1(本),御殿場市立竃幼稚園,静岡県御殿場市竃１５４番地の１,4120039,2020-12-22,,226616,
A122210000453,A1(幼稚園),22(静岡),2(公),9(廃),東伊豆町立稲取幼稚園,静岡県賀茂郡東伊豆町稲取１５６９－６,4130411,2020-12-22,2023-05-01,226630,A122210001979
A122210000462,A1(幼稚園),22(静岡),2(公),9(廃),東伊豆町立熱川幼稚園,静岡県賀茂郡東伊豆町奈良本７４５－１４５,4130302,2020-12-22,2023-05-01,226632,A122210001979
A122210000471,A1(幼稚園),22(静岡),2(公),1(本),河津町立さくら幼稚園,静岡県賀茂郡河津町笹原３２８－１,4130512,2020-12-22,,226641,
A122210000480,A1(幼稚園),22(静岡),2(公),9(廃),下田市立下田幼稚園,静岡県下田市１丁目１７－２,4150021,2020-12-22,2023-05-01,226650,
A122210000499,A1(幼稚園),22(静岡),2(公),1(本),松崎町立松崎幼稚園,静岡県賀茂郡松崎町岩科北側４４７－２,4103613,2020-12-22,,226679,
A122210000505,A1(幼稚園),22(静岡),2(公),9(廃),伊豆の国市立長岡幼稚園,静岡県伊豆の国市長岡１２１２,4102211,2020-12-22,2024-05-01,226700,A222210000880
A122210000514,A1(幼稚園),22(静岡),2(公),9(廃),沼津市立戸田幼稚園,静岡県沼津市戸田１０３１－１,4103402,2020-12-22,2021-05-27,226701,A222210000791
A122210000523,A1(幼稚園),22(静岡),2(公),1(本),函南町立春光幼稚園,静岡県田方郡函南町仁田６１３－２,4190114,2020-12-22,,226710,
A122210000532,A1(幼稚園),22(静岡),2(公),1(本),函南町立丹那幼稚園,静岡県田方郡函南町丹那４４５－１,4190105,2020-12-22,,226711,
A122210000541,A1(幼稚園),22(静岡),2(公),1(本),函南町立二葉こども園,静岡県田方郡函南町上沢６５８－３５,4190122,2020-12-22,,226712,
A122210000550,A1(幼稚園),22(静岡),2(公),1(本),函南町立間宮幼稚園,静岡県田方郡函南町間宮８６５－５,4190123,2020-12-22,,226713,
A122210000569,A1(幼稚園),22(静岡),2(公),1(本),函南町立みのり幼稚園,静岡県田方郡函南町肥田６７７－１,4190125,2020-12-22,,226714,
A122210000578,A1(幼稚園),22(静岡),2(公),1(本),函南町立自由ケ丘幼稚園,静岡県田方郡函南町平井１０４１－１,4190107,2020-12-22,,226715,
A122210000587,A1(幼稚園),22(静岡),2(公),9(廃),伊豆の国市立共和幼稚園,静岡県伊豆の国市中７７３－１,4102113,2020-12-22,2026-05-01,226720,
A122210000596,A1(幼稚園),22(静岡),2(公),1(本),伊豆の国市立富士美幼稚園,静岡県伊豆の国市原木１３４３,4102124,2020-12-22,,226721,
A122210000603,A1(幼稚園),22(静岡),2(公),1(本),伊豆の国市立のぞみ幼稚園,静岡県伊豆の国市吉田４１６－１,4102322,2020-12-22,,226733,
A122210000612,A1(幼稚園),22(静岡),2(公),9(廃),伊豆の国市立田京幼稚園,静岡県伊豆の国市田京２３８－２１,4102315,2020-12-22,2026-05-01,226734,
A122210000621,A1(幼稚園),22(静岡),2(公),1(本),清水町立清水幼稚園,静岡県駿東郡清水町堂庭９５－１,4110903,2020-12-22,,226755,
A122210000630,A1(幼稚園),22(静岡),2(公),1(本),清水町立清水北幼稚園,静岡県駿東郡清水町伏見６４７－２,4110907,2020-12-22,,226756,
A122210000649,A1(幼稚園),22(静岡),2(公),1(本),清水町立清水南幼稚園,静岡県駿東郡清水町中徳倉３０,4110916,2020-12-22,,226757,
A122210000658,A1(幼稚園),22(静岡),2(公),1(本),清水町立清水西幼稚園,静岡県駿東郡清水町長沢２３８－１,4110905,2020-12-22,,226758,
A122210000667,A1(幼稚園),22(静岡),2(公),1(本),長泉町立長泉幼稚園,静岡県駿東郡長泉町下土狩８３０,4110943,2020-12-22,,226760,
A122210000676,A1(幼稚園),22(静岡),2(公),9(廃),長泉町立南幼稚園,静岡県駿東郡長泉町竹原８８,4110944,2020-12-22,2021-05-27,226761,A222210000844
A122210000685,A1(幼稚園),22(静岡),2(公),1(本),長泉町立東幼稚園,静岡県駿東郡長泉町下土狩１６２－１,4110943,2020-12-22,,226763,
A122210000694,A1(幼稚園),22(静岡),2(公),1(本),長泉町立桃沢幼稚園,静岡県駿東郡長泉町元長窪２４,4110936,2020-12-22,,226764,
A122210000701,A1(幼稚園),22(静岡),2(公),9(廃),裾野市立富岡第一幼稚園,静岡県裾野市御宿６８２－１４,4101107,2020-12-22,2026-05-01,226770,
A122210000710,A1(幼稚園),22(静岡),2(公),9(廃),裾野市立富岡第二幼稚園,静岡県裾野市下和田８９０,4101105,2020-12-22,2022-05-01,226771,
A122210000729,A1(幼稚園),22(静岡),2(公),1(本),裾野市立須山幼稚園,静岡県裾野市須山１５８－１,4101231,2020-12-22,,226772,
A122210000738,A1(幼稚園),22(静岡),2(公),1(本),裾野市立いずみ幼稚園,静岡県裾野市稲荷１２３－１,4101113,2020-12-22,,226773,
A122210000747,A1(幼稚園),22(静岡),2(公),1(本),裾野市立西幼稚園,静岡県裾野市佐野１４７０,4101118,2020-12-22,,226774,
A122210000756,A1(幼稚園),22(静岡),2(公),9(廃),裾野市立深良幼稚園,静岡県裾野市深良６９６,4101102,2020-12-22,2026-05-01,226775,
A122210000765,A1(幼稚園),22(静岡),2(公),1(本),焼津市立大富幼稚園,静岡県焼津市中根新田６３８,4250062,2020-12-22,,226840,
A122210000774,A1(幼稚園),22(静岡),2(公),9(廃),焼津市立東益津幼稚園,静岡県焼津市石脇下７９１－２,4250016,2020-12-22,2022-05-01,226842,
A122210000783,A1(幼稚園),22(静岡),2(公),1(本),焼津市立さつき幼稚園,静岡県焼津市大覚寺３丁目５番地の１,4250088,2020-12-22,,226843,
A122210000792,A1(幼稚園),22(静岡),2(公),1(本),掛川市立さかがわ幼稚園,静岡県掛川市伊達方４７４－１,4360005,2020-12-22,,226851,
A122210000809,A1(幼稚園),22(静岡),2(公),1(本),掛川市立三笠幼稚園,静岡県掛川市上西郷４１１６,4360342,2020-12-22,,226860,
A122210000818,A1(幼稚園),22(静岡),2(公),9(廃),富士市立富士川第一幼稚園,静岡県富士市岩淵１０７,4213305,2020-12-22,2025-05-01,226890,
A122210000827,A1(幼稚園),22(静岡),2(公),1(本),焼津市立静浜幼稚園,静岡県焼津市宗高８８,4210205,2020-12-22,,226940,
A122210000836,A1(幼稚園),22(静岡),2(公),1(本),焼津市立大井川西幼稚園,静岡県焼津市下江留２３００－１,4210218,2020-12-22,,226941,
A122210000845,A1(幼稚園),22(静岡),2(公),1(本),焼津市立大井川南幼稚園,静岡県焼津市吉永３３４－２,4210211,2020-12-22,,226942,
A122210000854,A1(幼稚園),22(静岡),2(公),2(分),焼津市立静浜幼稚園下藤分園,静岡県焼津市下小杉１３６１,4210202,2020-12-22,,226943,
A122210000863,A1(幼稚園),22(静岡),2(公),9(廃),御前崎市立白羽幼稚園,静岡県御前崎市白羽３５２０－４６,4371622,2020-12-22,2024-05-01,226951,
A122210000872,A1(幼稚園),22(静岡),2(公),9(廃),牧之原市立地頭方幼稚園,静岡県牧之原市地頭方２８１,4210532,2020-12-22,2024-05-01,226961,A222210000899
A122210000881,A1(幼稚園),22(静岡),2(公),9(廃),掛川市立土方幼稚園,静岡県掛川市上土方３２０番地の１,4371433,2020-12-22,2023-05-01,226980,A222310002154
A122210000890,A1(幼稚園),22(静岡),2(公),9(廃),掛川市立佐束幼稚園,静岡県掛川市小貫７７,4371407,2020-12-22,2023-05-01,226981,A222310002154
A122210000907,A1(幼稚園),22(静岡),2(公),9(廃),掛川市立中幼稚園,静岡県掛川市上土方３２０ー１,4371433,2020-12-22,2023-05-01,226982,A222310002154
A122210000916,A1(幼稚園),22(静岡),2(公),9(廃),掛川市立大渕幼稚園,静岡県掛川市大渕５９３５－６,4371302,2020-12-22,2022-05-01,226990,A222310002001
A122210000925,A1(幼稚園),22(静岡),2(公),9(廃),掛川市立横須賀幼稚園,静岡県掛川市西大渕１０１０,4371304,2020-12-22,2021-05-27,226991,A222310001949
A122210000934,A1(幼稚園),22(静岡),2(公),1(本),御前崎市立北こども園,静岡県御前崎市上朝比奈２６９２－１２,4371601,2020-12-22,,227012,
A122210000943,A1(幼稚園),22(静岡),2(公),1(本),御前崎市立はまおか幼稚園,静岡県御前崎市池新田５８１４,4371612,2020-12-22,,227014,
A122210000952,A1(幼稚園),22(静岡),2(公),9(廃),御前崎市立高松幼稚園,静岡県御前崎市門屋２０７０－１０３,4371615,2020-12-22,2024-05-01,227015,A122210000943
A122210000961,A1(幼稚園),22(静岡),2(公),9(廃),菊川市立小笠北幼稚園,静岡県菊川市嶺田８５,4371522,2020-12-22,2025-05-01,227032,
A122210000970,A1(幼稚園),22(静岡),2(公),1(本),浜松市立南の星幼稚園,静岡県浜松市中央区西島町１１４８－１,4300837,2020-12-22,,227100,
A122210000989,A1(幼稚園),22(静岡),2(公),1(本),浜松市立和田幼稚園,静岡県浜松市中央区薬師町２９１,4350017,2020-12-22,,227101,
A122210000998,A1(幼稚園),22(静岡),2(公),1(本),浜松市立与進幼稚園,静岡県浜松市中央区市野町２４０４－１,4350051,2020-12-22,,227102,
A122210001005,A1(幼稚園),22(静岡),2(公),1(本),浜松市立豊西幼稚園,静岡県浜松市中央区豊西町１５５１,4313102,2020-12-22,,227103,
A122210001014,A1(幼稚園),22(静岡),2(公),1(本),浜松市立笠井幼稚園,静岡県浜松市中央区笠井町４７８－１,4313107,2020-12-22,,227104,
A122210001023,A1(幼稚園),22(静岡),2(公),1(本),浜松市立中ノ町幼稚園,静岡県浜松市中央区中野町４２７－１,4350004,2020-12-22,,227105,
A122210001032,A1(幼稚園),22(静岡),2(公),1(本),浜松市立芳川幼稚園,静岡県浜松市中央区芳川町１９０,4300813,2020-12-22,,227106,
A122210001041,A1(幼稚園),22(静岡),2(公),1(本),浜松市立花川幼稚園,静岡県浜松市中央区花川町１９０８－１,4338109,2020-12-22,,227107,
A122210001050,A1(幼稚園),22(静岡),2(公),1(本),浜松市立三方原幼稚園,静岡県浜松市中央区三方原町２８４－７,4338105,2020-12-22,,227108,
A122210001069,A1(幼稚園),22(静岡),2(公),1(本),浜松市立豊岡幼稚園,静岡県浜松市中央区豊岡町２２,4338103,2020-12-22,,227109,
A122210001078,A1(幼稚園),22(静岡),2(公),1(本),浜松市立初生幼稚園,静岡県浜松市中央区初生町９９１,4338112,2020-12-22,,227110,
A122210001087,A1(幼稚園),22(静岡),2(公),1(本),浜松市立白脇幼稚園,静岡県浜松市中央区寺脇町２３０,4300841,2020-12-22,,227111,
A122210001096,A1(幼稚園),22(静岡),2(公),1(本),浜松市立飯田幼稚園,静岡県浜松市中央区飯田町１０１４,4350028,2020-12-22,,227112,
A122210001103,A1(幼稚園),22(静岡),2(公),1(本),浜松市立有玉幼稚園,静岡県浜松市中央区有玉南町５８５,4313122,2020-12-22,,227115,
A122210001112,A1(幼稚園),22(静岡),2(公),1(本),浜松市立万斛幼稚園,静岡県浜松市中央区中郡町８９５,4313111,2020-12-22,,227116,
A122210001121,A1(幼稚園),22(静岡),2(公),1(本),浜松市立橋爪幼稚園,静岡県浜松市中央区西ケ崎町１０６７,4313115,2020-12-22,,227117,
A122210001130,A1(幼稚園),22(静岡),2(公),9(廃),浜松市立和地幼稚園,静岡県浜松市中央区和地町１８３３－２,4311115,2020-12-22,2026-05-01,227121,
A122210001149,A1(幼稚園),22(静岡),2(公),1(本),浜松市立北庄内幼稚園,静岡県浜松市中央区舘山寺町１１０－６,4311209,2020-12-22,,227125,
A122210001158,A1(幼稚園),22(静岡),2(公),1(本),浜松市立村櫛幼稚園,静岡県浜松市中央区村櫛町３１９５,4311207,2020-12-22,,227126,
A122210001167,A1(幼稚園),22(静岡),2(公),1(本),浜松市立伊佐見幼稚園,静岡県浜松市中央区伊左地町５,4311111,2020-12-22,,227127,
A122210001176,A1(幼稚園),22(静岡),2(公),1(本),浜松市立神久呂幼稚園,静岡県浜松市中央区神ケ谷町７８８８,4328005,2020-12-22,,227128,
A122210001185,A1(幼稚園),22(静岡),2(公),1(本),磐田北こども園,静岡県磐田市見付２３５３番地１,4380086,2020-12-22,,227141,
A122210001194,A1(幼稚園),22(静岡),2(公),1(本),磐田南こども園,静岡県磐田市千手堂１０７５,4380057,2020-12-22,,227142,
A122210001201,A1(幼稚園),22(静岡),2(公),1(本),磐田市立大藤こども園,静岡県磐田市大久保６４０－５,4380002,2020-12-22,,227143,
A122210001210,A1(幼稚園),22(静岡),2(公),1(本),磐田市立向笠幼稚園,静岡県磐田市向笠竹之内３９７－１３,4380013,2020-12-22,,227144,
A122210001229,A1(幼稚園),22(静岡),2(公),1(本),磐田市立長野幼稚園,静岡県磐田市小島３６２－２,4380056,2020-12-22,,227145,
A122210001238,A1(幼稚園),22(静岡),2(公),9(廃),磐田市立岩田こども園,静岡県磐田市匂坂中９８７,4380004,2020-12-22,2021-05-27,227146,A222310001921
A122210001247,A1(幼稚園),22(静岡),2(公),1(本),磐田市立田原幼稚園,静岡県磐田市三ケ野９３６－１,4380027,2020-12-22,,227147,
A122210001256,A1(幼稚園),22(静岡),2(公),9(廃),磐田市立東部幼稚園,静岡県磐田市東貝塚２０５－１,4380037,2020-12-22,2025-05-01,227151,
A122210001265,A1(幼稚園),22(静岡),2(公),1(本),袋井市立袋井東幼稚園,静岡県袋井市国本２２８８,4370012,2020-12-22,,227160,
A122210001274,A1(幼稚園),22(静岡),2(公),9(廃),袋井市立若草幼稚園,静岡県袋井市堀越７６６－１,4370065,2020-12-22,2021-05-27,227161,A222210000817
A122210001283,A1(幼稚園),22(静岡),2(公),1(本),袋井市立今井幼稚園,静岡県袋井市太田７２３－１,4370052,2020-12-22,,227162,
A122210001292,A1(幼稚園),22(静岡),2(公),1(本),袋井市立三川幼稚園,静岡県袋井市友永１１３－１,4370004,2020-12-22,,227163,
A122210001309,A1(幼稚園),22(静岡),2(公),1(本),袋井市立田原幼稚園,静岡県袋井市新池１９０－１,4370043,2020-12-22,,227165,
A122210001318,A1(幼稚園),22(静岡),2(公),9(廃),袋井市立山梨幼稚園,静岡県袋井市春岡１丁目８番地の７,4370122,2020-12-22,2022-05-01,227166,A222210000853
A122210001327,A1(幼稚園),22(静岡),2(公),1(本),袋井市立袋井西幼稚園,静岡県袋井市川井５６８－１,4370064,2020-12-22,,227168,
A122210001336,A1(幼稚園),22(静岡),2(公),9(廃),袋井市立高南幼稚園,静岡県袋井市小川町１９－１,4370036,2020-12-22,2022-05-01,227169,A222310002038
A122210001345,A1(幼稚園),22(静岡),2(公),9(廃),袋井市立若葉幼稚園,静岡県袋井市久能１３１０,4370061,2020-12-22,2022-05-01,227170,A222210000862
A122210001354,A1(幼稚園),22(静岡),2(公),1(本),浜松市立二俣幼稚園,静岡県浜松市天竜区二俣町二俣１５８－２,4313314,2020-12-22,,227180,
A122210001363,A1(幼稚園),22(静岡),2(公),1(本),浜松市立熊幼稚園,静岡県浜松市天竜区熊２１５３,4313641,2020-12-22,,227181,
A122210001372,A1(幼稚園),22(静岡),2(公),1(本),浜松市立光明幼稚園,静岡県浜松市天竜区山東２３１４,4313303,2020-12-22,,227182,
A122210001381,A1(幼稚園),22(静岡),2(公),9(廃),浜松市立竜川幼稚園,静岡県浜松市天竜区横山町５４７,4313764,2020-12-22,2025-05-01,227185,
A122210001390,A1(幼稚園),22(静岡),2(公),1(本),浜松市立上阿多古幼稚園,静岡県浜松市天竜区西藤平１２６６－１,4313532,2020-12-22,,227186,
A122210001407,A1(幼稚園),22(静岡),2(公),1(本),浜松市立下阿多古幼稚園,静岡県浜松市天竜区両島７６２,4313426,2020-12-22,,227188,
A122210001416,A1(幼稚園),22(静岡),2(公),1(本),浜松市立中瀬幼稚園,静岡県浜松市浜名区中瀬３５３１,4340012,2020-12-22,,227200,
A122210001425,A1(幼稚園),22(静岡),2(公),1(本),浜松市立赤佐幼稚園,静岡県浜松市浜名区於呂３５２４ー６８,4340015,2020-12-22,,227202,
A122210001434,A1(幼稚園),22(静岡),2(公),1(本),浜松市立北浜東幼稚園,静岡県浜松市浜名区善地１５４６,4340025,2020-12-22,,227203,
A122210001443,A1(幼稚園),22(静岡),2(公),1(本),浜松市立北浜南幼稚園,静岡県浜松市浜名区寺島２４３６－３,4340035,2020-12-22,,227204,
A122210001452,A1(幼稚園),22(静岡),2(公),1(本),浜松市立北浜中央幼稚園,静岡県浜松市浜名区西美薗１６２４－１,4340033,2020-12-22,,227205,
A122210001461,A1(幼稚園),22(静岡),2(公),1(本),浜松市立北浜北幼稚園,静岡県浜松市浜名区小林１５２２－２,4340031,2020-12-22,,227206,
A122210001470,A1(幼稚園),22(静岡),2(公),9(廃),浜松市立平口幼稚園,静岡県浜松市浜名区平口２５８３,4340041,2020-12-22,2025-05-01,227208,
A122210001489,A1(幼稚園),22(静岡),2(公),1(本),浜松市立小松幼稚園,静岡県浜松市浜名区小松２４００,4340042,2020-12-22,,227209,
A122210001498,A1(幼稚園),22(静岡),2(公),1(本),浜松市立新原幼稚園,静岡県浜松市浜名区新原２３１５,4340003,2020-12-22,,227210,
A122210001504,A1(幼稚園),22(静岡),2(公),1(本),浜松市立宮口幼稚園,静岡県浜松市浜名区宮口１５２６－１,4340004,2020-12-22,,227211,
A122210001513,A1(幼稚園),22(静岡),2(公),1(本),浜松市立赤佐西幼稚園,静岡県浜松市浜名区於呂２２３５,4340015,2020-12-22,,227213,
A122210001522,A1(幼稚園),22(静岡),2(公),1(本),浜松市立上島幼稚園,静岡県浜松市浜名区上島２１７,4340011,2020-12-22,,227214,
A122210001531,A1(幼稚園),22(静岡),2(公),1(本),浜松市立内野幼稚園,静岡県浜松市浜名区内野１６４８－１,4340044,2020-12-22,,227220,
A122210001540,A1(幼稚園),22(静岡),2(公),1(本),森町立飯田幼稚園,静岡県周智郡森町飯田４０５８－１,4370222,2020-12-22,,227230,
A122210001559,A1(幼稚園),22(静岡),2(公),1(本),森町立園田幼稚園,静岡県周智郡森町谷中５１３－６,4370225,2020-12-22,,227231,
A122210001568,A1(幼稚園),22(静岡),2(公),1(本),森町立一宮幼稚園,静岡県周智郡森町一宮１８４５－２,4370226,2020-12-22,,227232,
A122210001577,A1(幼稚園),22(静岡),2(公),1(本),森町立森幼稚園,静岡県周智郡森町森２３２０,4370215,2020-12-22,,227233,
A122210001586,A1(幼稚園),22(静岡),2(公),9(廃),森町立三倉幼稚園,静岡県周智郡森町三倉７４０,4370208,2020-12-22,2024-05-01,227234,
A122210001595,A1(幼稚園),22(静岡),2(公),9(廃),森町立天方幼稚園,静岡県周智郡森町大鳥居７３,4370205,2020-12-22,2026-05-01,227235,
A122210001602,A1(幼稚園),22(静岡),2(公),1(本),浜松市立犬居幼稚園,静岡県浜松市天竜区春野町堀之内９８９－１,4370625,2020-12-22,,227240,
A122210001611,A1(幼稚園),22(静岡),2(公),1(本),浜松市立気田幼稚園,静岡県浜松市天竜区春野町気田６２４,4370605,2020-12-22,,227242,
A122210001620,A1(幼稚園),22(静岡),2(公),1(本),袋井市立浅羽南幼稚園,静岡県袋井市松原１７９３,4371117,2020-12-22,,227250,
A122210001639,A1(幼稚園),22(静岡),2(公),1(本),袋井市立浅羽西幼稚園,静岡県袋井市長溝８７３－１,4371126,2020-12-22,,227251,
A122210001648,A1(幼稚園),22(静岡),2(公),9(廃),袋井市立浅羽東幼稚園,静岡県袋井市浅羽２６１７－１,4371101,2020-12-22,2021-05-27,227252,A222210000826
A122210001657,A1(幼稚園),22(静岡),2(公),1(本),袋井市立浅羽北幼稚園,静岡県袋井市浅名４１,4371102,2020-12-22,,227253,
A122210001666,A1(幼稚園),22(静岡),2(公),1(本),磐田市立竜洋幼稚園,静岡県磐田市豊岡６６０５－６０,4380231,2020-12-22,,227270,
A122210001675,A1(幼稚園),22(静岡),2(公),1(本),磐田市立豊岡こども園,静岡県磐田市新開５４１,4380113,2020-12-22,,227280,
A122210001684,A1(幼稚園),22(静岡),2(公),1(本),磐田市立豊岡南幼稚園,静岡県磐田市上神増１４１０,4380115,2020-12-22,,227281,
A122210001693,A1(幼稚園),22(静岡),2(公),1(本),浜松市立佐久間幼稚園,静岡県浜松市天竜区佐久間町半場４７,4313905,2020-12-22,,227322,
A122210001700,A1(幼稚園),22(静岡),2(公),9(廃),浜松市立浦川幼稚園,静岡県浜松市天竜区佐久間町浦川２７９９,4313906,2020-12-22,2025-05-01,227323,
A122210001719,A1(幼稚園),22(静岡),2(公),1(本),浜松市立可美幼稚園,静岡県浜松市中央区増楽町１１９９,4328062,2020-12-22,,227350,
A122210001728,A1(幼稚園),22(静岡),2(公),9(廃),浜松市立舞阪幼稚園,静岡県浜松市中央区舞阪町舞阪２６６８－３３,4310211,2020-12-22,2026-05-01,227360,
A122210001737,A1(幼稚園),22(静岡),2(公),1(本),湖西市立鷲津幼稚園,静岡県湖西市鷲津６５０番地,4310431,2020-12-22,,227380,
A122210001746,A1(幼稚園),22(静岡),2(公),9(廃),湖西市立白須賀幼稚園,静岡県湖西市白須賀４８０４番地の１,4310451,2020-12-22,2024-05-01,227381,
A122210001755,A1(幼稚園),22(静岡),2(公),9(廃),湖西市立新所幼稚園,静岡県湖西市新所２８２０番地,4310421,2020-12-22,2023-05-01,227382,
A122210001764,A1(幼稚園),22(静岡),2(公),9(廃),湖西市立岡崎幼稚園,静岡県湖西市岡崎２５８６番地の３７,4310422,2020-12-22,2021-05-27,227383,A222210000835
A122210001773,A1(幼稚園),22(静岡),2(公),1(本),湖西市立知波田幼稚園,静岡県湖西市大知波５０３番地,4310403,2020-12-22,,227384,
A122210001782,A1(幼稚園),22(静岡),2(公),1(本),浜松市立雄踏幼稚園,静岡県浜松市中央区雄踏町宇布見７４０６,4310102,2020-12-22,,227390,
A122210001791,A1(幼稚園),22(静岡),2(公),1(本),浜松市立西気賀幼稚園,静岡県浜松市浜名区細江町気賀１００５２－４,4311305,2020-12-22,,227400,
A122210001808,A1(幼稚園),22(静岡),2(公),1(本),浜松市立伊目幼稚園,静岡県浜松市浜名区細江町気賀３２０７－１,4311305,2020-12-22,,227401,
A122210001817,A1(幼稚園),22(静岡),2(公),1(本),浜松市立中川幼稚園,静岡県浜松市浜名区細江町中川２４１８－２,4311304,2020-12-22,,227402,
A122210001826,A1(幼稚園),22(静岡),2(公),1(本),浜松市立中央幼稚園,静岡県浜松市浜名区細江町気賀３０４,4311305,2020-12-22,,227403,
A122210001835,A1(幼稚園),22(静岡),2(公),1(本),浜松市立高台幼稚園,静岡県浜松市浜名区細江町中川７１７２－７０１,4311304,2020-12-22,,227404,
A122210001844,A1(幼稚園),22(静岡),2(公),1(本),浜松市立引佐幼稚園,静岡県浜松市浜名区神宮寺町８番４８号,4312216,2020-12-22,,227420,
A122210001853,A1(幼稚園),22(静岡),2(公),1(本),浜松市立奥山幼稚園,静岡県浜松市浜名区引佐町奥山１１１０－１,4312224,2020-12-22,,227427,
A122210001862,A1(幼稚園),22(静岡),2(公),1(本),浜松市立伊平幼稚園,静岡県浜松市浜名区引佐町伊平７７８－１,4312205,2020-12-22,,227428,
A122210001871,A1(幼稚園),22(静岡),2(公),1(本),浜松市立引佐北部みさと幼稚園,静岡県浜松市浜名区引佐町田沢４３２－１,4312536,2020-12-22,,227430,
A122210001880,A1(幼稚園),22(静岡),2(公),1(本),浜松市立金指幼稚園,静岡県浜松市浜名区引佐町金指８６２－３,4312213,2020-12-22,,227433,
A122210001899,A1(幼稚園),22(静岡),2(公),1(本),浜松市立尾奈幼稚園,静岡県浜松市浜名区三ヶ日町下尾奈１４６１－１,4311424,2020-12-22,,227440,
A122210001906,A1(幼稚園),22(静岡),2(公),1(本),浜松市立大崎幼稚園,静岡県浜松市浜名区三ヶ日町大崎１６６５－２０,4311403,2020-12-22,,227443,
A122210001915,A1(幼稚園),22(静岡),2(公),1(本),浜松市立平山幼稚園,静岡県浜松市浜名区三ヶ日町平山２２３－１,4311417,2020-12-22,,227446,
A122210001924,A1(幼稚園),22(静岡),2(公),9(廃),磐田市立豊田北部幼稚園,静岡県磐田市加茂１０２７－２,4380804,2020-12-22,2026-05-01,227450,
A122210001933,A1(幼稚園),22(静岡),2(公),1(本),磐田市立豊田南こども園,静岡県磐田市森下２８０,4380834,2020-12-22,,227451,
A122210001942,A1(幼稚園),22(静岡),2(公),1(本),磐田市立青城こども園,静岡県磐田市中田６１０,4380815,2020-12-22,,227452,
A122210001951,A1(幼稚園),22(静岡),2(公),1(本),磐田市立豊田東幼稚園,静岡県磐田市高見丘６５,4380801,2020-12-22,,227453,
A122210001960,A1(幼稚園),22(静岡),2(公),1(本),磐田市立磐田なかよしこども園,静岡県磐田市中泉２５２２－２,4380078,2020-12-22,,227454,
A122210001979,A1(幼稚園),22(静岡),2(公),1(本),東伊豆町立ひがしいず幼稚園,静岡県賀茂郡東伊豆町奈良本７４５－１４５,4130302,2023-05-01,,,
A122310000013,A1(幼稚園),22(静岡),3(私),1(本),双葉幼稚園,静岡県沼津市下香貫字柿原２８４３－１,4100822,2020-12-22,,227500,
A122310000022,A1(幼稚園),22(静岡),3(私),9(廃),天使幼稚園,静岡県沼津市松長２６３－２,4100874,2020-12-22,2023-05-01,227502,
A122310000031,A1(幼稚園),22(静岡),3(私),1(本),沼津聖マリア幼稚園,静岡県沼津市本郷町１８－３１,4100817,2020-12-22,,227504,
A122310000040,A1(幼稚園),22(静岡),3(私),1(本),ルンビニ幼稚園,静岡県沼津市千本緑町２－７,4100855,2020-12-22,,227505,
A122310000059,A1(幼稚園),22(静岡),3(私),1(本),四恩幼稚園,静岡県沼津市三芳町３－１４,4100038,2020-12-22,,227508,
A122310000068,A1(幼稚園),22(静岡),3(私),1(本),象山幼稚園,静岡県沼津市志下北通り７２－１,4100106,2020-12-22,,227511,
A122310000077,A1(幼稚園),22(静岡),3(私),1(本),耕雲寺幼稚園,静岡県沼津市大岡１０９２,4100022,2020-12-22,,227512,
A122310000086,A1(幼稚園),22(静岡),3(私),1(本),認定こども園あしたか幼稚園,静岡県沼津市西椎路６１０－２,4100303,2020-12-22,,227514,
A122310000095,A1(幼稚園),22(静岡),3(私),9(廃),沼津学園第一幼稚園,静岡県沼津市寿町１６―４０,4100053,2020-12-22,2022-05-01,227515,A222310002083
A122310000102,A1(幼稚園),22(静岡),3(私),1(本),加藤学園幼稚園,静岡県沼津市大岡自由ヶ丘１９７９,4100022,2020-12-22,,227516,
A122310000111,A1(幼稚園),22(静岡),3(私),9(廃),春の木幼稚園,静岡県沼津市東椎路１５４７の１番地,4100302,2020-12-22,2021-05-27,227517,A222310001896
A122310000120,A1(幼稚園),22(静岡),3(私),1(本),沼津学園第二幼稚園,静岡県沼津市大岡字川窪３２２７－１,4100022,2020-12-22,,227518,
A122310000139,A1(幼稚園),22(静岡),3(私),1(本),熱海幼稚園,静岡県熱海市上宿町７番２８号,4130018,2020-12-22,,227530,
A122310000148,A1(幼稚園),22(静岡),3(私),1(本),よつば幼稚園,静岡県三島市大宮町３－２－８,4110035,2020-12-22,,227540,
A122310000157,A1(幼稚園),22(静岡),3(私),1(本),星園幼稚園,静岡県三島市緑町６－１４,4110848,2020-12-22,,227541,
A122310000166,A1(幼稚園),22(静岡),3(私),1(本),桜ケ丘幼稚園,静岡県三島市谷田５２４－１,4110801,2020-12-22,,227543,
A122310000175,A1(幼稚園),22(静岡),3(私),1(本),富士宮東幼稚園,静岡県富士宮市矢立町７８７,4180072,2020-12-22,,227551,
A122310000184,A1(幼稚園),22(静岡),3(私),1(本),富士宮北幼稚園,静岡県富士宮市光町１４－４,4180054,2020-12-22,,227552,
A122310000193,A1(幼稚園),22(静岡),3(私),1(本),にしふじのみや幼稚園,静岡県富士宮市淀川町３－２,4180041,2020-12-22,,227553,
A122310000200,A1(幼稚園),22(静岡),3(私),1(本),西ケ丘幼稚園,静岡県富士宮市西町２７－６,4180056,2020-12-22,,227554,
A122310000219,A1(幼稚園),22(静岡),3(私),1(本),上野幼稚園,静岡県富士宮市下条１７４７,4180114,2020-12-22,,227555,
A122310000228,A1(幼稚園),22(静岡),3(私),1(本),富士宮聖母幼稚園,静岡県富士宮市錦町２－３４,4180076,2020-12-22,,227556,
A122310000237,A1(幼稚園),22(静岡),3(私),1(本),学校法人吉田学園万野幼稚園,静岡県富士宮市万野原新田２９９２－４,4180001,2020-12-22,,227557,
A122310000246,A1(幼稚園),22(静岡),3(私),1(本),学校法人とくのう学園黒田幼稚園,静岡県富士宮市源道寺町６３２,4180074,2020-12-22,,227558,
A122310000255,A1(幼稚園),22(静岡),3(私),1(本),学校法人長橋学園杉田幼稚園,静岡県富士宮市杉田５１７－１,4180021,2020-12-22,,227559,
A122310000264,A1(幼稚園),22(静岡),3(私),1(本),野間自由幼稚園,静岡県伊東市竹の内１丁目３番５７号,4140027,2020-12-22,,227570,
A122310000273,A1(幼稚園),22(静岡),3(私),9(廃),伊東聖母幼稚園,静岡県伊東市桜木町１丁目７番２号,4140013,2020-12-22,2024-05-01,227572,
A122310000282,A1(幼稚園),22(静岡),3(私),1(本),吉原聖母幼稚園,静岡県富士市南町１番３０号,4170026,2020-12-22,,227580,
A122310000291,A1(幼稚園),22(静岡),3(私),1(本),認定こども園鈴川幼稚園,静岡県富士市鈴川東町１６－１７,4170012,2020-12-22,,227581,
A122310000308,A1(幼稚園),22(静岡),3(私),1(本),いまいづみ幼稚園,静岡県富士市今泉５－８－２,4170001,2020-12-22,,227583,
A122310000317,A1(幼稚園),22(静岡),3(私),1(本),神戸幼稚園,静岡県富士市富士見台１－６－８,4170851,2020-12-22,,227587,
A122310000326,A1(幼稚園),22(静岡),3(私),1(本),するが幼稚園,静岡県富士市中島１２２,4160907,2020-12-22,,227592,
A122310000335,A1(幼稚園),22(静岡),3(私),9(廃),富士リズム幼稚園,静岡県富士市伝法１７４０－１,4170061,2020-12-22,2025-05-01,227594,
A122310000344,A1(幼稚園),22(静岡),3(私),1(本),ゆきよし幼稚園,静岡県富士市宮島２５１番地の５,4160945,2020-12-22,,227595,
A122310000353,A1(幼稚園),22(静岡),3(私),1(本),藤田幼稚園,静岡県富士市大渕２９６４－１,4170801,2020-12-22,,227596,
A122310000362,A1(幼稚園),22(静岡),3(私),1(本),富士中央幼稚園,静岡県富士市蓼原１１３番地の１５,4160931,2020-12-22,,227598,
A122310000371,A1(幼稚園),22(静岡),3(私),1(本),富士光明幼稚園,静岡県富士市厚原３８８－８,4190201,2020-12-22,,227599,
A122310000380,A1(幼稚園),22(静岡),3(私),1(本),御殿場聖マリア幼稚園,静岡県御殿場市新橋１５９１,4120043,2020-12-22,,227600,
A122310000399,A1(幼稚園),22(静岡),3(私),1(本),みなみ幼稚園,静岡県御殿場市萩原追分１１９３－１３,4120042,2020-12-22,,227601,
A122310000406,A1(幼稚園),22(静岡),3(私),1(本),エンゼル幼稚園,静岡県駿東郡長泉町下長窪尾尻８０－６,4110934,2020-12-22,,227630,
A122310000415,A1(幼稚園),22(静岡),3(私),1(本),原町幼稚園,静岡県沼津市原１９９－１,4100312,2020-12-22,,227640,
A122310000424,A1(幼稚園),22(静岡),3(私),1(本),光長寺幼稚園,静岡県沼津市岡宮字寺内１０５２－５,4100011,2020-12-22,,227641,
A122310000433,A1(幼稚園),22(静岡),3(私),1(本),沼津あすなろ幼稚園,静岡県沼津市西沢田２４４－２,4100007,2020-12-22,,227645,
A122310000442,A1(幼稚園),22(静岡),3(私),1(本),第二耕雲寺幼稚園,静岡県沼津市大岡２２４２－１４,4100022,2020-12-22,,227646,
A122310000451,A1(幼稚園),22(静岡),3(私),1(本),沼津梅花幼稚園,静岡県沼津市本郷町２３－９,4100817,2020-12-22,,227647,
A122310000460,A1(幼稚園),22(静岡),3(私),1(本),裾野聖母幼稚園,静岡県裾野市岩波下ノ田５３－１２,4101101,2020-12-22,,227660,
A122310000479,A1(幼稚園),22(静岡),3(私),1(本),裾野ひかり幼稚園,静岡県裾野市佐野１７１,4101118,2020-12-22,,227661,
A122310000488,A1(幼稚園),22(静岡),3(私),1(本),千福が丘ひかり幼稚園,静岡県裾野市千福が丘１－１０－１７,4101115,2020-12-22,,227662,
A122310000497,A1(幼稚園),22(静岡),3(私),1(本),静岡聖光幼稚園,静岡県静岡市駿河区馬渕３－１５－２６,4228063,2020-12-22,,227700,
A122310000503,A1(幼稚園),22(静岡),3(私),9(廃),横内幼稚園,静岡県静岡市葵区横内町１０３－１,4200832,2020-12-22,2021-05-27,227701,A222310001841
A122310000512,A1(幼稚園),22(静岡),3(私),1(本),静岡田町幼稚園,静岡県静岡市葵区田町４－６７－３,4200068,2020-12-22,,227705,
A122310000521,A1(幼稚園),22(静岡),3(私),1(本),南八幡幼稚園,静岡県静岡市駿河区南八幡町３番６号,4228074,2020-12-22,,227706,
A122310000530,A1(幼稚園),22(静岡),3(私),1(本),てるみ幼稚園,静岡県静岡市葵区大岩町１２－３７,4200885,2020-12-22,,227710,
A122310000549,A1(幼稚園),22(静岡),3(私),1(本),こまどり幼稚園,静岡県静岡市葵区駒形通４－１３－２０,4200042,2020-12-22,,227711,
A122310000558,A1(幼稚園),22(静岡),3(私),1(本),かえで幼稚園,静岡県静岡市葵区井宮町２０７,4200001,2020-12-22,,227712,
A122310000567,A1(幼稚園),22(静岡),3(私),1(本),静岡聖母幼稚園,静岡県静岡市葵区城内町１－２,4200854,2020-12-22,,227713,
A122310000576,A1(幼稚園),22(静岡),3(私),1(本),桜花幼稚園,静岡県静岡市葵区馬場町７７,4200867,2020-12-22,,227714,
A122310000585,A1(幼稚園),22(静岡),3(私),1(本),丸子幼稚園,静岡県静岡市駿河区丸子６－７－３,4210103,2020-12-22,,227717,
A122310000594,A1(幼稚園),22(静岡),3(私),1(本),八幡聖母幼稚園,静岡県静岡市駿河区八幡４－１０－１４,4228076,2020-12-22,,227718,
A122310000601,A1(幼稚園),22(静岡),3(私),1(本),静岡豊田幼稚園,静岡県静岡市駿河区曲金２－５－２１,4228006,2020-12-22,,227721,
A122310000610,A1(幼稚園),22(静岡),3(私),1(本),リリー幼稚園,静岡県静岡市葵区昭府２－１８－２０,4200871,2020-12-22,,227722,
A122310000629,A1(幼稚園),22(静岡),3(私),1(本),かわはらいづみ幼稚園,静岡県静岡市駿河区みずほ１－１２－１５,4210115,2020-12-22,,227723,
A122310000638,A1(幼稚園),22(静岡),3(私),1(本),麻機幼稚園,静岡県静岡市葵区南２－８－４１,4200956,2020-12-22,,227729,
A122310000647,A1(幼稚園),22(静岡),3(私),1(本),静岡南幼稚園,静岡県静岡市駿河区中田本町３０番１号,4228043,2020-12-22,,227735,
A122310000656,A1(幼稚園),22(静岡),3(私),1(本),静岡精華幼稚園,静岡県静岡市葵区鷹匠３－１１－２４,4200839,2020-12-22,,227736,
A122310000665,A1(幼稚園),22(静岡),3(私),1(本),大里東幼稚園,静岡県静岡市駿河区高松２５２６－２,4228034,2020-12-22,,227741,
A122310000674,A1(幼稚園),22(静岡),3(私),1(本),第一ひかり幼稚園,静岡県静岡市葵区与一５－３－２５,4200949,2020-12-22,,227745,
A122310000683,A1(幼稚園),22(静岡),3(私),1(本),学校法人リズミー学園幼稚園,静岡県静岡市駿河区小鹿１０７１,4228021,2020-12-22,,227746,
A122310000692,A1(幼稚園),22(静岡),3(私),9(廃),梨花幼稚園,静岡県静岡市駿河区下川原２丁目３３番１５号,4210113,2020-12-22,2023-05-01,227749,A222310002172
A122310000709,A1(幼稚園),22(静岡),3(私),1(本),さくら幼稚園,静岡県静岡市清水区入江南町１５ー１９,4240832,2020-12-22,,227770,
A122310000718,A1(幼稚園),22(静岡),3(私),1(本),江尻幼稚園,静岡県静岡市清水区二の丸町２番７号,4240811,2020-12-22,,227773,
A122310000727,A1(幼稚園),22(静岡),3(私),1(本),日本平幼稚園,静岡県静岡市清水区村松３８３４,4240926,2020-12-22,,227778,
A122310000736,A1(幼稚園),22(静岡),3(私),9(廃),有度幼稚園,静岡県静岡市清水区草薙一里山１－１１,4240884,2020-12-22,2024-05-01,227783,A222310002305
A122310000745,A1(幼稚園),22(静岡),3(私),1(本),八坂幼稚園,静岡県静岡市清水区八坂東二丁目４－２８,4240024,2020-12-22,,227784,
A122310000754,A1(幼稚園),22(静岡),3(私),1(本),船原幼稚園,静岡県静岡市清水区船原１ー３４８ー１２,4240845,2020-12-22,,227785,
A122310000763,A1(幼稚園),22(静岡),3(私),1(本),静岡サレジオ幼稚園,静岡県静岡市清水区中之郷３－２－１,4248624,2020-12-22,,227787,
A122310000772,A1(幼稚園),22(静岡),3(私),1(本),島田南幼稚園,静岡県島田市横井４－２－１５,4270024,2020-12-22,,227822,
A122310000781,A1(幼稚園),22(静岡),3(私),9(廃),認定こども園伊久身幼稚園,静岡県島田市身成３３２－１,4270233,2020-12-22,2024-05-01,227824,
A122310000790,A1(幼稚園),22(静岡),3(私),1(本),島田北幼稚園,静岡県島田市野田１２５１－１,4270007,2020-12-22,,227825,
A122310000807,A1(幼稚園),22(静岡),3(私),1(本),六合幼稚園,静岡県島田市道悦２－２７－１１,4270019,2020-12-22,,227827,
A122310000816,A1(幼稚園),22(静岡),3(私),1(本),認定こども園五和幼稚園,静岡県島田市島５５０番地の６,4280007,2020-12-22,,227828,
A122310000825,A1(幼稚園),22(静岡),3(私),1(本),学校法人相愛学園焼津幼稚園,静岡県焼津市焼津５－４－２,4250026,2020-12-22,,227840,
A122310000834,A1(幼稚園),22(静岡),3(私),1(本),新屋幼稚園,静岡県焼津市本町１－１－１０,4250022,2020-12-22,,227841,
A122310000843,A1(幼稚園),22(静岡),3(私),1(本),西町幼稚園,静岡県焼津市大村１－１２,4250082,2020-12-22,,227842,
A122310000852,A1(幼稚園),22(静岡),3(私),1(本),小川幼稚園,静岡県焼津市東小川６丁目２１番４号,4250035,2020-12-22,,227843,
A122310000861,A1(幼稚園),22(静岡),3(私),1(本),みなと幼稚園,静岡県焼津市中港１－７－２３,4250021,2020-12-22,,227844,
A122310000870,A1(幼稚園),22(静岡),3(私),1(本),焼津豊田幼稚園,静岡県焼津市小土１０５９－１,4250086,2020-12-22,,227847,
A122310000889,A1(幼稚園),22(静岡),3(私),1(本),みやじま幼稚園,静岡県焼津市三ヶ名字宮嶋８０７番地の１,4250071,2020-12-22,,227848,
A122310000898,A1(幼稚園),22(静岡),3(私),1(本),焼津中央幼稚園,静岡県焼津市西小川１－２－１４,4250036,2020-12-22,,227849,
A122310000905,A1(幼稚園),22(静岡),3(私),1(本),まどか幼稚園,静岡県焼津市田尻北１２２３－２,4250051,2020-12-22,,227850,
A122310000914,A1(幼稚園),22(静岡),3(私),1(本),三和幼稚園,静岡県焼津市三和６１４－２,4250064,2020-12-22,,227851,
A122310000923,A1(幼稚園),22(静岡),3(私),1(本),すみれ台幼稚園,静岡県焼津市すみれ台１丁目２５－１,4250053,2020-12-22,,227852,
A122310000932,A1(幼稚園),22(静岡),3(私),9(廃),智光幼稚園,静岡県掛川市仁藤町５－５,4360075,2020-12-22,2021-05-27,227870,A222310001930
A122310000941,A1(幼稚園),22(静岡),3(私),1(本),くるみ幼稚園,静岡県掛川市中央２－１８－５,4360056,2020-12-22,,227871,
A122310000950,A1(幼稚園),22(静岡),3(私),9(廃),子育てセンターひだまり幼稚園部,静岡県掛川市杉谷南二丁目１番地の１,4360030,2020-12-22,2021-05-27,227875,A222310001958
A122310000969,A1(幼稚園),22(静岡),3(私),9(廃),子育てセンターさやのもり幼稚園部,静岡県掛川市長谷１６８７－２,4360047,2020-12-22,2021-05-27,227877,A222310001967
A122310000978,A1(幼稚園),22(静岡),3(私),1(本),掛川中央幼保園,静岡県掛川市和光２－１６－１,4360338,2020-12-22,,227878,
A122310000987,A1(幼稚園),22(静岡),3(私),1(本),藤枝東幼稚園,静岡県藤枝市若王子３－４－３４,4260014,2020-12-22,,227890,
A122310000996,A1(幼稚園),22(静岡),3(私),1(本),西益津幼稚園,静岡県藤枝市郡１００９,4260016,2020-12-22,,227892,
A122310001003,A1(幼稚園),22(静岡),3(私),1(本),藤枝聖母幼稚園,静岡県藤枝市茶町１－２－５１,4260023,2020-12-22,,227893,
A122310001012,A1(幼稚園),22(静岡),3(私),9(廃),高洲幼稚園,静岡県藤枝市高柳２丁目６番１号,4260041,2020-12-22,2024-05-01,227894,A222310002298
A122310001021,A1(幼稚園),22(静岡),3(私),1(本),藤枝西幼稚園,静岡県藤枝市茶町１－１－３３,4260023,2020-12-22,,227895,
A122310001030,A1(幼稚園),22(静岡),3(私),9(廃),葉梨幼稚園,静岡県藤枝市下之郷１７１３－６,4260203,2020-12-22,2021-05-27,227896,A222310001976
A122310001049,A1(幼稚園),22(静岡),3(私),1(本),認定こども園藤枝橘幼稚園,静岡県藤枝市北方１１３０－１３,4260212,2020-12-22,,227897,
A122310001058,A1(幼稚園),22(静岡),3(私),1(本),藤枝順心高等学校附属幼稚園,静岡県藤枝市前島２－３－２,4260067,2020-12-22,,227902,
A122310001067,A1(幼稚園),22(静岡),3(私),1(本),藤岡幼稚園,静岡県藤枝市藤岡２－７－１,4260006,2020-12-22,,227903,
A122310001076,A1(幼稚園),22(静岡),3(私),1(本),高洲南幼稚園,静岡県藤枝市高洲５４番地の４,4260046,2020-12-22,,227906,
A122310001085,A1(幼稚園),22(静岡),3(私),1(本),平島幼稚園,静岡県藤枝市平島６０２－９９,4260011,2020-12-22,,227907,
A122310001094,A1(幼稚園),22(静岡),3(私),1(本),藤枝音羽幼稚園,静岡県藤枝市音羽町３－１０－６,4260087,2020-12-22,,227909,
A122310001101,A1(幼稚園),22(静岡),3(私),1(本),東光幼稚園,静岡県静岡市清水区蒲原２丁目１３番３号,4213203,2020-12-22,,227941,
A122310001110,A1(幼稚園),22(静岡),3(私),1(本),蒲原梅花幼稚園,静岡県静岡市清水区蒲原新田２－１－１８,4213211,2020-12-22,,227942,
A122310001129,A1(幼稚園),22(静岡),3(私),1(本),蒲原聖母幼稚園,静岡県静岡市清水区蒲原神沢１３５－１,4213215,2020-12-22,,227944,
A122310001138,A1(幼稚園),22(静岡),3(私),1(本),学校法人静岡聖母学園岡部聖母幼稚園,静岡県藤枝市岡部町内谷１３２７－１,4211131,2020-12-22,,227980,
A122310001147,A1(幼稚園),22(静岡),3(私),9(廃),榛原ふたば幼稚園,静岡県牧之原市静波１６９８－６８,4210422,2020-12-22,2024-05-01,228011,
A122310001156,A1(幼稚園),22(静岡),3(私),1(本),ちどり幼稚園,静岡県榛原郡吉田町川尻１６７４－１,4210302,2020-12-22,,228020,
A122310001165,A1(幼稚園),22(静岡),3(私),1(本),ひばり幼稚園,静岡県榛原郡吉田町住吉４９００,4210301,2020-12-22,,228021,
A122310001174,A1(幼稚園),22(静岡),3(私),9(廃),金谷幼稚園,静岡県島田市金谷根岸町４７番地の１,4280018,2020-12-22,2026-05-01,228030,
A122310001183,A1(幼稚園),22(静岡),3(私),1(本),さゆり幼稚園,静岡県榛原郡川根本町徳山８４５,4280301,2020-12-22,,228050,
A122310001192,A1(幼稚園),22(静岡),3(私),1(本),美土代幼稚園,静岡県御前崎市佐倉３３７６－３６,4371604,2020-12-22,,228070,
A122310001209,A1(幼稚園),22(静岡),3(私),1(本),認定こども園堀之内幼稚園,静岡県菊川市堀之内６９,4390006,2020-12-22,,228081,
A122310001218,A1(幼稚園),22(静岡),3(私),9(廃),浜松中央幼稚園,静岡県浜松市中区尾張町１２７－７,4300949,2020-12-22,2021-05-27,228100,A222310001869
A122310001227,A1(幼稚園),22(静岡),3(私),1(本),萩丘幼稚園,静岡県浜松市中央区泉２－３－１０,4338124,2020-12-22,,228104,
A122310001236,A1(幼稚園),22(静岡),3(私),1(本),鴨江幼稚園,静岡県浜松市中央区鴨江町９７－３,4328024,2020-12-22,,228105,
A122310001245,A1(幼稚園),22(静岡),3(私),1(本),成子幼稚園,静岡県浜松市中央区成子町１３,4328035,2020-12-22,,228106,
A122310001254,A1(幼稚園),22(静岡),3(私),9(廃),赤門幼稚園,静岡県浜松市南区新橋町９２３－１,4328058,2020-12-22,2022-05-01,228108,A222310002092
A122310001263,A1(幼稚園),22(静岡),3(私),1(本),富塚幼稚園,静岡県浜松市中央区富塚町６５９,4328002,2020-12-22,,228109,
A122310001272,A1(幼稚園),22(静岡),3(私),1(本),佐藤幼稚園,静岡県浜松市中央区佐藤３－１５－１８,4300807,2020-12-22,,228110,
A122310001281,A1(幼稚園),22(静岡),3(私),1(本),ひくま幼稚園,静岡県浜松市中央区助信町３５－３０,4300903,2020-12-22,,228111,
A122310001290,A1(幼稚園),22(静岡),3(私),1(本),普済寺幼稚園,静岡県浜松市中央区広沢１－２－１,4328013,2020-12-22,,228113,
A122310001307,A1(幼稚園),22(静岡),3(私),1(本),蜆塚幼稚園,静岡県浜松市中央区蜆塚１－２０－２,4328018,2020-12-22,,228114,
A122310001316,A1(幼稚園),22(静岡),3(私),1(本),あけぼの幼稚園,静岡県浜松市中央区城北２－５－２８,4328011,2020-12-22,,228115,
A122310001325,A1(幼稚園),22(静岡),3(私),9(廃),河輪幼稚園,静岡県浜松市中央区東町２３８－１,4300822,2020-12-22,2025-05-01,228116,
A122310001334,A1(幼稚園),22(静岡),3(私),1(本),上島幼稚園,静岡県浜松市中央区上島１－２２－５,4338122,2020-12-22,,228117,
A122310001343,A1(幼稚園),22(静岡),3(私),9(廃),昭和幼稚園,静岡県浜松市中区向宿１－８－１５,4300851,2020-12-22,2023-05-01,228118,
A122310001352,A1(幼稚園),22(静岡),3(私),1(本),早出幼稚園,静岡県浜松市中央区早出町１４１４－１,4350054,2020-12-22,,228119,
A122310001361,A1(幼稚園),22(静岡),3(私),1(本),蒲幼稚園,静岡県浜松市中央区神立町４８０,4300801,2020-12-22,,228120,
A122310001370,A1(幼稚園),22(静岡),3(私),1(本),駅南幼稚園,静岡県浜松市中央区寺島町４７８,4300925,2020-12-22,,228121,
A122310001389,A1(幼稚園),22(静岡),3(私),1(本),朝田幼稚園,静岡県浜松市中央区法枝町１１６－１,4328053,2020-12-22,,228122,
A122310001398,A1(幼稚園),22(静岡),3(私),1(本),城北幼稚園,静岡県浜松市中央区文丘町２７－３,4328004,2020-12-22,,228123,
A122310001405,A1(幼稚園),22(静岡),3(私),1(本),中田島幼稚園,静岡県浜松市中央区中田島町１６１２,4300845,2020-12-22,,228124,
A122310001414,A1(幼稚園),22(静岡),3(私),1(本),日本文教幼稚園,静岡県浜松市中央区常盤町１４１－２０,4300917,2020-12-22,,228126,
A122310001423,A1(幼稚園),22(静岡),3(私),1(本),青葉幼稚園,静岡県浜松市中央区栄町１１８,4328025,2020-12-22,,228127,
A122310001432,A1(幼稚園),22(静岡),3(私),1(本),浜松葵幼稚園,静岡県浜松市中央区幸４－２７－１,4338123,2020-12-22,,228128,
A122310001441,A1(幼稚園),22(静岡),3(私),1(本),浜松学院大学付属幼稚園,静岡県浜松市中央区住吉１－２２－５,4300906,2020-12-22,,228129,
A122310001450,A1(幼稚園),22(静岡),3(私),1(本),緑ヶ丘幼稚園,静岡県浜松市中央区東伊場１－２４－６,4328036,2020-12-22,,228130,
A122310001469,A1(幼稚園),22(静岡),3(私),1(本),松城幼稚園,静岡県浜松市中央区鹿谷町１－１,4328014,2020-12-22,,228131,
A122310001478,A1(幼稚園),22(静岡),3(私),1(本),さなる幼稚園,静岡県浜松市中央区大平台４－９－１,4328068,2020-12-22,,228134,
A122310001487,A1(幼稚園),22(静岡),3(私),9(廃),花園幼稚園,静岡県浜松市西区篠原町９３７６,4310201,2020-12-22,2023-05-01,228135,A222310002136
A122310001496,A1(幼稚園),22(静岡),3(私),1(本),志都呂幼稚園,静岡県浜松市中央区志都呂町１３０２,4328066,2020-12-22,,228140,
A122310001502,A1(幼稚園),22(静岡),3(私),1(本),あすなろ幼稚園,静岡県浜松市中央区遠州浜１－１０－２,4300835,2020-12-22,,228141,
A122310001511,A1(幼稚園),22(静岡),3(私),1(本),浜松海の星幼稚園,静岡県浜松市中央区蜆塚３－１４－３,4328018,2020-12-22,,228143,
A122310001520,A1(幼稚園),22(静岡),3(私),1(本),海の星鷺の宮幼稚園,静岡県浜松市中央区大瀬町２７－３２,4313113,2020-12-22,,228144,
A122310001539,A1(幼稚園),22(静岡),3(私),1(本),湖東幼稚園,静岡県浜松市中央区湖東町１１６９－１７９,4311103,2020-12-22,,228146,
A122310001548,A1(幼稚園),22(静岡),3(私),1(本),追分幼稚園,静岡県浜松市中央区葵東２－１０－２３,4338114,2020-12-22,,228147,
A122310001557,A1(幼稚園),22(静岡),3(私),1(本),篠ケ瀬幼稚園,静岡県浜松市中央区篠ケ瀬町２８６,4350042,2020-12-22,,228148,
A122310001566,A1(幼稚園),22(静岡),3(私),9(廃),天王幼稚園,静岡県浜松市中央区天王町９４３,4350052,2020-12-22,2025-05-01,228149,
A122310001575,A1(幼稚園),22(静岡),3(私),1(本),旭ヶ丘幼稚園,静岡県浜松市中央区初生町１１３９,4338112,2020-12-22,,228150,
A122310001584,A1(幼稚園),22(静岡),3(私),9(廃),佐鳴台入野幼稚園,静岡県浜松市中央区佐鳴台２－２６－１,4328021,2020-12-22,2025-05-01,228151,
A122310001593,A1(幼稚園),22(静岡),3(私),1(本),百花幼稚園,静岡県浜松市中央区根洗町１４９７－２,4338108,2020-12-22,,228152,
A122310001600,A1(幼稚園),22(静岡),3(私),1(本),平成幼稚園,静岡県浜松市中央区高丘北３－１６－１４,4338119,2020-12-22,,228153,
A122310001619,A1(幼稚園),22(静岡),3(私),1(本),磐田聖マリア幼稚園,静岡県磐田市国府台５４－３,4380077,2020-12-22,,228171,
A122310001628,A1(幼稚園),22(静岡),3(私),1(本),富士見幼稚園,静岡県磐田市富士見町１－４－４,4380083,2020-12-22,,228172,
A122310001637,A1(幼稚園),22(静岡),3(私),1(本),山名幼稚園,静岡県袋井市三門町８－１,4370024,2020-12-22,,228180,
A122310001646,A1(幼稚園),22(静岡),3(私),1(本),北浜幼稚園,静岡県浜松市浜名区貴布祢４０９,4340038,2020-12-22,,228200,
A122310001655,A1(幼稚園),22(静岡),3(私),1(本),水窪幼稚園,静岡県浜松市天竜区水窪町奥領家３１８４,4314101,2020-12-22,,228250,
A122310001664,A1(幼稚園),22(静岡),3(私),1(本),浜名幼稚園,静岡県浜松市中央区舞阪町浜田７６,4310213,2020-12-22,,228272,
A122310001673,A1(幼稚園),22(静岡),3(私),1(本),気賀幼稚園,静岡県浜松市浜名区細江町気賀９９７－１,4311305,2020-12-22,,228321,
A122310001682,A1(幼稚園),22(静岡),3(私),1(本),三松幼稚園,静岡県浜松市浜名区三ヶ日町三ヶ日４３２,4311414,2020-12-22,,228340,
A122310001691,A1(幼稚園),22(静岡),3(私),1(本),美波幼稚園,静岡県浜松市中央区大柳町５０,4300842,2020-12-22,,228341,
A222210000014,A2(こども),22(静岡),2(公),1(本),静岡市立上土こども園,静岡県静岡市葵区古庄四丁目２－１１,4200812,2020-12-22,,22A021,
A222210000023,A2(こども),22(静岡),2(公),1(本),静岡市立安倍口中央こども園,静岡県静岡市葵区安倍口団地３－１,4212113,2020-12-22,,22A022,
A222210000032,A2(こども),22(静岡),2(公),1(本),静岡市立瀬名川こども園,静岡県静岡市葵区瀬名川一丁目２１－４０,4200913,2020-12-22,,22A024,
A222210000041,A2(こども),22(静岡),2(公),1(本),静岡市立田町こども園,静岡県静岡市葵区田町一丁目７９,4200068,2020-12-22,,22A025,
A222210000050,A2(こども),22(静岡),2(公),1(本),静岡市立長沼こども園,静岡県静岡市葵区長沼二丁目１８－３１,4200813,2020-12-22,,22A026,
A222210000069,A2(こども),22(静岡),2(公),1(本),静岡市立中藁科こども園,静岡県静岡市葵区大原１２３７,4211314,2020-12-22,,22A027,
A222210000078,A2(こども),22(静岡),2(公),1(本),静岡市立服織こども園,静岡県静岡市葵区山崎一丁目１７－１,4211213,2020-12-22,,22A028,
A222210000087,A2(こども),22(静岡),2(公),1(本),静岡市立服織中央こども園,静岡県静岡市葵区羽鳥本町２５－３３,4211217,2020-12-22,,22A029,
A222210000096,A2(こども),22(静岡),2(公),1(本),静岡市立安東こども園,静岡県静岡市葵区安東三丁目１１番１７号,4200882,2020-12-22,,22A030,
A222210000103,A2(こども),22(静岡),2(公),1(本),静岡市立久能こども園,静岡県静岡市駿河区青沢２４０番地,4228014,2020-12-22,,22A031,
A222210000112,A2(こども),22(静岡),2(公),1(本),静岡市立西奈こども園,静岡県静岡市葵区瀬名３丁目２４番２５号,4200911,2020-12-22,,22A032,
A222210000121,A2(こども),22(静岡),2(公),1(本),静岡市立安倍口こども園,静岡県静岡市葵区安倍口新田４３番地の１,4212114,2020-12-22,,22A033,
A222210000130,A2(こども),22(静岡),2(公),1(本),静岡市立小黒こども園,静岡県静岡市駿河区小黒一丁目７－６,4228072,2020-12-22,,22A034,
A222210000149,A2(こども),22(静岡),2(公),1(本),静岡市立下川原こども園,静岡県静岡市駿河区下川原六丁目８－２６,4210113,2020-12-22,,22A035,
A222210000158,A2(こども),22(静岡),2(公),1(本),静岡市立高松こども園,静岡県静岡市駿河区敷地二丁目７－１４,4228036,2020-12-22,,22A036,
A222210000167,A2(こども),22(静岡),2(公),1(本),静岡市立東新田こども園,静岡県静岡市駿河区東新田四丁目１－４０,4210112,2020-12-22,,22A037,
A222210000176,A2(こども),22(静岡),2(公),1(本),静岡市立登呂こども園,静岡県静岡市駿河区登呂三丁目１９－１,4228033,2020-12-22,,22A038,
A222210000185,A2(こども),22(静岡),2(公),1(本),静岡市立中田こども園,静岡県静岡市駿河区馬渕四丁目２－２９,4228063,2020-12-22,,22A039,
A222210000194,A2(こども),22(静岡),2(公),1(本),静岡市立中村町こども園,静岡県静岡市駿河区中村町９４,4228047,2020-12-22,,22A040,
A222210000201,A2(こども),22(静岡),2(公),1(本),静岡市立東豊田中央こども園,静岡県静岡市駿河区国吉田六丁目７－２９,4228004,2020-12-22,,22A041,
A222210000210,A2(こども),22(静岡),2(公),1(本),静岡市立広野こども園,静岡県静岡市駿河区広野六丁目１１－１,4210121,2020-12-22,,22A042,
A222210000229,A2(こども),22(静岡),2(公),1(本),静岡市立富士見台こども園,静岡県静岡市駿河区富士見台二丁目１１－４４,4228026,2020-12-22,,22A043,
A222210000238,A2(こども),22(静岡),2(公),1(本),静岡市立丸子こども園,静岡県静岡市駿河区丸子二丁目１８－３２,4210103,2020-12-22,,22A044,
A222210000247,A2(こども),22(静岡),2(公),1(本),静岡市立用宗こども園,静岡県静岡市駿河区用宗五丁目１８－７,4210122,2020-12-22,,22A045,
A222210000256,A2(こども),22(静岡),2(公),1(本),静岡市立八幡こども園,静岡県静岡市駿河区八幡二丁目１５－２０,4228076,2020-12-22,,22A046,
A222210000265,A2(こども),22(静岡),2(公),1(本),静岡市立藁科こども園,静岡県静岡市葵区吉津１番地,4211223,2020-12-22,,22A047,
A222210000274,A2(こども),22(静岡),2(公),1(本),静岡市立大谷こども園,静岡県静岡市駿河区西大谷６番地の８,4228018,2020-12-22,,22A048,
A222210000283,A2(こども),22(静岡),2(公),1(本),静岡市立東豊田こども園,静岡県静岡市駿河区池田４９２番地の２,4228005,2020-12-22,,22A049,
A222210000292,A2(こども),22(静岡),2(公),1(本),静岡市立飯田北こども園,静岡県静岡市清水区石川本町１１－９２,4240006,2020-12-22,,22A050,
A222210000309,A2(こども),22(静岡),2(公),1(本),静岡市立飯田南こども園,静岡県静岡市清水区高橋四丁目４－５６,4240041,2020-12-22,,22A051,
A222210000318,A2(こども),22(静岡),2(公),1(本),静岡市立庵原こども園,静岡県静岡市清水区庵原町１９３８,4240114,2020-12-22,,22A052,
A222210000327,A2(こども),22(静岡),2(公),1(本),静岡市立入江こども園,静岡県静岡市清水区入江一丁目１３－１５,4240831,2020-12-22,,22A053,
A222210000336,A2(こども),22(静岡),2(公),1(本),静岡市立有度北こども園,静岡県静岡市清水区長崎７４０－１,4240065,2020-12-22,,22A054,
A222210000345,A2(こども),22(静岡),2(公),1(本),静岡市立有度西こども園,静岡県静岡市清水区中之郷一丁目１０－２７,4240888,2020-12-22,,22A055,
A222210000354,A2(こども),22(静岡),2(公),1(本),静岡市立興津北こども園,静岡県静岡市清水区八木間町４７８,4240212,2020-12-22,,22A056,
A222210000363,A2(こども),22(静岡),2(公),9(廃),静岡市立折戸こども園,静岡県静岡市清水区折戸五丁目８－１,4240902,2020-12-22,2021-05-27,22A058,A222310001850
A222210000372,A2(こども),22(静岡),2(公),1(本),静岡市立川原こども園,静岡県静岡市清水区川原町２４－８,4240857,2020-12-22,,22A059,
A222210000381,A2(こども),22(静岡),2(公),1(本),静岡市立駒越こども園,静岡県静岡市清水区迎山町４－１５,4240913,2020-12-22,,22A060,
A222210000390,A2(こども),22(静岡),2(公),1(本),静岡市立清水こども園,静岡県静岡市清水区本町１１－３２,4240949,2020-12-22,,22A061,
A222210000407,A2(こども),22(静岡),2(公),1(本),静岡市立高部中央こども園,静岡県静岡市清水区梅ケ谷４５９－１,4240001,2020-12-22,,22A062,
A222210000416,A2(こども),22(静岡),2(公),1(本),静岡市立辻こども園,静岡県静岡市清水区辻四丁目７－２１,4240806,2020-12-22,,22A063,
A222210000425,A2(こども),22(静岡),2(公),1(本),静岡市立西久保こども園,静岡県静岡市清水区西久保４３８－１,4240038,2020-12-22,,22A064,
A222210000434,A2(こども),22(静岡),2(公),1(本),静岡市立原こども園,静岡県静岡市清水区原４５－５,4240113,2020-12-22,,22A065,
A222210000443,A2(こども),22(静岡),2(公),9(廃),静岡市立三保こども園,静岡県静岡市清水区三保１６０１,4240901,2020-12-22,2021-05-27,22A066,A222310001850
A222210000452,A2(こども),22(静岡),2(公),1(本),静岡市立横砂こども園,静岡県静岡市清水区横砂東町１７－５,4240032,2020-12-22,,22A067,
A222210000461,A2(こども),22(静岡),2(公),9(廃),静岡市立蒲原西部こども園,静岡県静岡市清水区蒲原中５６６－１,4213213,2020-12-22,2026-05-01,22A068,
A222210000470,A2(こども),22(静岡),2(公),1(本),静岡市立蒲原東部こども園,静岡県静岡市清水区蒲原５０９２－３,4213203,2020-12-22,,22A069,
A222210000489,A2(こども),22(静岡),2(公),1(本),静岡市立入山こども園,静岡県静岡市清水区由比入山１９６４,4213101,2020-12-22,,22A070,
A222210000498,A2(こども),22(静岡),2(公),1(本),静岡市立由比中央こども園,静岡県静岡市清水区由比北田１４６,4213104,2020-12-22,,22A071,
A222210000504,A2(こども),22(静岡),2(公),1(本),静岡市立高部こども園,静岡県静岡市清水区押切９９６番地の２,4240008,2020-12-22,,22A072,
A222210000513,A2(こども),22(静岡),2(公),1(本),静岡市立小島こども園,静岡県静岡市清水区小島町６２１番地の１,4240305,2020-12-22,,22A073,
A222210000522,A2(こども),22(静岡),2(公),1(本),静岡市立小河内こども園,静岡県静岡市清水区小河内２６９３番地の２,4240302,2020-12-22,,22A074,
A222210000531,A2(こども),22(静岡),2(公),1(本),静岡市立和田島こども園,静岡県静岡市清水区和田島６９４番地の１,4240403,2020-12-22,,22A075,
A222210000540,A2(こども),22(静岡),2(公),9(廃),静岡市立由比こども園,静岡県静岡市清水区由比３７７番地の１,4213103,2020-12-22,2026-05-01,22A076,
A222210000559,A2(こども),22(静岡),2(公),1(本),磐田市立福田こども園,静岡県磐田市福田中島５５番地,4371204,2020-12-22,,22A301,
A222210000568,A2(こども),22(静岡),2(公),1(本),磐田市立竜洋東こども園,静岡県磐田市中平松３０－４,4380218,2020-12-22,,22A302,
A222210000577,A2(こども),22(静岡),2(公),1(本),下田市立下田認定こども園,静岡県下田市敷根７６５番地の１９,4150037,2020-12-22,,22A311,
A222210000586,A2(こども),22(静岡),2(公),1(本),伊豆市立熊坂こども園,静岡県伊豆市熊坂４２６番地,4102411,2020-12-22,,22A321,
A222210000595,A2(こども),22(静岡),2(公),1(本),伊豆市立修善寺東こども園,静岡県伊豆市加殿２２番地の１,4102405,2020-12-22,,22A322,
A222210000602,A2(こども),22(静岡),2(公),1(本),伊豆市立土肥こども園,静岡県伊豆市土肥６６５－２６,4103302,2020-12-22,,22A323,
A222210000611,A2(こども),22(静岡),2(公),9(廃),認定こども園御前崎市立御前崎こども園,静岡県御前崎市御前崎７８－２７,4371621,2020-12-22,2025-05-01,22A331,
A222210000620,A2(こども),22(静岡),2(公),1(本),認定こども園御前崎市立さくらこども園,静岡県御前崎市佐倉８８８－１,4371604,2020-12-22,,22A332,
A222210000639,A2(こども),22(静岡),2(公),9(廃),菊川市立おおぞら認定こども園,静岡県菊川市下内田８３２－１,4390034,2020-12-22,2025-05-01,22A341,
A222210000648,A2(こども),22(静岡),2(公),1(本),南伊豆町立南伊豆認定こども園,静岡県賀茂郡南伊豆町上賀茂２７７,4150302,2020-12-22,,22A351,
A222210000657,A2(こども),22(静岡),2(公),1(本),西伊豆町立伊豆海認定こども園,静岡県賀茂郡西伊豆町田子１７０９－５０,4103515,2020-12-22,,22A352,
A222210000666,A2(こども),22(静岡),2(公),1(本),小山町立きたごうこども園,静岡県駿東郡小山町用沢２０７－１,4101326,2020-12-22,,22A353,
A222210000675,A2(こども),22(静岡),2(公),9(廃),南伊豆町立南崎認定こども園,静岡県賀茂郡南伊豆町大瀬７,4150155,2020-12-22,2022-05-01,22A354,A222210000648
A222210000684,A2(こども),22(静岡),2(公),1(本),長泉町立北こども園,静岡県駿東郡長泉町上土狩３８－５,4110941,2020-12-22,,22A355,
A222210000693,A2(こども),22(静岡),2(公),1(本),西伊豆町立仁科認定こども園,静岡県賀茂郡西伊豆町仁科２６７,4103514,2020-12-22,,22A356,
A222210000700,A2(こども),22(静岡),2(公),9(廃),小山町立するがおやまこども園,静岡県駿東郡小山町小山２８９－１,4101311,2020-12-22,2025-05-01,22A357,
A222210000719,A2(こども),22(静岡),2(公),1(本),小山町立すがぬまこども園,静岡県駿東郡小山町菅沼２７４ー２,4101312,2020-12-22,,22A358,
A222210000728,A2(こども),22(静岡),2(公),1(本),小山町立すばしりこども園,静岡県駿東郡小山町須走８３,4101431,2020-12-22,,22A359,
A222210000737,A2(こども),22(静岡),2(公),1(本),富士市立松野こども園,静岡県富士市北松野１８２５－１,4213301,2020-12-22,,22A401,
A222210000746,A2(こども),22(静岡),2(公),1(本),幼保連携型認定こども園掛川市立すこやかこども園,静岡県掛川市宮脇２丁目６－１,4360086,2020-12-22,,22A421,
A222210000755,A2(こども),22(静岡),2(公),1(本),袋井市立笠原こども園,静岡県袋井市山崎５０９３－１３,4371311,2020-12-22,,22A431,
A222210000764,A2(こども),22(静岡),2(公),9(廃),袋井市立袋井南幼稚園,静岡県袋井市袋井市愛野３０８２－２,4370031,2020-12-22,2022-05-01,22A432,A222310002038
A222210000773,A2(こども),22(静岡),2(公),1(本),牧之原市立相良こども園,静岡県牧之原市相良２４９－２,4210522,2020-12-22,,22A441,
A222210000782,A2(こども),22(静岡),2(公),1(本),幼保連携型認定こども園新居幼稚園,静岡県湖西市新居町新居１７３０番地,4310302,2020-12-22,,22A451,
A222210000791,A2(こども),22(静岡),2(公),1(本),沼津市立戸田こども園,静岡県沼津市戸田１０３１－１,4103402,2021-05-27,,22A471,
A222210000808,A2(こども),22(静岡),2(公),1(本),熱海市立あたみこども園,静岡県熱海市桜町３－２０,4130028,2021-05-27,,22A461,
A222210000817,A2(こども),22(静岡),2(公),1(本),袋井市立若草こども園,静岡県袋井市堀越７６６－１,4370065,2021-05-27,,22A433,
A222210000826,A2(こども),22(静岡),2(公),1(本),袋井市立浅羽東こども園,静岡県袋井市浅羽２６１７－１,4371101,2021-05-27,,22A434,
A222210000835,A2(こども),22(静岡),2(公),1(本),幼保連携型認定こども園湖西市立岡崎幼稚園,静岡県湖西市岡崎２５８６－３７,4310422,2021-05-27,,22A452,
A222210000844,A2(こども),22(静岡),2(公),1(本),長泉町立南こども園,静岡県駿東郡長泉町竹原８８,4110944,2021-05-27,,22A360,
A222210000853,A2(こども),22(静岡),2(公),1(本),袋井市立山梨こども園,静岡県袋井市春岡１丁目８番地の７,4370122,2022-05-01,,,
A222210000862,A2(こども),22(静岡),2(公),1(本),袋井市立若葉こども園,静岡県袋井市久能１３１０,4370061,2022-05-01,,,
A222210000871,A2(こども),22(静岡),2(公),1(本),磐田市立二之宮こども園,静岡県磐田市二之宮９６２－１,4380074,2023-05-01,,,
A222210000880,A2(こども),22(静岡),2(公),1(本),伊豆の国市立にじいろこども園,静岡県伊豆の国市長岡１２１２,4102211,2024-05-01,,,
A222210000899,A2(こども),22(静岡),2(公),1(本),牧之原市立地頭方こども園,静岡県牧之原市地頭方１丁目３３番地,4210352,2024-05-01,,,
A222210000906,A2(こども),22(静岡),2(公),1(本),沼津市立大平こども園,静岡県沼津市大平２２０５－１、１６７７,4100821,2025-05-01,,,
A222210000915,A2(こども),22(静岡),2(公),1(本),菊川市立小笠北認定こども園,静岡県菊川市嶺田８５,4371522,2025-05-01,,,
A222210000924,A2(こども),22(静岡),2(公),1(本),浜松市立佐鳴台こども園,静岡県浜松市中央区佐鳴台三丁目３１－２,4328021,2025-05-01,,,
A222210000933,A2(こども),22(静岡),2(公),1(本),裾野市立ふからこども園,静岡県裾野市深良１９１８－１,4101102,2026-05-01,,,
A222210000942,A2(こども),22(静岡),2(公),1(本),裾野市立とみおかこども園,静岡県裾野市上ヶ田１７４－３,4101108,2026-05-01,,,
A222310000012,A2(こども),22(静岡),3(私),1(本),北沼上こども園,静岡県静岡市葵区北沼上７５８－１,4200901,2020-12-22,,22A501,
A222310000021,A2(こども),22(静岡),3(私),1(本),こすもすこども園,静岡県静岡市葵区秋山町２５－３,4200948,2020-12-22,,22A502,
A222310000030,A2(こども),22(静岡),3(私),1(本),賤機こども園,静岡県静岡市葵区俵沢１０９番地の１,4212103,2020-12-22,,22A503,
A222310000049,A2(こども),22(静岡),3(私),1(本),幼保連携型認定こども園新間杉の子幼稚園,静岡県静岡市葵区新間６７０の９,4211201,2020-12-22,,22A504,
A222310000058,A2(こども),22(静岡),3(私),1(本),小鹿こども園,静岡県静岡市駿河区小鹿二丁目２５－１５,4228021,2020-12-22,,22A505,
A222310000067,A2(こども),22(静岡),3(私),1(本),認定こども園ひばり幼稚園,静岡県静岡市駿河区用宗４－１８－２８,4210122,2020-12-22,,22A506,
A222310000076,A2(こども),22(静岡),3(私),1(本),幼保連携型認定こども園静岡なかはら幼稚園,静岡県静岡市駿河区中原５２４,4228058,2020-12-22,,22A507,
A222310000085,A2(こども),22(静岡),3(私),1(本),幼保連携型認定こども園ふじみ幼稚園,静岡県静岡市駿河区西島４０２,4228045,2020-12-22,,22A508,
A222310000094,A2(こども),22(静岡),3(私),1(本),草薙ふたばこども園,静岡県静岡市清水区草薙３５９－６,4240886,2020-12-22,,22A509,
A222310000101,A2(こども),22(静岡),3(私),1(本),梅花こども園,静岡県静岡市清水区蒲原新田二丁目１６－２３,4213211,2020-12-22,,22A510,
A222310000110,A2(こども),22(静岡),3(私),1(本),幼保連携型認定こども園めぐみこども園,静岡県静岡市清水区淡島町２－９,4240838,2020-12-22,,22A511,
A222310000129,A2(こども),22(静岡),3(私),1(本),認定こども園ももはな,静岡県静岡市清水区興津中町３３５－１,4240204,2020-12-22,,22A512,
A222310000138,A2(こども),22(静岡),3(私),1(本),認定こども園清水白百合幼稚園,静岡県静岡市清水区木の下町３１２,4240846,2020-12-22,,22A513,
A222310000147,A2(こども),22(静岡),3(私),1(本),若竹幼稚園,静岡県静岡市清水区蜂ヶ谷４４３,4240003,2020-12-22,,22A514,
A222310000156,A2(こども),22(静岡),3(私),1(本),認定こども園東海大学付属静岡翔洋幼稚園,静岡県静岡市清水区折戸３－２０－１,4240902,2020-12-22,,22A515,
A222310000165,A2(こども),22(静岡),3(私),1(本),幼保連携型認定こども園蒲原学園幼稚園,静岡県静岡市清水区蒲原中２０４,4213213,2020-12-22,,22A516,
A222310000174,A2(こども),22(静岡),3(私),1(本),だきしめこども園,静岡県静岡市駿河区栗原１７－１５,4228008,2020-12-22,,22A517,
A222310000183,A2(こども),22(静岡),3(私),1(本),幼保連携型認定こども園静岡若葉幼稚園,静岡県静岡市駿河区中田三丁目７‐２,4228041,2020-12-22,,22A518,
A222310000192,A2(こども),22(静岡),3(私),1(本),学校法人織田学園幼保連携型認定こども園やよい幼稚園,静岡県静岡市駿河区石田二丁目１８‐２８,4228042,2020-12-22,,22A519,
A222310000209,A2(こども),22(静岡),3(私),1(本),みどりが丘こども園,静岡県静岡市清水区日立町４‐１９,4240929,2020-12-22,,22A520,
A222310000218,A2(こども),22(静岡),3(私),1(本),清水りんぽかんこども園,静岡県静岡市清水区有東坂４‐８,4240873,2020-12-22,,22A521,
A222310000227,A2(こども),22(静岡),3(私),1(本),幼保連携型認定こども園日吉町保育園,静岡県静岡市葵区鷹匠２－２４－１８,4200839,2020-12-22,,22A522,
A222310000236,A2(こども),22(静岡),3(私),1(本),幼保連携型認定こども園北安東保育園,静岡県静岡市葵区北安東４－２９－２４,4200881,2020-12-22,,22A523,
A222310000245,A2(こども),22(静岡),3(私),1(本),竜南こども園,静岡県静岡市葵区竜南１－１９－１５,4200804,2020-12-22,,22A524,
A222310000254,A2(こども),22(静岡),3(私),1(本),セイユウモンテッソーリこども園,静岡県静岡市駿河区北丸子２－２１－１２,4210106,2020-12-22,,22A525,
A222310000263,A2(こども),22(静岡),3(私),1(本),静岡学園幼稚園,静岡県静岡市駿河区聖一色４００,4228007,2020-12-22,,22A526,
A222310000272,A2(こども),22(静岡),3(私),1(本),梅花幼稚園,静岡県静岡市清水区南岡町３－８,4240932,2020-12-22,,22A527,
A222310000281,A2(こども),22(静岡),3(私),1(本),幼保連携型認定こども園あおぞらキンダーガーデン,静岡県静岡市葵区千代田１丁目１５－４０,4200803,2020-12-22,,22A528,
A222310000290,A2(こども),22(静岡),3(私),1(本),あゆみ第２こども園,静岡県静岡市葵区瀬名中央１－１－４４,4200916,2020-12-22,,22A529,
A222310000307,A2(こども),22(静岡),3(私),1(本),静岡平和幼稚園,静岡県静岡市葵区平和２－２３－２２,4200876,2020-12-22,,22A530,
A222310000316,A2(こども),22(静岡),3(私),1(本),幼保連携型認定こども園常葉大学附属たちばな幼稚園,静岡県静岡市葵区瀬名１－１－１７,4200911,2020-12-22,,22A531,
A222310000325,A2(こども),22(静岡),3(私),1(本),幼保連携型認定こども園千代田幼稚園,静岡県静岡市葵区東千代田１－８－１０,4200801,2020-12-22,,22A532,
A222310000334,A2(こども),22(静岡),3(私),1(本),幼保連携型認定こども園常葉大学附属とこは幼稚園,静岡県静岡市葵区城北３７,4200805,2020-12-22,,22A533,
A222310000343,A2(こども),22(静岡),3(私),1(本),沼上こども園,静岡県静岡市葵区南沼上１丁目２２－１,4200905,2020-12-22,,22A534,
A222310000352,A2(こども),22(静岡),3(私),2(分),沼上こども園分園,静岡県静岡市葵区川合３丁目１－１３,4200923,2020-12-22,,22A535,
A222310000361,A2(こども),22(静岡),3(私),1(本),認定こども園羽鳥るり幼稚園,静岡県静岡市葵区羽鳥本町１－１,4211217,2020-12-22,,22A536,
A222310000370,A2(こども),22(静岡),3(私),1(本),若竹こどもの森,静岡県静岡市葵区瀬名川３丁目７－１８,4200913,2020-12-22,,22A537,
A222310000389,A2(こども),22(静岡),3(私),1(本),幼保連携型認定こども園わらべ幼稚園,静岡県静岡市葵区千代１丁目４－１５,4211212,2020-12-22,,22A538,
A222310000398,A2(こども),22(静岡),3(私),1(本),認定こども園東新田ひばりこども園,静岡県静岡市駿河区東新田３丁目３１－　１０,4210112,2020-12-22,,22A539,
A222310000405,A2(こども),22(静岡),3(私),1(本),幼保連携型認定こども園若杉幼稚園,静岡県静岡市駿河区丸子３６５３,4210103,2020-12-22,,22A540,
A222310000414,A2(こども),22(静岡),3(私),1(本),認定こども園東海幼稚園,静岡県静岡市清水区興津本町７８,4240205,2020-12-22,,22A541,
A222310000423,A2(こども),22(静岡),3(私),1(本),幼保連携型認定こども園麻華こども園,静岡県静岡市葵区北１－２９－２５,4200961,2020-12-22,,22A542,
A222310000432,A2(こども),22(静岡),3(私),1(本),蛍ヶ丘保育園,静岡県静岡市葵区新間３９４－１,4211201,2020-12-22,,22A543,
A222310000441,A2(こども),22(静岡),3(私),2(分),幼保連携型認定こども園若杉幼稚園分園,静岡県静岡市駿河区丸子３６５５－３,4210103,2020-12-22,,22A544,
A222310000450,A2(こども),22(静岡),3(私),1(本),清水やぐらこども園,静岡県静岡市清水区矢倉町４－１５,4240802,2020-12-22,,22A545,
A222310000469,A2(こども),22(静岡),3(私),1(本),足久保こども園,静岡県静岡市葵区足久保口組２９－５,4212124,2020-12-22,,22A546,
A222310000478,A2(こども),22(静岡),3(私),1(本),美和保育園,静岡県静岡市葵区遠藤新田３３９－２,4212112,2020-12-22,,22A547,
A222310000487,A2(こども),22(静岡),3(私),1(本),るり幼稚園,静岡県静岡市駿河区向敷地１１番地,4210101,2020-12-22,,22A548,
A222310000496,A2(こども),22(静岡),3(私),1(本),新富町こども園,静岡県静岡市葵区新富町３丁目２１ー２,4200061,2020-12-22,,22A549,
A222310000502,A2(こども),22(静岡),3(私),1(本),聖隷こども園ひかりの子,静岡県浜松市中央区天王町１８９６,4350052,2020-12-22,,22A551,
A222310000511,A2(こども),22(静岡),3(私),1(本),和光こども園,静岡県浜松市中央区和光町５１７,4311101,2020-12-22,,22A552,
A222310000520,A2(こども),22(静岡),3(私),1(本),入野こども園,静岡県浜松市中央区入野町１０８２７－１,4328061,2020-12-22,,22A553,
A222310000539,A2(こども),22(静岡),3(私),1(本),ずだじこども園,静岡県浜松市中央区恩地町２９１,4300814,2020-12-22,,22A554,
A222310000548,A2(こども),22(静岡),3(私),1(本),太陽こども園,静岡県浜松市中央区飯田町１５０７,4350028,2020-12-22,,22A555,
A222310000557,A2(こども),22(静岡),3(私),1(本),太陽第二こども園,静岡県浜松市中央区白羽町１２３１,4300846,2020-12-22,,22A556,
A222310000566,A2(こども),22(静岡),3(私),1(本),聖隷こども園わかば,静岡県浜松市中央区根洗町６４５－１,4338108,2020-12-22,,22A558,
A222310000575,A2(こども),22(静岡),3(私),1(本),聖隷こども園桜ヶ丘,静岡県浜松市浜名区都田町８７４９－３,4312102,2020-12-22,,22A559,
A222310000584,A2(こども),22(静岡),3(私),1(本),なごみこども園,静岡県浜松市中央区三方原町１３６７－１,4338105,2020-12-22,,22A560,
A222310000593,A2(こども),22(静岡),3(私),1(本),聖隷クリストファー大学附属クリストファーこども園,静岡県浜松市中央区三方原町２７６２,4338105,2020-12-22,,22A561,
A222310000600,A2(こども),22(静岡),3(私),1(本),認定こども園きじの里,静岡県浜松市浜名区染地台五丁目４－３,4340046,2020-12-22,,22A562,
A222310000619,A2(こども),22(静岡),3(私),1(本),ひくまこども園,静岡県浜松市中央区曳馬四丁目８－１２,4300901,2020-12-22,,22A563,
A222310000628,A2(こども),22(静岡),3(私),1(本),なかざわこども園,静岡県浜松市中央区中沢町５８－９,4300904,2020-12-22,,22A564,
A222310000637,A2(こども),22(静岡),3(私),1(本),相生こども園,静岡県浜松市中央区相生町１４－３０,4300805,2020-12-22,,22A565,
A222310000646,A2(こども),22(静岡),3(私),1(本),いずみこども園,静岡県浜松市中央区小池町７１０,4350056,2020-12-22,,22A566,
A222310000655,A2(こども),22(静岡),3(私),1(本),市野与進こども園,静岡県浜松市中央区市野町２６３６,4350051,2020-12-22,,22A567,
A222310000664,A2(こども),22(静岡),3(私),1(本),さざんかこども園,静岡県浜松市中央区篠原町２５６５４,4310201,2020-12-22,,22A568,
A222310000673,A2(こども),22(静岡),3(私),1(本),春日こども園,静岡県浜松市中央区馬郡町２５６０,4310203,2020-12-22,,22A569,
A222310000682,A2(こども),22(静岡),3(私),1(本),平和こども園,静岡県浜松市中央区三島町１２００,4300853,2020-12-22,,22A570,
A222310000691,A2(こども),22(静岡),3(私),1(本),瑞雲こども園,静岡県浜松市中央区佐藤二丁目２２－１,4300807,2020-12-22,,22A571,
A222310000708,A2(こども),22(静岡),3(私),1(本),遊歩の丘にしおかこども園,静岡県浜松市中央区西丘町２９６,4338116,2020-12-22,,22A572,
A222310000717,A2(こども),22(静岡),3(私),1(本),みそらこども園,静岡県浜松市中央区神田町５１３,4328047,2020-12-22,,22A573,
A222310000726,A2(こども),22(静岡),3(私),1(本),りょうけさくらこども園,静岡県浜松市中央区領家三丁目２３－１３,4300852,2020-12-22,,22A574,
A222310000735,A2(こども),22(静岡),3(私),1(本),聖隷こども園めぐみ,静岡県浜松市中央区和合町５５５－１,4338125,2020-12-22,,22A575,
A222310000744,A2(こども),22(静岡),3(私),1(本),まるづかこども園,静岡県浜松市中央区丸塚町２８７－１,4350046,2020-12-22,,22A576,
A222310000753,A2(こども),22(静岡),3(私),1(本),太陽さぎのみやこども園,静岡県浜松市中央区大瀬町７５２,4313113,2020-12-22,,22A577,
A222310000762,A2(こども),22(静岡),3(私),1(本),遊歩の丘かみにしこども園,静岡県浜松市中央区上西町８５３－２,4350048,2020-12-22,,22A578,
A222310000771,A2(こども),22(静岡),3(私),1(本),きなりこどもえん,静岡県浜松市中央区植松町５３－４,4300803,2020-12-22,,22A579,
A222310000780,A2(こども),22(静岡),3(私),1(本),順愛こども園,静岡県浜松市中央区舞阪町舞阪５３７２,4310211,2020-12-22,,22A580,
A222310000799,A2(こども),22(静岡),3(私),1(本),瞳ヶ丘こども園,静岡県浜松市中央区大人見町１２－６５４,4311112,2020-12-22,,22A581,
A222310000806,A2(こども),22(静岡),3(私),1(本),なかよしこども園,静岡県浜松市中央区三島町１２３０,4300853,2020-12-22,,22A582,
A222310000815,A2(こども),22(静岡),3(私),1(本),ハローこども園,静岡県浜松市中央区下江町５２２,4300825,2020-12-22,,22A583,
A222310000824,A2(こども),22(静岡),3(私),1(本),たかつか光こども園,静岡県浜松市中央区高塚町２３１２－１６,4328065,2020-12-22,,22A584,
A222310000833,A2(こども),22(静岡),3(私),1(本),はぁもにぃこども園,静岡県浜松市中央区三和町７８２,4350038,2020-12-22,,22A585,
A222310000842,A2(こども),22(静岡),3(私),1(本),若林こどもの園,静岡県浜松市中央区若林町２６５８－１,4328051,2020-12-22,,22A586,
A222310000851,A2(こども),22(静岡),3(私),1(本),子育てセンターこまつ,静岡県浜松市浜名区小松３２２１,4340042,2020-12-22,,22A587,
A222310000860,A2(こども),22(静岡),3(私),1(本),子育てセンターきぶね,静岡県浜松市浜名区貴布祢２６６８,4340038,2020-12-22,,22A588,
A222310000879,A2(こども),22(静岡),3(私),1(本),子育てセンターしばもと,静岡県浜松市浜名区於呂３０８７－２,4340015,2020-12-22,,22A589,
A222310000888,A2(こども),22(静岡),3(私),1(本),子育てセンターしんぱら,静岡県浜松市浜名区新原２６６９,4340003,2020-12-22,,22A590,
A222310000897,A2(こども),22(静岡),3(私),1(本),子育てセンターなかぜ,静岡県浜松市浜名区中瀬６７３,4340012,2020-12-22,,22A591,
A222310000904,A2(こども),22(静岡),3(私),1(本),遊歩の丘はまなこども園,静岡県浜松市浜名区小松１２８５－１,4340042,2020-12-22,,22A592,
A222310000913,A2(こども),22(静岡),3(私),1(本),子育てセンターかきのみ,静岡県浜松市浜名区中瀬２３０８,4340012,2020-12-22,,22A593,
A222310000922,A2(こども),22(静岡),3(私),1(本),子育てセンターすぎのこ,静岡県浜松市天竜区大谷１１１－１,4313305,2020-12-22,,22A594,
A222310000931,A2(こども),22(静岡),3(私),1(本),子育てセンターやまびこ,静岡県浜松市天竜区山東３５７７,4313303,2020-12-22,,22A595,
A222310000940,A2(こども),22(静岡),3(私),1(本),れんげこども園,静岡県浜松市中央区和合北１丁目２－３７,4338127,2020-12-22,,22A596,
A222310000959,A2(こども),22(静岡),3(私),1(本),和合こども園,静岡県浜松市中央区和合町２２０－１２８０,4338125,2020-12-22,,22A597,
A222310000968,A2(こども),22(静岡),3(私),1(本),ありたまこども園,静岡県浜松市中央区有玉南町２０１３,4313122,2020-12-22,,22A598,
A222310000977,A2(こども),22(静岡),3(私),1(本),蒲こども園,静岡県浜松市中央区大蒲町９５－２,4350014,2020-12-22,,22A599,
A222310000986,A2(こども),22(静岡),3(私),1(本),そらいろこども園,静岡県浜松市中央区市野町１０８４,4350051,2020-12-22,,22A600,
A222310000995,A2(こども),22(静岡),3(私),1(本),認定こども園しょうえい幼稚園,静岡県沼津市大塚８１２－２,4100306,2020-12-22,,22A601,
A222310001002,A2(こども),22(静岡),3(私),1(本),認定こども園片浜桜,静岡県沼津市今沢６８０－４,4100875,2020-12-22,,22A602,
A222310001011,A2(こども),22(静岡),3(私),1(本),認定こども園中央幼稚園,静岡県沼津市幸町２３－３,4100862,2020-12-22,,22A603,
A222310001020,A2(こども),22(静岡),3(私),1(本),認定こども園杉浦学園,静岡県沼津市柳沢３０７,4100308,2020-12-22,,22A604,
A222310001039,A2(こども),22(静岡),3(私),1(本),認定こども園こずわ幼稚園,静岡県沼津市小諏訪２４２－４,4100872,2020-12-22,,22A605,
A222310001048,A2(こども),22(静岡),3(私),1(本),幼保連携型認定こども園ピ－タ－パン幼稚園,静岡県三島市芙蓉台２－２－１,4110046,2020-12-22,,22A621,
A222310001057,A2(こども),22(静岡),3(私),1(本),幼保連携型認定こども園のびる幼稚園,静岡県三島市青木１６４,4110811,2020-12-22,,22A622,
A222310001066,A2(こども),22(静岡),3(私),1(本),しらゆり幼稚園,静岡県三島市徳倉５－１１－１５,4110044,2020-12-22,,22A623,
A222310001075,A2(こども),22(静岡),3(私),1(本),認定こども園芝川リズム,静岡県富士宮市羽鮒６８９,4190316,2020-12-22,,22A632,
A222310001084,A2(こども),22(静岡),3(私),1(本),認定こども園ふじキンダー学園,静岡県富士宮市万野原新田４０７９－５,4180001,2020-12-22,,22A633,
A222310001093,A2(こども),22(静岡),3(私),1(本),認定こども園リーチェル幼稚園,静岡県富士宮市淀師１７４２－１,4180051,2020-12-22,,22A634,
A222310001100,A2(こども),22(静岡),3(私),1(本),大中里こども園,静岡県富士宮市大中里８３７番地,4180044,2020-12-22,,22A635,
A222310001119,A2(こども),22(静岡),3(私),1(本),野中こども園,静岡県富士宮市野中東町２９４番地,4180033,2020-12-22,,22A636,
A222310001128,A2(こども),22(静岡),3(私),1(本),東こども園,静岡県富士宮市東町１８番１８号,4180077,2020-12-22,,22A637,
A222310001137,A2(こども),22(静岡),3(私),1(本),富丘こども園,静岡県富士宮市青木３２５－５,4180047,2020-12-22,,22A638,
A222310001146,A2(こども),22(静岡),3(私),1(本),小泉こども園,静岡県富士宮市西小泉町５１－１,4180026,2020-12-22,,22A639,
A222310001155,A2(こども),22(静岡),3(私),1(本),みどり認定こども園,静岡県島田市大柳南３０８,4270102,2020-12-22,,22A641,
A222310001164,A2(こども),22(静岡),3(私),1(本),認定こども園島田学園付属幼稚園,静岡県島田市伊太２０７５－１,4270034,2020-12-22,,22A642,
A222310001173,A2(こども),22(静岡),3(私),1(本),認定こども園島田中央幼稚園,静岡県島田市旗指２８８８－１,4270048,2020-12-22,,22A643,
A222310001182,A2(こども),22(静岡),3(私),1(本),幼保連携型認定こども園エルフのみらい,静岡県島田市道悦２－２７－１４,4270019,2020-12-22,,22A644,
A222310001191,A2(こども),22(静岡),3(私),1(本),幼保連携型認定こども園エルフのゆめ,静岡県島田市東町１２１０,4270011,2020-12-22,,22A645,
A222310001208,A2(こども),22(静岡),3(私),1(本),認定こども園曙幼稚園,静岡県富士市吉原４丁目１７－４５,4170051,2020-12-22,,22A652,
A222310001217,A2(こども),22(静岡),3(私),1(本),認定こども園富士ふたば幼稚園,静岡県富士市水戸島本町２－１０,4160924,2020-12-22,,22A653,
A222310001226,A2(こども),22(静岡),3(私),1(本),たかおかこども園,静岡県富士市厚原１３８５,4190201,2020-12-22,,22A654,
A222310001235,A2(こども),22(静岡),3(私),1(本),認定こども園わかば幼稚園,静岡県富士市大淵３,4170801,2020-12-22,,22A655,
A222310001244,A2(こども),22(静岡),3(私),1(本),認定こども園みのる幼稚園,静岡県富士市原田１７４２－１,4170852,2020-12-22,,22A656,
A222310001253,A2(こども),22(静岡),3(私),1(本),認定こども園さくら台幼稚園,静岡県富士市中之郷３７７９,4213306,2020-12-22,,22A657,
A222310001262,A2(こども),22(静岡),3(私),1(本),認定こども園須津幼稚園,静岡県富士市神谷新町２２７,4170822,2020-12-22,,22A658,
A222310001271,A2(こども),22(静岡),3(私),1(本),龍の子幼稚園,静岡県磐田市前野２５７５,4380068,2020-12-22,,22A675,
A222310001280,A2(こども),22(静岡),3(私),1(本),聖隷こども園こうのとり豊田,静岡県磐田市下本郷１０５５,4380823,2020-12-22,,22A676,
A222310001299,A2(こども),22(静岡),3(私),1(本),子育てセンターとみがおか,静岡県磐田市富丘１６２－１,4380803,2020-12-22,,22A677,
A222310001306,A2(こども),22(静岡),3(私),1(本),子育てセンターみなみしま,静岡県磐田市南島１６４－１,4371209,2020-12-22,,22A678,
A222310001315,A2(こども),22(静岡),3(私),1(本),聖隷こども園こうのとり東,静岡県磐田市東新屋２７１－３,4380035,2020-12-22,,22A679,
A222310001324,A2(こども),22(静岡),3(私),1(本),広瀬こども園,静岡県磐田市上神増４６０－１,4380115,2020-12-22,,22A680,
A222310001333,A2(こども),22(静岡),3(私),1(本),聖隷こども園こうのとり富丘,静岡県磐田市富丘６７７－１,4380803,2020-12-22,,22A681,
A222310001342,A2(こども),22(静岡),3(私),1(本),幼保連携型認定こども園こども広場あんり,静岡県掛川市本郷６２３－１,4360111,2020-12-22,,22A690,
A222310001351,A2(こども),22(静岡),3(私),1(本),掛川こども園,静岡県掛川市家代の里１丁目５－１,4360227,2020-12-22,,22A691,
A222310001360,A2(こども),22(静岡),3(私),1(本),桜木こどもの森,静岡県掛川市家代１７６１－１,4360225,2020-12-22,,22A692,
A222310001379,A2(こども),22(静岡),3(私),1(本),子育てセンターとものもり,静岡県掛川市大池２３０５,4360043,2020-12-22,,22A693,
A222310001388,A2(こども),22(静岡),3(私),1(本),おおさかこども園,静岡県掛川市大坂２８０５,4371421,2020-12-22,,22A694,
A222310001397,A2(こども),22(静岡),3(私),1(本),ちはまこども園,静岡県掛川市千浜５８７０,4371412,2020-12-22,,22A695,
A222310001404,A2(こども),22(静岡),3(私),1(本),学校法人広幡学園広幡こども園,静岡県藤枝市鬼島３９３,4260008,2020-12-22,,22A711,
A222310001413,A2(こども),22(静岡),3(私),1(本),学校法人大雄学園青島こども園,静岡県藤枝市小石川町４－１－３,4260033,2020-12-22,,22A712,
A222310001422,A2(こども),22(静岡),3(私),1(本),大洲こども園,静岡県藤枝市大洲２－２７－１３,4260051,2020-12-22,,22A713,
A222310001431,A2(こども),22(静岡),3(私),1(本),こばとこども園,静岡県藤枝市瀬戸新屋７０,4260075,2020-12-22,,22A714,
A222310001440,A2(こども),22(静岡),3(私),1(本),駿河台こども園,静岡県藤枝市駿河台２－１３－２,4260077,2020-12-22,,22A715,
A222310001459,A2(こども),22(静岡),3(私),1(本),いなばこども園,静岡県藤枝市堀之内５２０－３,4260088,2020-12-22,,22A716,
A222310001468,A2(こども),22(静岡),3(私),1(本),幼保連携型認定こども園志太こども園,静岡県藤枝市志太２－１０－３０,4260071,2020-12-22,,22A717,
A222310001477,A2(こども),22(静岡),3(私),1(本),幼保連携型認定こども園せとやこども園,静岡県藤枝市本郷２２５,4260132,2020-12-22,,22A718,
A222310001486,A2(こども),22(静岡),3(私),1(本),浜松学院大学付属愛野こども園,静岡県袋井市愛野南２－２－３,4370040,2020-12-22,,22A731,
A222310001495,A2(こども),22(静岡),3(私),1(本),袋井ハローこども園,静岡県袋井市下山梨５５９－１,4370123,2020-12-22,,22A732,
A222310001501,A2(こども),22(静岡),3(私),1(本),ルンビニあゆみ園,静岡県袋井市高尾１７７７－１,4370023,2020-12-22,,22A733,
A222310001510,A2(こども),22(静岡),3(私),1(本),神山認定こども園,静岡県御殿場市神山１６９２－４,4120033,2020-12-22,,22A736,
A222310001529,A2(こども),22(静岡),3(私),1(本),しらゆりこども園,静岡県湖西市入出３７７番地,4310411,2020-12-22,,22A741,
A222310001538,A2(こども),22(静岡),3(私),1(本),おかさきこども園,静岡県湖西市吉美３２９４－１３６,4310441,2020-12-22,,22A742,
A222310001547,A2(こども),22(静岡),3(私),1(本),微笑こども園,静岡県湖西市梅田１２８－３,4310425,2020-12-22,,22A743,
A222310001556,A2(こども),22(静岡),3(私),1(本),真愛三ツ谷こども園,静岡県湖西市新居町中之郷２０４４－２,4310301,2020-12-22,,22A744,
A222310001565,A2(こども),22(静岡),3(私),1(本),認定こども園あゆのさと,静岡県伊豆市柏久保１３０９,4102407,2020-12-22,,22A751,
A222310001574,A2(こども),22(静岡),3(私),1(本),あまぎ認定こども園,静岡県伊豆市月ヶ瀬４０８－１,4103215,2020-12-22,,22A752,
A222310001583,A2(こども),22(静岡),3(私),1(本),なかいず認定こども園,静岡県伊豆市八幡２８２－１,4102505,2020-12-22,,22A753,
A222310001592,A2(こども),22(静岡),3(私),1(本),学校法人榛原学園川崎幼稚園,静岡県牧之原市静波１３９８－２,4210422,2020-12-22,,22A761,
A222310001609,A2(こども),22(静岡),3(私),1(本),認定こども園みのり幼稚園,静岡県牧之原市細江８１２－２,4210421,2020-12-22,,22A762,
A222310001618,A2(こども),22(静岡),3(私),1(本),認定こども園すすき幼稚園,静岡県牧之原市須々木４６４－３,4210524,2020-12-22,,22A763,
A222310001627,A2(こども),22(静岡),3(私),1(本),菊川中央こども園,静岡県菊川市本所２７,4390018,2020-12-22,,22A771,
A222310001636,A2(こども),22(静岡),3(私),1(本),ひがしこども園,静岡県菊川市川上１４１０－１,4371503,2020-12-22,,22A772,
A222310001645,A2(こども),22(静岡),3(私),1(本),みなみこども園,静岡県菊川市高橋３６９１,4371505,2020-12-22,,22A773,
A222310001654,A2(こども),22(静岡),3(私),1(本),しょうれんじこども園楽生・寿光,静岡県伊豆の国市南江間９１９,4102221,2020-12-22,,22A781,
A222310001663,A2(こども),22(静岡),3(私),1(本),慈恩こども園,静岡県伊豆の国市白山堂１７１－２,4102318,2020-12-22,,22A782,
A222310001672,A2(こども),22(静岡),3(私),1(本),あそかこども園,静岡県駿東郡長泉町下土狩５７８,4110943,2020-12-22,,22A851,
A222310001681,A2(こども),22(静岡),3(私),1(本),あまねこども園,静岡県駿東郡長泉町下土狩１４０１－１,4110943,2020-12-22,,22A852,
A222310001690,A2(こども),22(静岡),3(私),1(本),天竜こども園,静岡県浜松市中央区薬新町３１５－１,4350018,2020-12-22,,22A901,
A222310001707,A2(こども),22(静岡),3(私),1(本),若宮こども園,静岡県浜松市中央区大瀬町２０５０,4313113,2020-12-22,,22A902,
A222310001716,A2(こども),22(静岡),3(私),1(本),みどりのもり都田,静岡県浜松市浜名区都田町６４９７－１,4312102,2020-12-22,,22A903,
A222310001725,A2(こども),22(静岡),3(私),1(本),あゆみの森こども園,静岡県浜松市浜名区寺島２８８９－１,4340035,2020-12-22,,22A904,
A222310001734,A2(こども),22(静岡),3(私),1(本),子育てセンターみゅうのおか,静岡県浜松市浜名区根堅２５９６－１,4340016,2020-12-22,,22A905,
A222310001743,A2(こども),22(静岡),3(私),1(本),こども園ことり,静岡県浜松市浜名区内野５２２１－５,4340044,2020-12-22,,22A906,
A222310001752,A2(こども),22(静岡),3(私),1(本),ひらくちかえでこども園,静岡県浜松市浜名区平口１６０,4340041,2020-12-22,,22A907,
A222310001761,A2(こども),22(静岡),3(私),1(本),小豆餅ゆすらうめこども園,静岡県浜松市中央区小豆餅４－１８－２,4338113,2020-12-22,,22A908,
A222310001770,A2(こども),22(静岡),3(私),1(本),上池さくらこども園,静岡県浜松市中央区城北２－２５－４３,4328011,2020-12-22,,22A909,
A222310001789,A2(こども),22(静岡),3(私),1(本),音の森こども園,静岡県浜松市中央区富塚町３６５７－１,4328002,2020-12-22,,22A910,
A222310001798,A2(こども),22(静岡),3(私),1(本),こども園みらい,静岡県浜松市中央区三幸町１５９－１,4338101,2020-12-22,,22A911,
A222310001805,A2(こども),22(静岡),3(私),1(本),風の子こども園,静岡県浜松市浜名区平口１９７３,4340041,2020-12-22,,22A912,
A222310001814,A2(こども),22(静岡),3(私),1(本),浜松東こども園,静岡県浜松市中央区篠ケ瀬町５８０－３,4350042,2020-12-22,,22A913,
A222310001823,A2(こども),22(静岡),3(私),1(本),雄踏ちゅうりっぷこども園,静岡県浜松市中央区雄踏町宇布見７４３０－８,4310102,2020-12-22,,22A914,
A222310001832,A2(こども),22(静岡),3(私),1(本),森のいえはまきた,静岡県浜松市浜名区於呂２７３９,4340015,2020-12-22,,22A915,
A222310001841,A2(こども),22(静岡),3(私),1(本),横内幼稚園,静岡県静岡市葵区横内町１０３番地の１,4200832,2021-05-27,,22A550,
A222310001850,A2(こども),22(静岡),3(私),1(本),まつぼっくりこども園,静岡県静岡市清水区三保松原町１５－５,4240908,2021-05-27,,22A810,
A222310001869,A2(こども),22(静岡),3(私),1(本),浜松中央こども園,静岡県浜松市中央区尾張町１２７－７,4300949,2021-05-27,,22A916,
A222310001878,A2(こども),22(静岡),3(私),1(本),たかい丘こども園,静岡県浜松市中央区高丘北二丁目２５－２１,4338119,2021-05-27,,22A917,
A222310001887,A2(こども),22(静岡),3(私),1(本),湖東白ゆりこども園,静岡県浜松市中央区湖東町５８２６－１,4311103,2021-05-27,,22A918,
A222310001896,A2(こども),22(静岡),3(私),1(本),認定こども園春の木幼稚園,静岡県沼津市東椎路１５４７－１,4100302,2021-05-27,,22A606,
A222310001903,A2(こども),22(静岡),3(私),1(本),幼保連携型認定こども園川奈愛育クラブ,静岡県伊東市川奈１２６７,4140044,2021-05-27,,22A791,
A222310001912,A2(こども),22(静岡),3(私),1(本),富士ふたばこども園,静岡県富士市五貫島４９２－１,4160946,2021-05-27,,22A659,
A222310001921,A2(こども),22(静岡),3(私),1(本),岩田こども園,静岡県磐田市匂坂中９８７－２,4380004,2021-05-27,,22A682,
A222310001930,A2(こども),22(静岡),3(私),1(本),智光こども園,静岡県掛川市仁藤町５－５,4360075,2021-05-27,,22A696,
A222310001949,A2(こども),22(静岡),3(私),1(本),幼保連携型認定こども園よこすかぬく森こども園,静岡県掛川市横須賀１０３９－１,4371301,2021-05-27,,22A697,
A222310001958,A2(こども),22(静岡),3(私),1(本),子育てセンターひだまり,静岡県掛川市杉谷南２－１－１,4360030,2021-05-27,,22A698,
A222310001967,A2(こども),22(静岡),3(私),1(本),子育てセンターさやのもり,静岡県掛川市長谷１６８７－２,4360047,2021-05-27,,22A699,
A222310001976,A2(こども),22(静岡),3(私),1(本),幼保連携型認定こども園葉梨こども園,静岡県藤枝市下之郷１７１３－６,4260203,2021-05-27,,22A719,
A222310001985,A2(こども),22(静岡),3(私),1(本),ルンビニこども園,静岡県袋井市諸井１０５６－２,4371121,2021-05-27,,22A734,
A222310001994,A2(こども),22(静岡),3(私),1(本),幼保連携型認定こども園御宿台こども園,静岡県裾野市御宿１６１９－１,4101107,2021-05-27,,22A800,
A222310002001,A2(こども),22(静岡),3(私),1(本),幼保連携型認定こども園おおぶちそよ風こども園,静岡県掛川市大渕４３８５ー１,4371302,2022-05-01,,,
A222310002010,A2(こども),22(静岡),3(私),1(本),すみれこども園,静岡県御殿場市竈１２３３ー１,4120039,2022-05-01,,,
A222310002029,A2(こども),22(静岡),3(私),1(本),幼保連携型認定こども園ぶらんこ,静岡県御殿場市東田中三丁目１番１８号,4120026,2022-05-01,,,
A222310002038,A2(こども),22(静岡),3(私),1(本),子育てセンターにじいろ,静岡県袋井市上田町２６７ー３１,4370033,2022-05-01,,,
A222310002047,A2(こども),22(静岡),3(私),1(本),幼保連携型こども園西方こども園,静岡県菊川市西方１４７７ー１,4390037,2022-05-01,,,
A222310002056,A2(こども),22(静岡),3(私),1(本),花園こども園,静岡県浜松市中央区西伊場町７７－１,4328038,2022-05-01,,,
A222310002065,A2(こども),22(静岡),3(私),1(本),まつばこども園,静岡県浜松市中央区上島一丁目２６ー１４,4338122,2022-05-01,,,
A222310002074,A2(こども),22(静岡),3(私),1(本),天林寺こども園,静岡県浜松市中央区下池川町２７ー１,4300905,2022-05-01,,,
A222310002083,A2(こども),22(静岡),3(私),1(本),認定こども園沼津学園第一幼稚園,静岡県沼津市寿町１６ー４０,4100053,2022-05-01,,,
A222310002092,A2(こども),22(静岡),3(私),1(本),遊歩の丘みなみプレスクール,静岡県浜松市中央区新橋町９１７,4328058,2022-05-01,,,
A222310002109,A2(こども),22(静岡),3(私),1(本),葵ヶ丘こども園,静岡県浜松市中央区高丘東三丁目５４－１８,4338117,2023-05-01,,,
A222310002118,A2(こども),22(静岡),3(私),1(本),中央ながかみこども園,静岡県浜松市中央区中島二丁目７－８,4300856,2023-05-01,,,
A222310002127,A2(こども),22(静岡),3(私),1(本),ながかみこども園,静岡県浜松市中央区中田町７７６,4350057,2023-05-01,,,
A222310002136,A2(こども),22(静岡),3(私),1(本),花園幼稚園,静岡県浜松市中央区篠原町９３７６－１,4310201,2023-05-01,,,
A222310002145,A2(こども),22(静岡),3(私),1(本),幼保連携型認定こども園富岳キッズセンターあい,静岡県裾野市茶畑９３８－１,4101121,2023-05-01,,,
A222310002154,A2(こども),22(静岡),3(私),1(本),きとうこども園,静岡県掛川市下土方３８０－１,4371434,2023-05-01,,,
A222310002163,A2(こども),22(静岡),3(私),1(本),ルンビニこども園,静岡県袋井市浅羽１２４８,4371101,2023-05-01,,,
A222310002172,A2(こども),22(静岡),3(私),1(本),梨花幼稚園,静岡県静岡市駿河区下川原二丁目３３番１５号,4210113,2023-05-01,,,
A222310002181,A2(こども),22(静岡),3(私),1(本),プメハナリコこども園,静岡県藤枝市大東町４７－１,4260044,2024-05-01,,,
A222310002190,A2(こども),22(静岡),3(私),1(本),プメハナリコエルアこども園,静岡県藤枝市兵太夫５０５－１１,4260042,2024-05-01,,,
A222310002207,A2(こども),22(静岡),3(私),1(本),幼保連携型認定こども園ふじの花こども園,静岡県藤枝市与左衛門４１－８,4260047,2024-05-01,,,
A222310002216,A2(こども),22(静岡),3(私),1(本),ぽんぽん石脇こども園,静岡県裾野市石脇５５番地の１,4101117,2024-05-01,,,
A222310002225,A2(こども),22(静岡),3(私),1(本),真愛白須賀こども園,静岡県湖西市白須賀４２０７,4310451,2024-05-01,,,
A222310002234,A2(こども),22(静岡),3(私),1(本),幼保連携型認定こども園聖心保育園,静岡県駿東郡長泉町納米里２１９,4110933,2024-05-01,,,
A222310002243,A2(こども),22(静岡),3(私),1(本),志都呂こども園,静岡県浜松市中央区志都呂１丁目３－７,4328069,2024-05-01,,,
A222310002252,A2(こども),22(静岡),3(私),1(本),マーガレットこども園,静岡県浜松市中央区坪井町４５７１,4310202,2024-05-01,,,
A222310002261,A2(こども),22(静岡),3(私),1(本),矢部保育園,静岡県静岡市清水区南矢部６６８－１０,4240864,2024-05-01,,,
A222310002270,A2(こども),22(静岡),3(私),1(本),あいわ保育園,静岡県静岡市清水区下野町１２－６８,4240011,2024-05-01,,,
A222310002289,A2(こども),22(静岡),3(私),1(本),うど東保育園,静岡県静岡市清水区吉川６４２,4240055,2024-05-01,,,
A222310002298,A2(こども),22(静岡),3(私),1(本),幼保連携型認定こども園高洲こども園,静岡県藤枝市高柳２－６－１,4260041,2024-05-01,,,
A222310002305,A2(こども),22(静岡),3(私),1(本),有度幼稚園,静岡県静岡市清水区草薙一里山１番１１号,4240884,2024-05-01,,,
A222310002314,A2(こども),22(静岡),3(私),1(本),幼保連携型認定こども園梅の実こども園,静岡県三島市梅名４７－１,4110816,2025-05-01,,,
A222310002323,A2(こども),22(静岡),3(私),1(本),認定こども園杉の木保育園,静岡県富士市伝法２８３７,4170061,2025-05-01,,,
A222310002332,A2(こども),22(静岡),3(私),1(本),あつはらこども園,静岡県富士市厚原７５４－１,4190201,2025-05-01,,,
A222310002341,A2(こども),22(静岡),3(私),1(本),認定こども園富士リズム幼稚園,静岡県富士市伝法１７４０－１,4170061,2025-05-01,,,
A222310002350,A2(こども),22(静岡),3(私),1(本),ハローうさぎ山,静岡県磐田市東貝塚２０５－１,4380037,2025-05-01,,,
A222310002369,A2(こども),22(静岡),3(私),1(本),白羽のんのん英育園,静岡県御前崎市白羽３５２０－４６,4371622,2025-05-01,,,
A222310002378,A2(こども),22(静岡),3(私),1(本),おおぞら認定こども園,静岡県菊川市下内田８３２－１,4390034,2025-05-01,,,
A222310002387,A2(こども),22(静岡),3(私),1(本),愛恵こどもの園,静岡県浜松市中央区鴨江三丁目３－３７,4328023,2025-05-01,,,
A222310002396,A2(こども),22(静岡),3(私),1(本),舘山寺こども園,静岡県浜松市中央区舘山寺町２４１８－１,4311209,2025-05-01,,,
A222310002403,A2(こども),22(静岡),3(私),1(本),三方ときめきこども園,静岡県浜松市中央区東三方町１８５－２,4338104,2025-05-01,,,
A222310002412,A2(こども),22(静岡),3(私),1(本),天王こども園,静岡県浜松市中央区天王町９４３,4350052,2025-05-01,,,
A222310002421,A2(こども),22(静岡),3(私),1(本),認定こども園三和幼稚園,静岡県焼津市三和６１４－２,4250064,2026-05-01,,,
A222310002430,A2(こども),22(静岡),3(私),1(本),認定こども園中野保育園,静岡県富士市大淵２８１４,4170801,2026-05-01,,,
A222310002449,A2(こども),22(静岡),3(私),1(本),認定こども園ひろみ保育園,静岡県富士市大淵３６－１０,4170801,2026-05-01,,,
A222310002458,A2(こども),22(静岡),3(私),1(本),豊田みなみ保育園,静岡県磐田市豊田西之島５５２,4380835,2026-05-01,,,
A222310002467,A2(こども),22(静岡),3(私),1(本),さくらこども園,静岡県裾野市公文名１－１,4101112,2026-05-01,,,
A222310002476,A2(こども),22(静岡),3(私),2(分),さくらこども園小柄沢分園,静岡県裾野市佐野７９８－２,4101118,2026-05-01,,,
A222310002485,A2(こども),22(静岡),3(私),1(本),社会福祉法人ときわ会幼保連携型認定ときわこども園,静岡県周智郡森町向天方１１１７－１,4370212,2026-05-01,,,
A222310002494,A2(こども),22(静岡),3(私),1(本),みどりこども園,静岡県浜松市中央区有玉西町１２２２,4313123,2026-05-01,,,
A222310002501,A2(こども),22(静岡),3(私),1(本),浜北西こども園,静岡県浜松市浜名区新原４２８４－１,4340003,2026-05-01,,,
A222310002510,A2(こども),22(静岡),3(私),1(本),イーリスプレスクール,静岡県磐田市加茂１０２７－１,4380804,2026-05-01,,,
A222310002529,A2(こども),22(静岡),3(私),1(本),気賀こども園,静岡県浜松市天竜区細江町気賀９９７－１,4311305,2026-05-01,,,
A222310002538,A2(こども),22(静岡),3(私),1(本),いさみ保育園,静岡県静岡市葵区桜町２丁目４番５１号,4200945,2026-05-01,,,
A222310002547,A2(こども),22(静岡),3(私),1(本),掛川あそびこども園,静岡県掛川市岡津６３－２,4360037,2026-05-01,,,
B122110000015,B1(小学校),22(静岡),1(国),1(本),静岡大学教育学部附属静岡小学校,静岡県静岡市葵区駿府町１－９４,4200856,2020-12-22,,220001,
B122110000024,B1(小学校),22(静岡),1(国),1(本),静岡大学教育学部附属浜松小学校,静岡県浜松市中央区布橋３－２－１,4328012,2020-12-22,,220002,
B122210000013,B1(小学校),22(静岡),2(公),1(本),沼津市立集明小学校,静岡県沼津市八幡町６５－１,4100881,2020-12-22,,220011,
B122210000022,B1(小学校),22(静岡),2(公),9(廃),沼津市立第二小学校,静岡県沼津市常盤町２－３２,4100853,2020-12-22,2026-05-01,220012,B122210000013
B122210000031,B1(小学校),22(静岡),2(公),1(本),沼津市立第三小学校,静岡県沼津市下香貫下障子３１５７－２,4100822,2020-12-22,,220013,
B122210000040,B1(小学校),22(静岡),2(公),1(本),沼津市立第四小学校,静岡県沼津市御幸町４－１,4100832,2020-12-22,,220014,
B122210000059,B1(小学校),22(静岡),2(公),1(本),沼津市立第五小学校,静岡県沼津市米山町９－１,4100046,2020-12-22,,220015,
B122210000068,B1(小学校),22(静岡),2(公),1(本),沼津市立開北小学校,静岡県沼津市高沢町１７－１,4100057,2020-12-22,,220016,
B122210000077,B1(小学校),22(静岡),2(公),9(廃),沼津市立千本小学校,静岡県沼津市本字千本１９１０の１９,4100867,2020-12-22,2026-05-01,220017,B122210000013
B122210000086,B1(小学校),22(静岡),2(公),1(本),沼津市立片浜小学校,静岡県沼津市大諏訪４１,4100873,2020-12-22,,220018,
B122210000095,B1(小学校),22(静岡),2(公),1(本),沼津市立金岡小学校,静岡県沼津市江原町３－１,4100049,2020-12-22,,220019,
B122210000102,B1(小学校),22(静岡),2(公),1(本),沼津市立大岡小学校,静岡県沼津市大岡２３５８,4100022,2020-12-22,,220020,
B122210000111,B1(小学校),22(静岡),2(公),1(本),沼津市立静浦小学校,静岡県沼津市獅子浜１７,4100104,2020-12-22,,220021,
B122210000120,B1(小学校),22(静岡),2(公),1(本),沼津市立愛鷹小学校,静岡県沼津市西椎路６７３－１,4100303,2020-12-22,,220024,
B122210000139,B1(小学校),22(静岡),2(公),1(本),沼津市立大平小学校,静岡県沼津市大平２２００,4100821,2020-12-22,,220026,
B122210000148,B1(小学校),22(静岡),2(公),9(廃),沼津市立内浦小学校,静岡県沼津市内浦三津４１０－１,4100223,2020-12-22,2021-05-27,220027,B122210005036
B122210000157,B1(小学校),22(静岡),2(公),9(廃),沼津市立西浦小学校,静岡県沼津市西浦平沢２５５－２,4100234,2020-12-22,2021-05-27,220028,B122210005036
B122210000166,B1(小学校),22(静岡),2(公),1(本),沼津市立香貫小学校,静岡県沼津市下香貫猪沼９８６,4100822,2020-12-22,,220030,
B122210000175,B1(小学校),22(静岡),2(公),1(本),沼津市立門池小学校,静岡県沼津市岡一色８８－２,4100012,2020-12-22,,220031,
B122210000184,B1(小学校),22(静岡),2(公),1(本),沼津市立今沢小学校,静岡県沼津市東原字榎田通７６－１,4100304,2020-12-22,,220032,
B122210000193,B1(小学校),22(静岡),2(公),1(本),沼津市立沢田小学校,静岡県沼津市中沢田字円丸７１５,4100006,2020-12-22,,220033,
B122210000200,B1(小学校),22(静岡),2(公),1(本),沼津市立原東小学校,静岡県沼津市大塚８１４－１,4100306,2020-12-22,,220034,
B122210000219,B1(小学校),22(静岡),2(公),1(本),熱海市立第一小学校,静岡県熱海市西山町４１－１,4130034,2020-12-22,,220060,
B122210000228,B1(小学校),22(静岡),2(公),1(本),熱海市立初島小学校,静岡県熱海市初島２１９,4130004,2020-12-22,,220061,
B122210000237,B1(小学校),22(静岡),2(公),1(本),熱海市立第二小学校,静岡県熱海市桜町３―２０,4130028,2020-12-22,,220062,
B122210000246,B1(小学校),22(静岡),2(公),1(本),熱海市立多賀小学校,静岡県熱海市下多賀９２０－１,4130102,2020-12-22,,220063,
B122210000255,B1(小学校),22(静岡),2(公),1(本),熱海市立伊豆山小学校,静岡県熱海市伊豆山７１１,4130002,2020-12-22,,220064,
B122210000264,B1(小学校),22(静岡),2(公),1(本),熱海市立桃山小学校,静岡県熱海市桃山町６－５,4130006,2020-12-22,,220065,
B122210000273,B1(小学校),22(静岡),2(公),9(廃),熱海市立網代小学校,静岡県熱海市網代１９５,4130103,2020-12-22,2021-05-27,220066,B122210000246
B122210000282,B1(小学校),22(静岡),2(公),1(本),熱海市立泉小学校,静岡県熱海市泉２８０,4130001,2020-12-22,,220067,
B122210000291,B1(小学校),22(静岡),2(公),1(本),三島市立東小学校,静岡県三島市東町１０－１,4110852,2020-12-22,,220090,
B122210000308,B1(小学校),22(静岡),2(公),1(本),三島市立西小学校,静岡県三島市緑町７－７,4110848,2020-12-22,,220091,
B122210000317,B1(小学校),22(静岡),2(公),1(本),三島市立南小学校,静岡県三島市富田町６－１,4110836,2020-12-22,,220092,
B122210000326,B1(小学校),22(静岡),2(公),1(本),三島市立北小学校,静岡県三島市文教町１－４－８,4110033,2020-12-22,,220093,
B122210000335,B1(小学校),22(静岡),2(公),1(本),三島市立錦田小学校,静岡県三島市谷田９６６,4110801,2020-12-22,,220094,
B122210000344,B1(小学校),22(静岡),2(公),1(本),三島市立徳倉小学校,静岡県三島市徳倉４－１－４５,4110044,2020-12-22,,220095,
B122210000353,B1(小学校),22(静岡),2(公),1(本),三島市立坂小学校,静岡県三島市市山新田１６３－２,4110015,2020-12-22,,220096,
B122210000362,B1(小学校),22(静岡),2(公),1(本),三島市立佐野小学校,静岡県三島市佐野２３８,4110047,2020-12-22,,220099,
B122210000371,B1(小学校),22(静岡),2(公),1(本),三島市立中郷小学校,静岡県三島市梅名４５３,4110816,2020-12-22,,220100,
B122210000380,B1(小学校),22(静岡),2(公),1(本),三島市立沢地小学校,静岡県三島市沢地１２７－１,4110043,2020-12-22,,220101,
B122210000399,B1(小学校),22(静岡),2(公),1(本),三島市立向山小学校,静岡県三島市谷田１９４６,4110801,2020-12-22,,220102,
B122210000406,B1(小学校),22(静岡),2(公),1(本),三島市立北上小学校,静岡県三島市徳倉８４４－１,4110044,2020-12-22,,220103,
B122210000415,B1(小学校),22(静岡),2(公),1(本),三島市立山田小学校,静岡県三島市川原ヶ谷８１２,4110022,2020-12-22,,220104,
B122210000424,B1(小学校),22(静岡),2(公),1(本),三島市立長伏小学校,静岡県三島市長伏２２６－５,4110824,2020-12-22,,220105,
B122210000433,B1(小学校),22(静岡),2(公),1(本),富士宮市立東小学校,静岡県富士宮市矢立町２２７,4180072,2020-12-22,,220120,
B122210000442,B1(小学校),22(静岡),2(公),1(本),富士宮市立黒田小学校,静岡県富士宮市星山１０３０－２,4180035,2020-12-22,,220121,
B122210000451,B1(小学校),22(静岡),2(公),1(本),富士宮市立大宮小学校,静岡県富士宮市元城町２－１,4180064,2020-12-22,,220122,
B122210000460,B1(小学校),22(静岡),2(公),1(本),富士宮市立貴船小学校,静岡県富士宮市貴船町３－３,4180042,2020-12-22,,220123,
B122210000479,B1(小学校),22(静岡),2(公),1(本),富士宮市立富丘小学校,静岡県富士宮市淀師４８９－４,4180051,2020-12-22,,220124,
B122210000488,B1(小学校),22(静岡),2(公),1(本),富士宮市立西小学校,静岡県富士宮市安居山３８０,4180037,2020-12-22,,220125,
B122210000497,B1(小学校),22(静岡),2(公),1(本),富士宮市立大富士小学校,静岡県富士宮市万野原新田３９９２,4180001,2020-12-22,,220126,
B122210000503,B1(小学校),22(静岡),2(公),1(本),富士宮市立富士根南小学校,静岡県富士宮市小泉１６７５,4180022,2020-12-22,,220127,
B122210000512,B1(小学校),22(静岡),2(公),1(本),富士宮市立富士根北小学校,静岡県富士宮市村山１４９９,4180012,2020-12-22,,220128,
B122210000521,B1(小学校),22(静岡),2(公),2(分),富士宮市立富士根北小学校粟倉分校,静岡県富士宮市粟倉１８２８,4180011,2020-12-22,,220129,
B122210000530,B1(小学校),22(静岡),2(公),1(本),富士宮市立北山小学校,静岡県富士宮市北山１５８２,4180112,2020-12-22,,220130,
B122210000549,B1(小学校),22(静岡),2(公),1(本),富士宮市立山宮小学校,静岡県富士宮市山宮１５６０－１,4180111,2020-12-22,,220131,
B122210000558,B1(小学校),22(静岡),2(公),1(本),富士宮市立上井出小学校,静岡県富士宮市上井出１４００,4180103,2020-12-22,,220132,
B122210000567,B1(小学校),22(静岡),2(公),1(本),富士宮市立人穴小学校,静岡県富士宮市人穴３６２,4180102,2020-12-22,,220133,
B122210000576,B1(小学校),22(静岡),2(公),1(本),富士宮市立井之頭小学校,静岡県富士宮市猪之頭１６８,4180108,2020-12-22,,220134,
B122210000585,B1(小学校),22(静岡),2(公),2(分),富士宮市立井之頭小学校根原分校,静岡県富士宮市根原１５５,4180101,2020-12-22,,220136,
B122210000594,B1(小学校),22(静岡),2(公),1(本),富士宮市立白糸小学校,静岡県富士宮市原１１１５,4180105,2020-12-22,,220137,
B122210000601,B1(小学校),22(静岡),2(公),1(本),富士宮市立上野小学校,静岡県富士宮市下条４０８,4180114,2020-12-22,,220138,
B122210000610,B1(小学校),22(静岡),2(公),1(本),富士宮市立富士見小学校,静岡県富士宮市富士見ヶ丘１７９４,4180014,2020-12-22,,220139,
B122210000629,B1(小学校),22(静岡),2(公),9(廃),伊東市立東小学校,静岡県伊東市大原２丁目２番６号,4140046,2020-12-22,2023-05-01,220160,B122210005054
B122210000638,B1(小学校),22(静岡),2(公),9(廃),伊東市立西小学校,静岡県伊東市幸町１番５号,4140017,2020-12-22,2023-05-01,220161,B122210005054
B122210000647,B1(小学校),22(静岡),2(公),9(廃),伊東市立川奈小学校,静岡県伊東市川奈１０８３番地の１,4140044,2020-12-22,2021-05-27,220162,B122210000709
B122210000656,B1(小学校),22(静岡),2(公),1(本),伊東市立大池小学校,静岡県伊東市吉田８２４番地の４,4140051,2020-12-22,,220163,
B122210000665,B1(小学校),22(静岡),2(公),1(本),伊東市立宇佐美小学校,静岡県伊東市宇佐美１６２７番地の１,4140001,2020-12-22,,220164,
B122210000674,B1(小学校),22(静岡),2(公),1(本),伊東市立八幡野小学校,静岡県伊東市八幡野９７６番地の１,4130232,2020-12-22,,220165,
B122210000683,B1(小学校),22(静岡),2(公),1(本),伊東市立富戸小学校,静岡県伊東市富戸１２０３番地の１,4130231,2020-12-22,,220166,
B122210000692,B1(小学校),22(静岡),2(公),1(本),伊東市立池小学校,静岡県伊東市池４７７番地の２,4130234,2020-12-22,,220167,
B122210000709,B1(小学校),22(静岡),2(公),1(本),伊東市立南小学校,静岡県伊東市玖須美元和田７１６番地の８７,4140045,2020-12-22,,220168,
B122210000718,B1(小学校),22(静岡),2(公),9(廃),伊東市立旭小学校,静岡県伊東市岡１２７０番地の１,4140055,2020-12-22,2023-05-01,220169,B122210005054
B122210000727,B1(小学校),22(静岡),2(公),1(本),富士市立吉原小学校,静岡県富士市高嶺町６番１号,4170044,2020-12-22,,220190,
B122210000736,B1(小学校),22(静岡),2(公),1(本),富士市立今泉小学校,静岡県富士市今泉３丁目１７番１号,4170001,2020-12-22,,220191,
B122210000745,B1(小学校),22(静岡),2(公),1(本),富士市立伝法小学校,静岡県富士市伝法２７４３番地,4170061,2020-12-22,,220192,
B122210000754,B1(小学校),22(静岡),2(公),1(本),富士市立神戸小学校,静岡県富士市神戸６３３番地,4170807,2020-12-22,,220193,
B122210000763,B1(小学校),22(静岡),2(公),1(本),富士市立元吉原小学校,静岡県富士市今井３丁目４番２号,4170846,2020-12-22,,220194,
B122210000772,B1(小学校),22(静岡),2(公),1(本),富士市立東小学校,静岡県富士市西船津２２０番地,4170814,2020-12-22,,220195,
B122210000781,B1(小学校),22(静岡),2(公),1(本),富士市立須津小学校,静岡県富士市中里１０１９番地,4170826,2020-12-22,,220196,
B122210000790,B1(小学校),22(静岡),2(公),1(本),富士市立吉永第一小学校,静岡県富士市比奈１４３１番地,4170847,2020-12-22,,220197,
B122210000807,B1(小学校),22(静岡),2(公),1(本),富士市立吉永第二小学校,静岡県富士市鵜無ヶ淵１４９番地の１,4170805,2020-12-22,,220198,
B122210000816,B1(小学校),22(静岡),2(公),1(本),富士市立原田小学校,静岡県富士市原田４８０番地,4170852,2020-12-22,,220200,
B122210000825,B1(小学校),22(静岡),2(公),1(本),富士市立大淵第一小学校,静岡県富士市大淵３０１２番地,4170801,2020-12-22,,220201,
B122210000834,B1(小学校),22(静岡),2(公),9(廃),富士市立大淵第二小学校,静岡県富士市大淵８６７３番地の１,4170801,2020-12-22,2023-05-01,220202,B122210000825
B122210000843,B1(小学校),22(静岡),2(公),1(本),富士市立富士第一小学校,静岡県富士市本市場２８０番地の２,4160906,2020-12-22,,220203,
B122210000852,B1(小学校),22(静岡),2(公),1(本),富士市立富士第二小学校,静岡県富士市横割１丁目８番１号,4160944,2020-12-22,,220204,
B122210000861,B1(小学校),22(静岡),2(公),1(本),富士市立田子浦小学校,静岡県富士市中丸９８番地,4160933,2020-12-22,,220205,
B122210000870,B1(小学校),22(静岡),2(公),1(本),富士市立岩松小学校,静岡県富士市松岡８５０番地,4160909,2020-12-22,,220206,
B122210000889,B1(小学校),22(静岡),2(公),1(本),富士市立鷹岡小学校,静岡県富士市久沢２丁目３番１号,4190202,2020-12-22,,220207,
B122210000898,B1(小学校),22(静岡),2(公),1(本),富士市立広見小学校,静岡県富士市広見本町１番１号,4170864,2020-12-22,,220208,
B122210000905,B1(小学校),22(静岡),2(公),1(本),富士市立丘小学校,静岡県富士市厚原２０７５番地,4190201,2020-12-22,,220209,
B122210000914,B1(小学校),22(静岡),2(公),1(本),富士市立富士見台小学校,静岡県富士市富士見台１丁目１２番地,4170851,2020-12-22,,220210,
B122210000923,B1(小学校),22(静岡),2(公),1(本),富士市立富士南小学校,静岡県富士市宮下５５１番地,4160947,2020-12-22,,220211,
B122210000932,B1(小学校),22(静岡),2(公),1(本),富士市立天間小学校,静岡県富士市天間５０番地,4190205,2020-12-22,,220212,
B122210000941,B1(小学校),22(静岡),2(公),1(本),富士市立岩松北小学校,静岡県富士市岩本１２３番地の１,4160901,2020-12-22,,220213,
B122210000950,B1(小学校),22(静岡),2(公),1(本),富士市立富士中央小学校,静岡県富士市米之宮町２９５番地,4160951,2020-12-22,,220214,
B122210000969,B1(小学校),22(静岡),2(公),1(本),富士市立青葉台小学校,静岡県富士市一色２９５番地,4170808,2020-12-22,,220215,
B122210000978,B1(小学校),22(静岡),2(公),1(本),御殿場市立御殿場小学校,静岡県御殿場市萩原３６１－１,4120042,2020-12-22,,220230,
B122210000987,B1(小学校),22(静岡),2(公),1(本),御殿場市立御殿場南小学校,静岡県御殿場市川島田５８０,4120045,2020-12-22,,220231,
B122210000996,B1(小学校),22(静岡),2(公),1(本),御殿場市立富士岡小学校,静岡県御殿場市中山１６１,4120035,2020-12-22,,220232,
B122210001003,B1(小学校),22(静岡),2(公),1(本),御殿場市立神山小学校,静岡県御殿場市神山４７８－２,4120033,2020-12-22,,220233,
B122210001012,B1(小学校),22(静岡),2(公),1(本),御殿場市立原里小学校,静岡県御殿場市川島田１９０２,4120045,2020-12-22,,220235,
B122210001021,B1(小学校),22(静岡),2(公),1(本),御殿場市立玉穂小学校,静岡県御殿場市中畑４４１,4120006,2020-12-22,,220236,
B122210001030,B1(小学校),22(静岡),2(公),1(本),御殿場市立印野小学校,静岡県御殿場市印野１７１０,4120008,2020-12-22,,220237,
B122210001049,B1(小学校),22(静岡),2(公),1(本),御殿場市立高根小学校,静岡県御殿場市塚原３８－５,4120017,2020-12-22,,220238,
B122210001058,B1(小学校),22(静岡),2(公),2(分),御殿場市立高根小学校上小林分校,静岡県御殿場市上小林７３０－１,4120002,2020-12-22,,220239,
B122210001067,B1(小学校),22(静岡),2(公),1(本),御殿場市立朝日小学校,静岡県御殿場市川島田８４－１,4120045,2020-12-22,,220240,
B122210001076,B1(小学校),22(静岡),2(公),1(本),御殿場市立東小学校,静岡県御殿場市西田中３１０,4120027,2020-12-22,,220241,
B122210001085,B1(小学校),22(静岡),2(公),1(本),東伊豆町立稲取小学校,静岡県賀茂郡東伊豆町稲取６１４－１,4130411,2020-12-22,,220300,
B122210001094,B1(小学校),22(静岡),2(公),1(本),東伊豆町立熱川小学校,静岡県賀茂郡東伊豆町奈良本７７１－１,4130302,2020-12-22,,220301,
B122210001101,B1(小学校),22(静岡),2(公),9(廃),河津町立東小学校,静岡県賀茂郡河津町見高１０３２,4130503,2020-12-22,2023-05-01,220310,B122210005063
B122210001110,B1(小学校),22(静岡),2(公),9(廃),河津町立西小学校,静岡県賀茂郡河津町湯ヶ野８０－１,4130507,2020-12-22,2023-05-01,220311,B122210005063
B122210001129,B1(小学校),22(静岡),2(公),9(廃),河津町立南小学校,静岡県賀茂郡河津町笹原３２８－１,4130512,2020-12-22,2023-05-01,220312,B122210005063
B122210001138,B1(小学校),22(静岡),2(公),1(本),下田市立稲梓小学校,静岡県下田市椎原２２４,4130704,2020-12-22,,220321,
B122210001147,B1(小学校),22(静岡),2(公),1(本),下田市立稲生沢小学校,静岡県下田市立野６－１,4150032,2020-12-22,,220322,
B122210001156,B1(小学校),22(静岡),2(公),1(本),下田市立白浜小学校,静岡県下田市白浜１３２４－１,4150012,2020-12-22,,220323,
B122210001165,B1(小学校),22(静岡),2(公),1(本),下田市立浜崎小学校,静岡県下田市須崎１７８５－１,4150014,2020-12-22,,220324,
B122210001174,B1(小学校),22(静岡),2(公),1(本),下田市立下田小学校,静岡県下田市五丁目３番１号,4150025,2020-12-22,,220325,
B122210001183,B1(小学校),22(静岡),2(公),1(本),下田市立大賀茂小学校,静岡県下田市大賀茂１４２９番地,4150038,2020-12-22,,220326,
B122210001192,B1(小学校),22(静岡),2(公),1(本),下田市立朝日小学校,静岡県下田市吉佐美５４４,4150028,2020-12-22,,220327,
B122210001209,B1(小学校),22(静岡),2(公),1(本),南伊豆町立南中小学校,静岡県賀茂郡南伊豆町上賀茂８０番地,4150302,2020-12-22,,220342,
B122210001218,B1(小学校),22(静岡),2(公),1(本),南伊豆町立南上小学校,静岡県賀茂郡南伊豆町下小野６４０,4150323,2020-12-22,,220343,
B122210001227,B1(小学校),22(静岡),2(公),1(本),南伊豆町立南伊豆東小学校,静岡県賀茂郡南伊豆町湊２４３,4150152,2020-12-22,,220346,
B122210001236,B1(小学校),22(静岡),2(公),1(本),松崎町立松崎小学校,静岡県賀茂郡松崎町宮内３３２,4103612,2020-12-22,,220360,
B122210001245,B1(小学校),22(静岡),2(公),1(本),西伊豆町立仁科小学校,静岡県賀茂郡西伊豆町仁科１８４,4103514,2020-12-22,,220370,
B122210001254,B1(小学校),22(静岡),2(公),9(廃),西伊豆町立田子小学校,静岡県賀茂郡西伊豆町田子１３２０,4103515,2020-12-22,2024-05-01,220372,B122210001263
B122210001263,B1(小学校),22(静岡),2(公),1(本),西伊豆町立賀茂小学校,静岡県賀茂郡西伊豆町宇久須８３６－２,4103501,2020-12-22,,220382,
B122210001272,B1(小学校),22(静岡),2(公),1(本),伊豆の国市立長岡南小学校,静岡県伊豆の国市長岡１２９４―１,4102211,2020-12-22,,220400,
B122210001281,B1(小学校),22(静岡),2(公),1(本),伊豆の国市立長岡北小学校,静岡県伊豆の国市南江間１２００番地,4102221,2020-12-22,,220401,
B122210001290,B1(小学校),22(静岡),2(公),1(本),伊豆市立修善寺小学校,静岡県伊豆市修善寺３２４４－１,4102416,2020-12-22,,220410,
B122210001307,B1(小学校),22(静岡),2(公),1(本),伊豆市立熊坂小学校,静岡県伊豆市熊坂７０８－３,4102411,2020-12-22,,220411,
B122210001316,B1(小学校),22(静岡),2(公),1(本),伊豆市立修善寺東小学校,静岡県伊豆市本立野４１９,4102414,2020-12-22,,220412,
B122210001325,B1(小学校),22(静岡),2(公),1(本),伊豆市立修善寺南小学校,静岡県伊豆市柏久保４２５ー１,4102407,2020-12-22,,220413,
B122210001334,B1(小学校),22(静岡),2(公),1(本),沼津市立戸田小学校,静岡県沼津市戸田８８３,4103402,2020-12-22,,220420,
B122210001343,B1(小学校),22(静岡),2(公),1(本),函南町立函南小学校,静岡県田方郡函南町仁田１４８,4190114,2020-12-22,,220440,
B122210001352,B1(小学校),22(静岡),2(公),1(本),函南町立丹那小学校,静岡県田方郡函南町丹那４４３,4190105,2020-12-22,,220441,
B122210001361,B1(小学校),22(静岡),2(公),1(本),函南町立桑村小学校,静岡県田方郡函南町桑原９３３,4190101,2020-12-22,,220442,
B122210001370,B1(小学校),22(静岡),2(公),1(本),函南町立東小学校,静岡県田方郡函南町平井９７２,4190107,2020-12-22,,220443,
B122210001389,B1(小学校),22(静岡),2(公),1(本),函南町立西小学校,静岡県田方郡函南町間宮４７５,4190123,2020-12-22,,220444,
B122210001398,B1(小学校),22(静岡),2(公),1(本),伊豆の国市立韮山小学校,静岡県伊豆の国市四日町３５０番地,4102123,2020-12-22,,220450,
B122210001405,B1(小学校),22(静岡),2(公),1(本),伊豆の国市立韮山南小学校,静岡県伊豆の国市中８１７－１,4102113,2020-12-22,,220454,
B122210001414,B1(小学校),22(静岡),2(公),1(本),伊豆の国市立大仁小学校,静岡県伊豆の国市三福３２５,4102321,2020-12-22,,220460,
B122210001423,B1(小学校),22(静岡),2(公),1(本),伊豆の国市立大仁北小学校,静岡県伊豆の国市守木３１２,4102317,2020-12-22,,220463,
B122210001432,B1(小学校),22(静岡),2(公),1(本),伊豆市立中伊豆小学校,静岡県伊豆市八幡１５８－２,4102505,2020-12-22,,220485,
B122210001441,B1(小学校),22(静岡),2(公),1(本),伊豆市立天城小学校,静岡県伊豆市青羽根４１ー３,4103213,2020-12-22,,220486,
B122210001450,B1(小学校),22(静岡),2(公),1(本),沼津市立原小学校,静岡県沼津市原１２００,4100312,2020-12-22,,220500,
B122210001469,B1(小学校),22(静岡),2(公),1(本),沼津市立浮島小学校,静岡県沼津市平沼８１１,4100318,2020-12-22,,220501,
B122210001478,B1(小学校),22(静岡),2(公),1(本),沼津市立大岡南小学校,静岡県沼津市大岡字原田１３１２,4100022,2020-12-22,,220502,
B122210001487,B1(小学校),22(静岡),2(公),1(本),清水町立清水小学校,静岡県駿東郡清水町堂庭８７,4110903,2020-12-22,,220510,
B122210001496,B1(小学校),22(静岡),2(公),1(本),清水町立南小学校,静岡県駿東郡清水町湯川１８２－１,4110918,2020-12-22,,220511,
B122210001502,B1(小学校),22(静岡),2(公),1(本),清水町立西小学校,静岡県駿東郡清水町長沢２２０,4110905,2020-12-22,,220512,
B122210001511,B1(小学校),22(静岡),2(公),1(本),長泉町立長泉小学校,静岡県駿東郡長泉町中土狩８７２－２,4110942,2020-12-22,,220520,
B122210001520,B1(小学校),22(静岡),2(公),1(本),長泉町立南小学校,静岡県駿東郡長泉町竹原１００,4110944,2020-12-22,,220522,
B122210001539,B1(小学校),22(静岡),2(公),1(本),長泉町立北小学校,静岡県駿東郡長泉町下長窪１０６０,4110934,2020-12-22,,220523,
B122210001548,B1(小学校),22(静岡),2(公),1(本),裾野市立東小学校,静岡県裾野市茶畑３９９番地,4101121,2020-12-22,,220530,
B122210001557,B1(小学校),22(静岡),2(公),1(本),裾野市立西小学校,静岡県裾野市佐野１１４３,4101118,2020-12-22,,220531,
B122210001566,B1(小学校),22(静岡),2(公),1(本),裾野市立深良小学校,静岡県裾野市深良６５５番地,4101102,2020-12-22,,220532,
B122210001575,B1(小学校),22(静岡),2(公),1(本),裾野市立富岡第一小学校,静岡県裾野市御宿６００,4101107,2020-12-22,,220533,
B122210001584,B1(小学校),22(静岡),2(公),1(本),裾野市立富岡第二小学校,静岡県裾野市下和田８９０,4101105,2020-12-22,,220534,
B122210001593,B1(小学校),22(静岡),2(公),1(本),裾野市立須山小学校,静岡県裾野市須山１６５番地,4101231,2020-12-22,,220535,
B122210001600,B1(小学校),22(静岡),2(公),9(廃),裾野市立向田小学校,静岡県裾野市茶畑１１３３,4101121,2020-12-22,2025-05-01,220536,B122210001548
B122210001619,B1(小学校),22(静岡),2(公),1(本),裾野市立千福が丘小学校,静岡県裾野市千福が丘四丁目１２－１,4101115,2020-12-22,,220537,
B122210001628,B1(小学校),22(静岡),2(公),1(本),裾野市立南小学校,静岡県裾野市伊豆島田８０６－５,4101123,2020-12-22,,220538,
B122210001637,B1(小学校),22(静岡),2(公),1(本),小山町立成美小学校,静岡県駿東郡小山町藤曲１５０,4101304,2020-12-22,,220550,
B122210001646,B1(小学校),22(静岡),2(公),1(本),小山町立明倫小学校,静岡県駿東郡小山町菅沼６２７,4101312,2020-12-22,,220551,
B122210001655,B1(小学校),22(静岡),2(公),1(本),小山町立足柄小学校,静岡県駿東郡小山町竹之下２４１１－１,4101313,2020-12-22,,220552,
B122210001664,B1(小学校),22(静岡),2(公),1(本),小山町立北郷小学校,静岡県駿東郡小山町用沢６０４－１,4101326,2020-12-22,,220553,
B122210001673,B1(小学校),22(静岡),2(公),1(本),小山町立須走小学校,静岡県駿東郡小山町須走７０－１８,4101431,2020-12-22,,220554,
B122210001682,B1(小学校),22(静岡),2(公),1(本),富士宮市立芝富小学校,静岡県富士宮市長貫１３２３,4190315,2020-12-22,,220570,
B122210001691,B1(小学校),22(静岡),2(公),1(本),富士宮市立内房小学校,静岡県富士宮市内房３９０９,4190317,2020-12-22,,220571,
B122210001708,B1(小学校),22(静岡),2(公),1(本),富士宮市立柚野小学校,静岡県富士宮市上柚野８８,4190301,2020-12-22,,220572,
B122210001717,B1(小学校),22(静岡),2(公),1(本),富士宮市立稲子小学校,静岡県富士宮市上稲子８３０－１,4190311,2020-12-22,,220573,
B122210001726,B1(小学校),22(静岡),2(公),1(本),静岡市立新通小学校,静岡県静岡市葵区駒形通二丁目４番４７号,4200042,2020-12-22,,221001,
B122210001735,B1(小学校),22(静岡),2(公),1(本),静岡市立伝馬町小学校,静岡県静岡市葵区伝馬町１４番地の２,4200858,2020-12-22,,221002,
B122210001744,B1(小学校),22(静岡),2(公),1(本),静岡市立安西小学校,静岡県静岡市葵区安西一丁目９６番地の３,4200011,2020-12-22,,221003,
B122210001753,B1(小学校),22(静岡),2(公),1(本),静岡市立横内小学校,静岡県静岡市葵区緑町１番１号,4200844,2020-12-22,,221006,
B122210001762,B1(小学校),22(静岡),2(公),1(本),静岡市立田町小学校,静岡県静岡市葵区田町五丁目７０番地,4200068,2020-12-22,,221007,
B122210001771,B1(小学校),22(静岡),2(公),1(本),静岡市立森下小学校,静岡県静岡市駿河区森下町２番１号,4228061,2020-12-22,,221008,
B122210001780,B1(小学校),22(静岡),2(公),1(本),静岡市立北沼上小学校,静岡県静岡市葵区北沼上１０２０番地,4200901,2020-12-22,,221009,
B122210001799,B1(小学校),22(静岡),2(公),1(本),静岡市立駒形小学校,静岡県静岡市葵区南安倍二丁目１番１号,4200054,2020-12-22,,221010,
B122210001806,B1(小学校),22(静岡),2(公),1(本),静岡市立井宮小学校,静岡県静岡市葵区平和一丁目７番１号,4200876,2020-12-22,,221011,
B122210001815,B1(小学校),22(静岡),2(公),1(本),静岡市立中田小学校,静岡県静岡市駿河区中田二丁目１４番１号,4228041,2020-12-22,,221012,
B122210001824,B1(小学校),22(静岡),2(公),1(本),静岡市立中島小学校,静岡県静岡市駿河区中島２９９２番地の１,4228046,2020-12-22,,221013,
B122210001833,B1(小学校),22(静岡),2(公),1(本),静岡市立東豊田小学校,静岡県静岡市駿河区池田４９１番地の２,4228005,2020-12-22,,221014,
B122210001842,B1(小学校),22(静岡),2(公),1(本),静岡市立西豊田小学校,静岡県静岡市駿河区曲金二丁目８番８０号,4228006,2020-12-22,,221015,
B122210001851,B1(小学校),22(静岡),2(公),1(本),静岡市立安東小学校,静岡県静岡市葵区安東三丁目１６番１号,4200882,2020-12-22,,221016,
B122210001860,B1(小学校),22(静岡),2(公),1(本),静岡市立大里東小学校,静岡県静岡市駿河区高松２３１０番地,4228034,2020-12-22,,221017,
B122210001879,B1(小学校),22(静岡),2(公),1(本),静岡市立大里西小学校,静岡県静岡市駿河区中原４００番地,4228058,2020-12-22,,221018,
B122210001888,B1(小学校),22(静岡),2(公),1(本),静岡市立賤機南小学校,静岡県静岡市葵区松富三丁目１番４６号,4200941,2020-12-22,,221019,
B122210001897,B1(小学校),22(静岡),2(公),1(本),静岡市立賤機中小学校,静岡県静岡市葵区牛妻２０９５番地の２,4212106,2020-12-22,,221020,
B122210001904,B1(小学校),22(静岡),2(公),1(本),静岡市立賤機北小学校,静岡県静岡市葵区俵沢２３４番地の１,4212103,2020-12-22,,221021,
B122210001913,B1(小学校),22(静岡),2(公),1(本),静岡市立千代田小学校,静岡県静岡市葵区沓谷五丁目４７番地の１,4200816,2020-12-22,,221022,
B122210001922,B1(小学校),22(静岡),2(公),1(本),静岡市立麻機小学校,静岡県静岡市葵区有永町２－４３,4200969,2020-12-22,,221023,
B122210001931,B1(小学校),22(静岡),2(公),1(本),静岡市立大谷小学校,静岡県静岡市駿河区大谷３６８３番地の２,4228017,2020-12-22,,221024,
B122210001940,B1(小学校),22(静岡),2(公),1(本),静岡市立久能小学校,静岡県静岡市駿河区古宿２１３番地の２,4228013,2020-12-22,,221025,
B122210001959,B1(小学校),22(静岡),2(公),1(本),静岡市立長田西小学校,静岡県静岡市駿河区丸子六丁目１５番６５号,4210103,2020-12-22,,221026,
B122210001968,B1(小学校),22(静岡),2(公),1(本),静岡市立長田南小学校,静岡県静岡市駿河区広野四丁目７番１号,4210121,2020-12-22,,221027,
B122210001977,B1(小学校),22(静岡),2(公),1(本),静岡市立西奈小学校,静岡県静岡市葵区瀬名三丁目２３番１号,4200911,2020-12-22,,221028,
B122210001986,B1(小学校),22(静岡),2(公),1(本),静岡市立富士見小学校,静岡県静岡市駿河区登呂一丁目１番１号,4228033,2020-12-22,,221029,
B122210001995,B1(小学校),22(静岡),2(公),1(本),静岡市立竜南小学校,静岡県静岡市葵区竜南一丁目２３番１号,4200804,2020-12-22,,221031,
B122210002002,B1(小学校),22(静岡),2(公),1(本),静岡市立松野小学校,静岡県静岡市葵区松野５９８番地の２,4212122,2020-12-22,,221032,
B122210002011,B1(小学校),22(静岡),2(公),1(本),静岡市立安倍口小学校,静岡県静岡市葵区安倍口新田５０番地,4212114,2020-12-22,,221033,
B122210002020,B1(小学校),22(静岡),2(公),1(本),静岡市立足久保小学校,静岡県静岡市葵区足久保口組３２７６ー２,4212124,2020-12-22,,221034,
B122210002039,B1(小学校),22(静岡),2(公),1(本),静岡市立服織小学校,静岡県静岡市葵区羽鳥六丁目９番１号,4211215,2020-12-22,,221035,
B122210002048,B1(小学校),22(静岡),2(公),1(本),静岡市立服織西小学校,静岡県静岡市葵区新間７５９番地の１の１,4211201,2020-12-22,,221036,
B122210002057,B1(小学校),22(静岡),2(公),1(本),静岡市立中藁科小学校,静岡県静岡市葵区大原９４２番地の１,4211314,2020-12-22,,221037,
B122210002066,B1(小学校),22(静岡),2(公),9(廃),静岡市立水見色小学校,静岡県静岡市葵区水見色１０４０番地の３,4211313,2020-12-22,2024-05-01,221038,B122210002057
B122210002075,B1(小学校),22(静岡),2(公),1(本),静岡市立南藁科小学校,静岡県静岡市葵区吉津４００番地,4211223,2020-12-22,,221039,
B122210002084,B1(小学校),22(静岡),2(公),9(廃),静岡市立中藁科小学校小布杉分校,静岡県静岡市葵区小布杉１７５６番地の１,4211316,2020-12-22,2024-05-01,221040,B122210002057
B122210002093,B1(小学校),22(静岡),2(公),1(本),静岡市立南部小学校,静岡県静岡市駿河区南八幡町１１番１号,4228074,2020-12-22,,221041,
B122210002100,B1(小学校),22(静岡),2(公),1(本),静岡市立長田東小学校,静岡県静岡市駿河区東新田三丁目１０番１号,4210112,2020-12-22,,221042,
B122210002119,B1(小学校),22(静岡),2(公),1(本),静岡市立井宮北小学校,静岡県静岡市葵区上伝馬２番１号,4200943,2020-12-22,,221043,
B122210002128,B1(小学校),22(静岡),2(公),1(本),静岡市立千代田東小学校,静岡県静岡市葵区川合三丁目４番１号,4200923,2020-12-22,,221044,
B122210002137,B1(小学校),22(静岡),2(公),1(本),静岡市立長田北小学校,静岡県静岡市駿河区向敷地一丁目１０番２８号,4210101,2020-12-22,,221045,
B122210002146,B1(小学校),22(静岡),2(公),1(本),静岡市立西奈南小学校,静岡県静岡市葵区南瀬名町１番２０号,4200915,2020-12-22,,221046,
B122210002155,B1(小学校),22(静岡),2(公),1(本),静岡市立川原小学校,静岡県静岡市駿河区下川原四丁目１４番１号,4210113,2020-12-22,,221047,
B122210002164,B1(小学校),22(静岡),2(公),1(本),静岡市立清水辻小学校,静岡県静岡市清水区辻四丁目３番４０号,4240806,2020-12-22,,221070,
B122210002173,B1(小学校),22(静岡),2(公),1(本),静岡市立清水江尻小学校,静岡県静岡市清水区江尻町１４番６３号,4240818,2020-12-22,,221071,
B122210002182,B1(小学校),22(静岡),2(公),1(本),静岡市立清水入江小学校,静岡県静岡市清水区追分二丁目３番１号,4240841,2020-12-22,,221072,
B122210002191,B1(小学校),22(静岡),2(公),1(本),静岡市立清水岡小学校,静岡県静岡市清水区神田町４番３号,4240852,2020-12-22,,221073,
B122210002208,B1(小学校),22(静岡),2(公),1(本),静岡市立清水小学校,静岡県静岡市清水区松井町１５番１号,4240921,2020-12-22,,221074,
B122210002217,B1(小学校),22(静岡),2(公),1(本),静岡市立清水不二見小学校,静岡県静岡市清水区新緑町２番２１号,4240927,2020-12-22,,221075,
B122210002226,B1(小学校),22(静岡),2(公),1(本),静岡市立清水駒越小学校,静岡県静岡市清水区駒越東町２番２０号,4240907,2020-12-22,,221076,
B122210002235,B1(小学校),22(静岡),2(公),1(本),静岡市立清水三保第一小学校,静岡県静岡市清水区三保１０６９番地の１,4240901,2020-12-22,,221077,
B122210002244,B1(小学校),22(静岡),2(公),1(本),静岡市立清水浜田小学校,静岡県静岡市清水区浜田町１１番１号,4240834,2020-12-22,,221078,
B122210002253,B1(小学校),22(静岡),2(公),1(本),静岡市立清水飯田小学校,静岡県静岡市清水区下野中２番４０号,4240029,2020-12-22,,221079,
B122210002262,B1(小学校),22(静岡),2(公),1(本),静岡市立清水高部小学校,静岡県静岡市清水区押切１１１５番地の２,4240008,2020-12-22,,221080,
B122210002271,B1(小学校),22(静岡),2(公),1(本),静岡市立清水有度第一小学校,静岡県静岡市清水区有度本町３番１号,4240879,2020-12-22,,221081,
B122210002280,B1(小学校),22(静岡),2(公),1(本),静岡市立清水袖師小学校,静岡県静岡市清水区袖師町４２０番地,4240037,2020-12-22,,221082,
B122210002299,B1(小学校),22(静岡),2(公),1(本),静岡市立清水庵原小学校,静岡県静岡市清水区庵原町１７２３番地,4240114,2020-12-22,,221083,
B122210002306,B1(小学校),22(静岡),2(公),1(本),静岡市立清水興津小学校,静岡県静岡市清水区興津中町３５０番地の１,4240204,2020-12-22,,221084,
B122210002315,B1(小学校),22(静岡),2(公),1(本),静岡市立清水小島小学校,静岡県静岡市清水区小島町６１９番地,4240305,2020-12-22,,221085,
B122210002324,B1(小学校),22(静岡),2(公),1(本),静岡市立清水小河内小学校,静岡県静岡市清水区小河内２７２３番地,4240302,2020-12-22,,221086,
B122210002333,B1(小学校),22(静岡),2(公),1(本),静岡市立清水宍原小学校,静岡県静岡市清水区宍原９１９番地,4240301,2020-12-22,,221087,
B122210002342,B1(小学校),22(静岡),2(公),9(廃),静岡市立清水和田島小学校,静岡県静岡市清水区和田島６１１番地,4240403,2020-12-22,2022-05-01,221088,B122210005045
B122210002351,B1(小学校),22(静岡),2(公),9(廃),静岡市立清水中河内小学校,静岡県静岡市清水区中河内２５８３番地の１,4240401,2020-12-22,2022-05-01,221089,B122210005045
B122210002360,B1(小学校),22(静岡),2(公),9(廃),静岡市立清水西河内小学校,静岡県静岡市清水区西里１４３番地,4240413,2020-12-22,2022-05-01,221090,B122210005045
B122210002379,B1(小学校),22(静岡),2(公),1(本),静岡市立清水有度第二小学校,静岡県静岡市清水区草薙杉道三丁目１９番１号,4240885,2020-12-22,,221092,
B122210002388,B1(小学校),22(静岡),2(公),1(本),静岡市立清水三保第二小学校,静岡県静岡市清水区折戸五丁目８番２号,4240902,2020-12-22,,221093,
B122210002397,B1(小学校),22(静岡),2(公),1(本),静岡市立清水船越小学校,静岡県静岡市清水区船越３－１５－１,4240866,2020-12-22,,221094,
B122210002404,B1(小学校),22(静岡),2(公),1(本),静岡市立清水飯田東小学校,静岡県静岡市清水区八坂北一丁目２３番４０号,4240023,2020-12-22,,221095,
B122210002413,B1(小学校),22(静岡),2(公),1(本),静岡市立清水高部東小学校,静岡県静岡市清水区押切１９０７番地,4240008,2020-12-22,,221096,
B122210002422,B1(小学校),22(静岡),2(公),1(本),島田市立島田第一小学校,静岡県島田市稲荷２丁目１９－１,4270038,2020-12-22,,221120,
B122210002431,B1(小学校),22(静岡),2(公),1(本),島田市立島田第二小学校,静岡県島田市中溝町２３７２,4270047,2020-12-22,,221121,
B122210002440,B1(小学校),22(静岡),2(公),1(本),島田市立島田第三小学校,静岡県島田市南１－１０－１,4270017,2020-12-22,,221122,
B122210002459,B1(小学校),22(静岡),2(公),1(本),島田市立島田第四小学校,静岡県島田市中河町２０１番地,4270041,2020-12-22,,221123,
B122210002468,B1(小学校),22(静岡),2(公),1(本),島田市立六合小学校,静岡県島田市道悦５丁目１３番１号,4270019,2020-12-22,,221124,
B122210002477,B1(小学校),22(静岡),2(公),1(本),島田市立大津小学校,静岡県島田市落合１６０－１,4270008,2020-12-22,,221125,
B122210002486,B1(小学校),22(静岡),2(公),9(廃),島田市立伊太小学校,静岡県島田市伊太１３１４,4270034,2020-12-22,2024-05-01,221127,B122210002422
B122210002495,B1(小学校),22(静岡),2(公),9(廃),島田市立相賀小学校,静岡県島田市相賀８７５,4270033,2020-12-22,2024-05-01,221128,B122210002422
B122210002501,B1(小学校),22(静岡),2(公),9(廃),島田市立神座小学校,静岡県島田市神座１４４４,4270032,2020-12-22,2024-05-01,221129,B122210002422
B122210002510,B1(小学校),22(静岡),2(公),9(廃),島田市立伊久美小学校,静岡県島田市伊久美３６９０－１,4270232,2020-12-22,2024-05-01,221130,B122210002422
B122210002529,B1(小学校),22(静岡),2(公),1(本),島田市立初倉小学校,静岡県島田市阪本１３３１,4270111,2020-12-22,,221132,
B122210002538,B1(小学校),22(静岡),2(公),9(廃),島田市立湯日小学校,静岡県島田市湯日５６４番地,4270113,2020-12-22,2021-05-27,221133,B122210002529
B122210002547,B1(小学校),22(静岡),2(公),1(本),島田市立島田第五小学校,静岡県島田市旭２ー２５－１,4270018,2020-12-22,,221134,
B122210002556,B1(小学校),22(静岡),2(公),1(本),島田市立初倉南小学校,静岡県島田市南原１０番地,4270105,2020-12-22,,221135,
B122210002565,B1(小学校),22(静岡),2(公),1(本),島田市立六合東小学校,静岡県島田市東町１２００,4270011,2020-12-22,,221136,
B122210002574,B1(小学校),22(静岡),2(公),1(本),焼津市立焼津東小学校,静岡県焼津市栄町５－１４－１,4250027,2020-12-22,,221160,
B122210002583,B1(小学校),22(静岡),2(公),1(本),焼津市立焼津西小学校,静岡県焼津市塩津１１７－１,4250085,2020-12-22,,221161,
B122210002592,B1(小学校),22(静岡),2(公),1(本),焼津市立焼津南小学校,静岡県焼津市焼津５－５－１,4250026,2020-12-22,,221162,
B122210002609,B1(小学校),22(静岡),2(公),1(本),焼津市立豊田小学校,静岡県焼津市五ケ堀之内２番地,4250077,2020-12-22,,221163,
B122210002618,B1(小学校),22(静岡),2(公),1(本),焼津市立小川小学校,静岡県焼津市南小川２丁目３番地の５,4250037,2020-12-22,,221164,
B122210002627,B1(小学校),22(静岡),2(公),1(本),焼津市立東益津小学校,静岡県焼津市石脇上６５,4250015,2020-12-22,,221165,
B122210002636,B1(小学校),22(静岡),2(公),1(本),焼津市立大富小学校,静岡県焼津市中根新田６３７,4250062,2020-12-22,,221166,
B122210002645,B1(小学校),22(静岡),2(公),1(本),焼津市立和田小学校,静岡県焼津市田尻５４１,4250052,2020-12-22,,221167,
B122210002654,B1(小学校),22(静岡),2(公),1(本),焼津市立港小学校,静岡県焼津市石津港町４０番地の２,4250042,2020-12-22,,221168,
B122210002663,B1(小学校),22(静岡),2(公),1(本),焼津市立黒石小学校,静岡県焼津市大住１２４６,4250072,2020-12-22,,221169,
B122210002672,B1(小学校),22(静岡),2(公),1(本),掛川市立日坂小学校,静岡県掛川市大野３－１,4360009,2020-12-22,,221191,
B122210002681,B1(小学校),22(静岡),2(公),1(本),掛川市立東山口小学校,静岡県掛川市逆川１０１２－１,4360084,2020-12-22,,221192,
B122210002690,B1(小学校),22(静岡),2(公),1(本),掛川市立西山口小学校,静岡県掛川市成滝１４５,4360085,2020-12-22,,221193,
B122210002707,B1(小学校),22(静岡),2(公),1(本),掛川市立上内田小学校,静岡県掛川市上内田３３２５番地,4360012,2020-12-22,,221194,
B122210002716,B1(小学校),22(静岡),2(公),1(本),掛川市立第一小学校,静岡県掛川市掛川１１０８－１,4360079,2020-12-22,,221196,
B122210002725,B1(小学校),22(静岡),2(公),1(本),掛川市立第二小学校,静岡県掛川市大池４３８番地の１,4360043,2020-12-22,,221197,
B122210002734,B1(小学校),22(静岡),2(公),1(本),掛川市立中央小学校,静岡県掛川市下俣６３３,4360025,2020-12-22,,221198,
B122210002743,B1(小学校),22(静岡),2(公),1(本),掛川市立曽我小学校,静岡県掛川市領家３８４,4360038,2020-12-22,,221199,
B122210002752,B1(小学校),22(静岡),2(公),1(本),掛川市立桜木小学校,静岡県掛川市下垂木１４７２－１,4360222,2020-12-22,,221200,
B122210002761,B1(小学校),22(静岡),2(公),1(本),掛川市立和田岡小学校,静岡県掛川市吉岡６３９－２,4360115,2020-12-22,,221201,
B122210002770,B1(小学校),22(静岡),2(公),1(本),掛川市立原谷小学校,静岡県掛川市本郷５６１－１,4360111,2020-12-22,,221202,
B122210002789,B1(小学校),22(静岡),2(公),9(廃),掛川市立原田小学校,静岡県掛川市原里１６２３－１,4360105,2020-12-22,2025-05-01,221203,B122210002770
B122210002798,B1(小学校),22(静岡),2(公),1(本),掛川市立西郷小学校,静岡県掛川市上西郷２６０６－２,4360342,2020-12-22,,221206,
B122210002805,B1(小学校),22(静岡),2(公),1(本),掛川市立倉真小学校,静岡県掛川市倉真３７７４,4360341,2020-12-22,,221207,
B122210002814,B1(小学校),22(静岡),2(公),1(本),掛川市立城北小学校,静岡県掛川市水垂１７８,4360061,2020-12-22,,221208,
B122210002823,B1(小学校),22(静岡),2(公),1(本),藤枝市立藤枝小学校,静岡県藤枝市天王町１－１－１,4260019,2020-12-22,,221230,
B122210002832,B1(小学校),22(静岡),2(公),1(本),藤枝市立藤枝中央小学校,静岡県藤枝市原１１３３,4260086,2020-12-22,,221231,
B122210002841,B1(小学校),22(静岡),2(公),1(本),藤枝市立西益津小学校,静岡県藤枝市田中１丁目７－２０,4260012,2020-12-22,,221232,
B122210002850,B1(小学校),22(静岡),2(公),1(本),藤枝市立青島小学校,静岡県藤枝市下青島１０,4260035,2020-12-22,,221233,
B122210002869,B1(小学校),22(静岡),2(公),1(本),藤枝市立青島東小学校,静岡県藤枝市志太５－１－１,4260071,2020-12-22,,221234,
B122210002878,B1(小学校),22(静岡),2(公),1(本),藤枝市立葉梨小学校,静岡県藤枝市下之郷１１１－１,4260203,2020-12-22,,221235,
B122210002887,B1(小学校),22(静岡),2(公),1(本),藤枝市立葉梨西北小学校,静岡県藤枝市西方１０８０,4260211,2020-12-22,,221236,
B122210002896,B1(小学校),22(静岡),2(公),1(本),藤枝市立高洲小学校,静岡県藤枝市高柳１３１５番地,4260041,2020-12-22,,221237,
B122210002903,B1(小学校),22(静岡),2(公),1(本),藤枝市立大洲小学校,静岡県藤枝市大洲５－２０,4260051,2020-12-22,,221238,
B122210002912,B1(小学校),22(静岡),2(公),1(本),藤枝市立稲葉小学校,静岡県藤枝市堀之内２３３７,4260088,2020-12-22,,221239,
B122210002921,B1(小学校),22(静岡),2(公),1(本),藤枝市立広幡小学校,静岡県藤枝市鬼島４２４,4260008,2020-12-22,,221243,
B122210002930,B1(小学校),22(静岡),2(公),1(本),藤枝市立瀬戸谷小学校,静岡県藤枝市本郷８７２,4260132,2020-12-22,,221244,
B122210002949,B1(小学校),22(静岡),2(公),1(本),藤枝市立藤岡小学校,静岡県藤枝市藤岡３－１４－１,4260006,2020-12-22,,221245,
B122210002958,B1(小学校),22(静岡),2(公),1(本),藤枝市立高洲南小学校,静岡県藤枝市高洲３７－１,4260046,2020-12-22,,221246,
B122210002967,B1(小学校),22(静岡),2(公),1(本),藤枝市立青島北小学校,静岡県藤枝市南駿河台２－１１－１,4260078,2020-12-22,,221247,
B122210002976,B1(小学校),22(静岡),2(公),1(本),富士市立富士川第一小学校,静岡県富士市岩淵１０７番地,4213305,2020-12-22,,221300,
B122210002985,B1(小学校),22(静岡),2(公),1(本),富士市立富士川第二小学校,静岡県富士市北松野１９６３番地の６,4213301,2020-12-22,,221301,
B122210002994,B1(小学校),22(静岡),2(公),9(廃),静岡市立蒲原西小学校,静岡県静岡市清水区蒲原新田二丁目２５番１号,4213211,2020-12-22,2026-05-01,221310,
B122210003001,B1(小学校),22(静岡),2(公),9(廃),静岡市立蒲原東小学校,静岡県静岡市清水区蒲原６６６番地,4213203,2020-12-22,2026-05-01,221311,
B122210003010,B1(小学校),22(静岡),2(公),1(本),静岡市立由比小学校,静岡県静岡市清水区由比町屋原３２９番地,4213105,2020-12-22,,221320,
B122210003029,B1(小学校),22(静岡),2(公),9(廃),静岡市立由比北小学校,静岡県静岡市清水区由比入山２１５８番地,4213101,2020-12-22,2026-05-01,221321,B122210003010
B122210003038,B1(小学校),22(静岡),2(公),1(本),静岡市立大河内小学校,静岡県静岡市葵区平野１８５０番地の６６,4212306,2020-12-22,,221403,
B122210003047,B1(小学校),22(静岡),2(公),9(廃),静岡市立梅ケ島小学校,静岡県静岡市葵区梅ヶ島１３０９番地の１,4212301,2020-12-22,2026-05-01,221410,B122210003038
B122210003056,B1(小学校),22(静岡),2(公),1(本),静岡市立玉川小学校,静岡県静岡市葵区落合１０３番地の３,4212223,2020-12-22,,221420,
B122210003065,B1(小学校),22(静岡),2(公),1(本),静岡市立井川小学校,静岡県静岡市葵区井川１５６１番地の３,4280504,2020-12-22,,221430,
B122210003074,B1(小学校),22(静岡),2(公),9(廃),静岡市立清沢小学校,静岡県静岡市葵区相俣９９番地の１,4211307,2020-12-22,2024-05-01,221440,B122210002057
B122210003083,B1(小学校),22(静岡),2(公),9(廃),静岡市立峰山小学校,静岡県静岡市葵区黒俣２７４１番地の１６,4211308,2020-12-22,2021-05-27,221442,
B122210003092,B1(小学校),22(静岡),2(公),1(本),静岡市立大川小学校,静岡県静岡市葵区日向８７６番地,4211403,2020-12-22,,221450,
B122210003109,B1(小学校),22(静岡),2(公),1(本),静岡市立美和小学校,静岡県静岡市葵区遠藤新田６９番地の１,4212112,2020-12-22,,221453,
B122210003118,B1(小学校),22(静岡),2(公),1(本),静岡市立城北小学校,静岡県静岡市葵区北安東四丁目２７番３号,4200881,2020-12-22,,221454,
B122210003127,B1(小学校),22(静岡),2(公),1(本),静岡市立宮竹小学校,静岡県静岡市駿河区宮竹二丁目１２番１号,4228035,2020-12-22,,221455,
B122210003136,B1(小学校),22(静岡),2(公),1(本),静岡市立東源台小学校,静岡県静岡市駿河区国吉田六丁目７番４５号,4228004,2020-12-22,,221456,
B122210003145,B1(小学校),22(静岡),2(公),1(本),静岡市立番町小学校,静岡県静岡市葵区新富町一丁目２３番地の１,4200061,2020-12-22,,221457,
B122210003154,B1(小学校),22(静岡),2(公),1(本),静岡市立葵小学校,静岡県静岡市葵区城内町７番９号,4200854,2020-12-22,,221458,
B122210003163,B1(小学校),22(静岡),2(公),1(本),藤枝市立岡部小学校,静岡県藤枝市岡部町内谷９９７－２,4211131,2020-12-22,,221500,
B122210003172,B1(小学校),22(静岡),2(公),1(本),藤枝市立朝比奈第一小学校,静岡県藤枝市岡部町新舟１０２１,4211115,2020-12-22,,221501,
B122210003181,B1(小学校),22(静岡),2(公),1(本),焼津市立大井川東小学校,静岡県焼津市宗高４２８,4210205,2020-12-22,,221510,
B122210003190,B1(小学校),22(静岡),2(公),1(本),焼津市立大井川西小学校,静岡県焼津市上泉１６８８－１,4210217,2020-12-22,,221511,
B122210003207,B1(小学校),22(静岡),2(公),1(本),焼津市立大井川南小学校,静岡県焼津市吉永４９０,4210211,2020-12-22,,221512,
B122210003216,B1(小学校),22(静岡),2(公),1(本),御前崎市立御前崎小学校,静岡県御前崎市御前崎３５５６,4371621,2020-12-22,,221600,
B122210003225,B1(小学校),22(静岡),2(公),1(本),御前崎市立白羽小学校,静岡県御前崎市白羽３５２１－３,4371622,2020-12-22,,221601,
B122210003234,B1(小学校),22(静岡),2(公),1(本),牧之原市立相良小学校,静岡県牧之原市波津１６４２,4210523,2020-12-22,,221610,
B122210003243,B1(小学校),22(静岡),2(公),1(本),牧之原市立菅山小学校,静岡県牧之原市西山寺６－１,4210515,2020-12-22,,221613,
B122210003252,B1(小学校),22(静岡),2(公),1(本),牧之原市立地頭方小学校,静岡県牧之原市地頭方９８１,4210532,2020-12-22,,221616,
B122210003261,B1(小学校),22(静岡),2(公),1(本),牧之原市菊川市学校組合立牧之原小学校,静岡県牧之原市東萩間２０８２－１３,4210501,2020-12-22,,221617,
B122210003270,B1(小学校),22(静岡),2(公),1(本),牧之原市立萩間小学校,静岡県牧之原市黒子７５,4210504,2020-12-22,,221618,
B122210003289,B1(小学校),22(静岡),2(公),1(本),牧之原市立川崎小学校,静岡県牧之原市静波１００１－１,4210422,2020-12-22,,221630,
B122210003298,B1(小学校),22(静岡),2(公),1(本),牧之原市立細江小学校,静岡県牧之原市細江１２６０,4210421,2020-12-22,,221631,
B122210003305,B1(小学校),22(静岡),2(公),1(本),牧之原市立勝間田小学校,静岡県牧之原市勝間５８８－３,4210402,2020-12-22,,221632,
B122210003314,B1(小学校),22(静岡),2(公),1(本),牧之原市立坂部小学校,静岡県牧之原市坂部４６８－１,4210412,2020-12-22,,221633,
B122210003323,B1(小学校),22(静岡),2(公),1(本),吉田町立住吉小学校,静岡県榛原郡吉田町住吉２２２３,4210301,2020-12-22,,221640,
B122210003332,B1(小学校),22(静岡),2(公),1(本),吉田町立中央小学校,静岡県榛原郡吉田町片岡８５０－１,4210303,2020-12-22,,221641,
B122210003341,B1(小学校),22(静岡),2(公),1(本),吉田町立自彊小学校,静岡県榛原郡吉田町神戸１７４８ー２,4210304,2020-12-22,,221642,
B122210003350,B1(小学校),22(静岡),2(公),1(本),島田市立金谷小学校,静岡県島田市金谷根岸町３３,4280018,2020-12-22,,221650,
B122210003369,B1(小学校),22(静岡),2(公),1(本),島田市立五和小学校,静岡県島田市牛尾４３５,4280006,2020-12-22,,221651,
B122210003378,B1(小学校),22(静岡),2(公),1(本),島田市立川根小学校,静岡県島田市川根町家山４００番地１,4280104,2020-12-22,,221665,
B122210003387,B1(小学校),22(静岡),2(公),9(廃),川根本町立中川根第一小学校,静岡県榛原郡川根本町徳山１００,4280301,2020-12-22,2023-05-01,221670,B122210005072
B122210003396,B1(小学校),22(静岡),2(公),9(廃),川根本町立中央小学校,静岡県榛原郡川根本町上長尾１０００,4280313,2020-12-22,2023-05-01,221672,B122210005072
B122210003403,B1(小学校),22(静岡),2(公),9(廃),川根本町立中川根南部小学校,静岡県榛原郡川根本町下長尾２８１,4280314,2020-12-22,2023-05-01,221678,B122210005072
B122210003412,B1(小学校),22(静岡),2(公),9(廃),川根本町立本川根小学校,静岡県榛原郡川根本町千頭１２３６番地の６,4280411,2020-12-22,2024-05-01,221695,C222210000038
B122210003421,B1(小学校),22(静岡),2(公),1(本),掛川市立土方小学校,静岡県掛川市上土方２８６－１,4371433,2020-12-22,,221700,
B122210003430,B1(小学校),22(静岡),2(公),1(本),掛川市立佐束小学校,静岡県掛川市小貫１４７４,4371407,2020-12-22,,221701,
B122210003449,B1(小学校),22(静岡),2(公),1(本),掛川市立中小学校,静岡県掛川市中３０８０,4371405,2020-12-22,,221702,
B122210003458,B1(小学校),22(静岡),2(公),1(本),掛川市立横須賀小学校,静岡県掛川市横須賀１１１０,4371301,2020-12-22,,221710,
B122210003467,B1(小学校),22(静岡),2(公),1(本),掛川市立大渕小学校,静岡県掛川市大渕５６０２,4371302,2020-12-22,,221711,
B122210003476,B1(小学校),22(静岡),2(公),1(本),掛川市立大坂小学校,静岡県掛川市大坂５６６７,4371421,2020-12-22,,221720,
B122210003485,B1(小学校),22(静岡),2(公),1(本),掛川市立千浜小学校,静岡県掛川市千浜５８４９番地,4371412,2020-12-22,,221721,
B122210003494,B1(小学校),22(静岡),2(公),1(本),御前崎市立第一小学校,静岡県御前崎市池新田１５２０,4371612,2020-12-22,,221736,
B122210003500,B1(小学校),22(静岡),2(公),1(本),御前崎市立浜岡東小学校,静岡県御前崎市佐倉１４０３－１,4371604,2020-12-22,,221737,
B122210003519,B1(小学校),22(静岡),2(公),1(本),御前崎市立浜岡北小学校,静岡県御前崎市下朝比奈７５３,4371605,2020-12-22,,221738,
B122210003528,B1(小学校),22(静岡),2(公),1(本),菊川市立小笠東小学校,静岡県菊川市川上１３４８－２,4371503,2020-12-22,,221750,
B122210003537,B1(小学校),22(静岡),2(公),1(本),菊川市立小笠南小学校,静岡県菊川市高橋３５０３,4371505,2020-12-22,,221751,
B122210003546,B1(小学校),22(静岡),2(公),1(本),菊川市立小笠北小学校,静岡県菊川市嶺田５９番地,4371522,2020-12-22,,221752,
B122210003555,B1(小学校),22(静岡),2(公),1(本),菊川市立六郷小学校,静岡県菊川市本所２２００,4390018,2020-12-22,,221760,
B122210003564,B1(小学校),22(静岡),2(公),1(本),菊川市立内田小学校,静岡県菊川市下内田１６３７,4390034,2020-12-22,,221761,
B122210003573,B1(小学校),22(静岡),2(公),1(本),菊川市立横地小学校,静岡県菊川市東横地１８８６,4390022,2020-12-22,,221762,
B122210003582,B1(小学校),22(静岡),2(公),1(本),菊川市立加茂小学校,静岡県菊川市加茂５１１４,4390031,2020-12-22,,221763,
B122210003591,B1(小学校),22(静岡),2(公),1(本),菊川市立堀之内小学校,静岡県菊川市西方２１４０,4390037,2020-12-22,,221764,
B122210003608,B1(小学校),22(静岡),2(公),1(本),菊川市立河城小学校,静岡県菊川市吉沢５５６,4390009,2020-12-22,,221765,
B122210003617,B1(小学校),22(静岡),2(公),1(本),浜松市立西小学校,静岡県浜松市中央区鴨江町７０－１,4328024,2020-12-22,,222002,
B122210003626,B1(小学校),22(静岡),2(公),1(本),浜松市立東小学校,静岡県浜松市中央区中央２－２－１,4300929,2020-12-22,,222003,
B122210003635,B1(小学校),22(静岡),2(公),1(本),浜松市立県居小学校,静岡県浜松市中央区東伊場２－５－１,4328036,2020-12-22,,222004,
B122210003644,B1(小学校),22(静岡),2(公),1(本),浜松市立相生小学校,静岡県浜松市中央区向宿３－８－１,4300851,2020-12-22,,222005,
B122210003653,B1(小学校),22(静岡),2(公),1(本),浜松市立竜禅寺小学校,静岡県浜松市中央区龍禅寺町８４４,4300924,2020-12-22,,222007,
B122210003662,B1(小学校),22(静岡),2(公),1(本),浜松市立追分小学校,静岡県浜松市中央区布橋１－９－１,4328012,2020-12-22,,222008,
B122210003671,B1(小学校),22(静岡),2(公),1(本),浜松市立佐藤小学校,静岡県浜松市中央区佐藤２－３２－１,4300807,2020-12-22,,222009,
B122210003680,B1(小学校),22(静岡),2(公),1(本),浜松市立広沢小学校,静岡県浜松市中央区広沢２－５１－１,4328013,2020-12-22,,222011,
B122210003699,B1(小学校),22(静岡),2(公),1(本),浜松市立曳馬小学校,静岡県浜松市中央区曳馬１－１－３５,4300901,2020-12-22,,222012,
B122210003706,B1(小学校),22(静岡),2(公),1(本),浜松市立萩丘小学校,静岡県浜松市中央区幸５－１２－１,4338123,2020-12-22,,222013,
B122210003715,B1(小学校),22(静岡),2(公),1(本),浜松市立富塚小学校,静岡県浜松市中央区富塚町１８０３,4328002,2020-12-22,,222014,
B122210003724,B1(小学校),22(静岡),2(公),1(本),浜松市立白脇小学校,静岡県浜松市中央区寺脇町４３１,4300841,2020-12-22,,222015,
B122210003733,B1(小学校),22(静岡),2(公),1(本),浜松市立蒲小学校,静岡県浜松市中央区神立町５,4300801,2020-12-22,,222016,
B122210003742,B1(小学校),22(静岡),2(公),1(本),浜松市立浅間小学校,静岡県浜松市中央区西浅田２－１２－１,4328045,2020-12-22,,222017,
B122210003751,B1(小学校),22(静岡),2(公),1(本),浜松市立上島小学校,静岡県浜松市中央区上島１－２１－１,4338122,2020-12-22,,222018,
B122210003760,B1(小学校),22(静岡),2(公),1(本),浜松市立鴨江小学校,静岡県浜松市中央区西伊場町４－１,4328038,2020-12-22,,222019,
B122210003779,B1(小学校),22(静岡),2(公),1(本),浜松市立新津小学校,静岡県浜松市中央区新橋町７７７,4328058,2020-12-22,,222021,
B122210003788,B1(小学校),22(静岡),2(公),1(本),浜松市立河輪小学校,静岡県浜松市中央区東町３３３,4300822,2020-12-22,,222022,
B122210003797,B1(小学校),22(静岡),2(公),1(本),浜松市立船越小学校,静岡県浜松市中央区船越町２９－１,4300913,2020-12-22,,222023,
B122210003804,B1(小学校),22(静岡),2(公),1(本),浜松市立城北小学校,静岡県浜松市中央区住吉１－２３－１,4300906,2020-12-22,,222024,
B122210003813,B1(小学校),22(静岡),2(公),1(本),浜松市立和田小学校,静岡県浜松市中央区薬師町２７３－２,4350017,2020-12-22,,222025,
B122210003822,B1(小学校),22(静岡),2(公),1(本),浜松市立与進小学校,静岡県浜松市中央区天王町１３５１,4350052,2020-12-22,,222026,
B122210003831,B1(小学校),22(静岡),2(公),1(本),浜松市立豊西小学校,静岡県浜松市中央区豊西町１５５１,4313102,2020-12-22,,222027,
B122210003840,B1(小学校),22(静岡),2(公),1(本),浜松市立笠井小学校,静岡県浜松市中央区笠井町１０５０,4313107,2020-12-22,,222028,
B122210003859,B1(小学校),22(静岡),2(公),1(本),浜松市立中ノ町小学校,静岡県浜松市中央区中野町４２７－１,4350004,2020-12-22,,222029,
B122210003868,B1(小学校),22(静岡),2(公),1(本),浜松市立芳川小学校,静岡県浜松市中央区芳川町２０６－１,4300813,2020-12-22,,222030,
B122210003877,B1(小学校),22(静岡),2(公),1(本),浜松市立飯田小学校,静岡県浜松市中央区飯田町９７８,4350028,2020-12-22,,222031,
B122210003886,B1(小学校),22(静岡),2(公),1(本),浜松市立花川小学校,静岡県浜松市中央区花川町７８１,4338109,2020-12-22,,222032,
B122210003895,B1(小学校),22(静岡),2(公),1(本),浜松市立三方原小学校,静岡県浜松市中央区三方原町６８２,4338105,2020-12-22,,222033,
B122210003902,B1(小学校),22(静岡),2(公),1(本),浜松市立豊岡小学校,静岡県浜松市中央区豊岡町２２,4338103,2020-12-22,,222034,
B122210003911,B1(小学校),22(静岡),2(公),1(本),浜松市立都田小学校,静岡県浜松市浜名区都田町５６０９－２,4312102,2020-12-22,,222035,
B122210003920,B1(小学校),22(静岡),2(公),1(本),浜松市立神久呂小学校,静岡県浜松市中央区神ケ谷町３４９０,4328005,2020-12-22,,222037,
B122210003939,B1(小学校),22(静岡),2(公),1(本),浜松市立入野小学校,静岡県浜松市中央区入野町８７５７,4328061,2020-12-22,,222038,
B122210003948,B1(小学校),22(静岡),2(公),1(本),浜松市立積志小学校,静岡県浜松市中央区積志町１４９７－１,4313114,2020-12-22,,222039,
B122210003957,B1(小学校),22(静岡),2(公),1(本),浜松市立伊佐見小学校,静岡県浜松市中央区伊左地町５６４４,4311111,2020-12-22,,222040,
B122210003966,B1(小学校),22(静岡),2(公),1(本),浜松市立和地小学校,静岡県浜松市中央区湖東町２００５,4311103,2020-12-22,,222041,
B122210003975,B1(小学校),22(静岡),2(公),1(本),浜松市立都田南小学校,静岡県浜松市浜名区都田町８７５６,4312102,2020-12-22,,222043,
B122210003984,B1(小学校),22(静岡),2(公),1(本),浜松市立篠原小学校,静岡県浜松市中央区篠原町１０３００,4310201,2020-12-22,,222044,
B122210003993,B1(小学校),22(静岡),2(公),1(本),浜松市立葵が丘小学校,静岡県浜松市中央区高丘東３－５１－１,4338117,2020-12-22,,222045,
B122210004000,B1(小学校),22(静岡),2(公),1(本),浜松市立村櫛小学校,静岡県浜松市中央区村櫛町２５５１,4311207,2020-12-22,,222048,
B122210004019,B1(小学校),22(静岡),2(公),1(本),浜松市立泉小学校,静岡県浜松市中央区泉１－１６－１,4338124,2020-12-22,,222049,
B122210004028,B1(小学校),22(静岡),2(公),1(本),浜松市立大瀬小学校,静岡県浜松市中央区大瀬町２２１８,4313113,2020-12-22,,222050,
B122210004037,B1(小学校),22(静岡),2(公),1(本),浜松市立砂丘小学校,静岡県浜松市中央区白羽町２５１２,4300846,2020-12-22,,222052,
B122210004046,B1(小学校),22(静岡),2(公),1(本),浜松市立中郡小学校,静岡県浜松市中央区中郡町９１５,4313111,2020-12-22,,222053,
B122210004055,B1(小学校),22(静岡),2(公),1(本),浜松市立与進北小学校,静岡県浜松市中央区市野町２７１５,4350051,2020-12-22,,222054,
B122210004064,B1(小学校),22(静岡),2(公),1(本),浜松市立佐鳴台小学校,静岡県浜松市中央区佐鳴台３－３１－１,4328021,2020-12-22,,222055,
B122210004073,B1(小学校),22(静岡),2(公),1(本),浜松市立瑞穂小学校,静岡県浜松市中央区高丘北３－１５－８,4338119,2020-12-22,,222056,
B122210004082,B1(小学校),22(静岡),2(公),1(本),浜松市立富塚西小学校,静岡県浜松市中央区富塚町３５４１,4328002,2020-12-22,,222057,
B122210004091,B1(小学校),22(静岡),2(公),1(本),浜松市立芳川北小学校,静岡県浜松市中央区頭陀寺町１０４６－１,4300817,2020-12-22,,222058,
B122210004108,B1(小学校),22(静岡),2(公),1(本),浜松市立有玉小学校,静岡県浜松市中央区有玉南町６１４,4313122,2020-12-22,,222059,
B122210004117,B1(小学校),22(静岡),2(公),1(本),浜松市立初生小学校,静岡県浜松市中央区初生町１００１－２,4338112,2020-12-22,,222060,
B122210004126,B1(小学校),22(静岡),2(公),1(本),浜松市立西都台小学校,静岡県浜松市中央区西鴨江町１１０６,4328067,2020-12-22,,222061,
B122210004135,B1(小学校),22(静岡),2(公),1(本),浜松市立和田東小学校,静岡県浜松市中央区安間町４３７－２,4350012,2020-12-22,,222062,
B122210004144,B1(小学校),22(静岡),2(公),1(本),浜松市立葵西小学校,静岡県浜松市中央区葵西２－２５－１,4338111,2020-12-22,,222063,
B122210004153,B1(小学校),22(静岡),2(公),2(分),浜松市立有玉小学校萩原分校,静岡県浜松市中央区有玉西町８１６,4313123,2020-12-22,,222064,
B122210004162,B1(小学校),22(静岡),2(公),1(本),浜松市立大平台小学校,静岡県浜松市中央区大平台３－６－１,4328068,2020-12-22,,222065,
B122210004171,B1(小学校),22(静岡),2(公),1(本),浜松市立南の星小学校,静岡県浜松市中央区西島町１１４８－１,4300837,2020-12-22,,222066,
B122210004180,B1(小学校),22(静岡),2(公),1(本),浜松市立庄内小学校,静岡県浜松市中央区庄内町１００番地,4311208,2020-12-22,,222067,
B122210004199,B1(小学校),22(静岡),2(公),1(本),磐田市立磐田北小学校,静岡県磐田市見付２３５２,4380086,2020-12-22,,222080,
B122210004206,B1(小学校),22(静岡),2(公),1(本),磐田市立磐田中部小学校,静岡県磐田市中泉１２０３－２,4380078,2020-12-22,,222081,
B122210004215,B1(小学校),22(静岡),2(公),1(本),磐田市立磐田西小学校,静岡県磐田市中泉２５２２－２,4380078,2020-12-22,,222082,
B122210004224,B1(小学校),22(静岡),2(公),1(本),磐田市立磐田南小学校,静岡県磐田市千手堂１３５６－１,4380057,2020-12-22,,222083,
B122210004233,B1(小学校),22(静岡),2(公),1(本),磐田市立東部小学校,静岡県磐田市東貝塚２０６,4380037,2020-12-22,,222084,
B122210004242,B1(小学校),22(静岡),2(公),9(廃),磐田市立大藤小学校,静岡県磐田市大久保２８２－１,4380002,2020-12-22,2026-05-01,222085,
B122210004251,B1(小学校),22(静岡),2(公),9(廃),磐田市立向笠小学校,静岡県磐田市向笠竹之内３９１番地６,4380013,2020-12-22,2026-05-01,222086,
B122210004260,B1(小学校),22(静岡),2(公),1(本),磐田市立長野小学校,静岡県磐田市小島７３６,4380056,2020-12-22,,222087,
B122210004279,B1(小学校),22(静岡),2(公),9(廃),磐田市立岩田小学校,静岡県磐田市匂坂中９８７,4380004,2020-12-22,2026-05-01,222088,
B122210004288,B1(小学校),22(静岡),2(公),1(本),磐田市立田原小学校,静岡県磐田市三ヶ野１０３０－１,4380027,2020-12-22,,222089,
B122210004297,B1(小学校),22(静岡),2(公),1(本),磐田市立富士見小学校,静岡県磐田市富士見町４－９－５,4380083,2020-12-22,,222091,
B122210004304,B1(小学校),22(静岡),2(公),1(本),袋井市立袋井東小学校,静岡県袋井市広岡２３１７－１,4370021,2020-12-22,,222120,
B122210004313,B1(小学校),22(静岡),2(公),1(本),袋井市立袋井西小学校,静岡県袋井市川井４４２,4370064,2020-12-22,,222121,
B122210004322,B1(小学校),22(静岡),2(公),1(本),袋井市立袋井南小学校,静岡県袋井市高尾７４０,4370023,2020-12-22,,222122,
B122210004331,B1(小学校),22(静岡),2(公),1(本),袋井市立袋井北小学校,静岡県袋井市久能１５８０,4370061,2020-12-22,,222123,
B122210004340,B1(小学校),22(静岡),2(公),1(本),袋井市立今井小学校,静岡県袋井市太田６９２,4370052,2020-12-22,,222124,
B122210004359,B1(小学校),22(静岡),2(公),1(本),袋井市立三川小学校,静岡県袋井市友永３８,4370004,2020-12-22,,222125,
B122210004368,B1(小学校),22(静岡),2(公),1(本),袋井市立笠原小学校,静岡県袋井市山崎４８２２,4371311,2020-12-22,,222126,
B122210004377,B1(小学校),22(静岡),2(公),1(本),袋井市立山名小学校,静岡県袋井市春岡６８４,4370122,2020-12-22,,222129,
B122210004386,B1(小学校),22(静岡),2(公),1(本),袋井市立高南小学校,静岡県袋井市上田町３０６－２,4370033,2020-12-22,,222130,
B122210004395,B1(小学校),22(静岡),2(公),1(本),浜松市立二俣小学校,静岡県浜松市天竜区二俣町二俣８６７－１,4313314,2020-12-22,,222150,
B122210004402,B1(小学校),22(静岡),2(公),1(本),浜松市立上阿多古小学校,静岡県浜松市天竜区西藤平１３１８,4313532,2020-12-22,,222154,
B122210004411,B1(小学校),22(静岡),2(公),1(本),浜松市立下阿多古小学校,静岡県浜松市天竜区両島７６２,4313426,2020-12-22,,222156,
B122210004420,B1(小学校),22(静岡),2(公),1(本),浜松市立熊小学校,静岡県浜松市天竜区熊２１５３,4313641,2020-12-22,,222157,
B122210004439,B1(小学校),22(静岡),2(公),1(本),浜松市立横山小学校,静岡県浜松市天竜区横山町５４７,4313764,2020-12-22,,222158,
B122210004448,B1(小学校),22(静岡),2(公),1(本),浜松市立光明小学校,静岡県浜松市天竜区山東２５５０,4313303,2020-12-22,,222159,
B122210004457,B1(小学校),22(静岡),2(公),1(本),浜松市立浜名小学校,静岡県浜松市浜名区小松１４５０,4340042,2020-12-22,,222180,
B122210004466,B1(小学校),22(静岡),2(公),1(本),浜松市立北浜小学校,静岡県浜松市浜名区横須賀８００,4340036,2020-12-22,,222181,
B122210004475,B1(小学校),22(静岡),2(公),1(本),浜松市立北浜東小学校,静岡県浜松市浜名区善地１５４６,4340025,2020-12-22,,222182,
B122210004484,B1(小学校),22(静岡),2(公),1(本),浜松市立中瀬小学校,静岡県浜松市浜名区中瀬３６４８－１,4340012,2020-12-22,,222183,
B122210004493,B1(小学校),22(静岡),2(公),1(本),浜松市立赤佐小学校,静岡県浜松市浜名区於呂２７９０,4340015,2020-12-22,,222184,
B122210004509,B1(小学校),22(静岡),2(公),1(本),浜松市立麁玉小学校,静岡県浜松市浜名区宮口２６２,4340004,2020-12-22,,222185,
B122210004518,B1(小学校),22(静岡),2(公),1(本),浜松市立新原小学校,静岡県浜松市浜名区新原２３３１,4340003,2020-12-22,,222186,
B122210004527,B1(小学校),22(静岡),2(公),1(本),浜松市立北浜北小学校,静岡県浜松市浜名区西美薗１５８８,4340033,2020-12-22,,222189,
B122210004536,B1(小学校),22(静岡),2(公),1(本),浜松市立内野小学校,静岡県浜松市浜名区内野１７０２,4340044,2020-12-22,,222190,
B122210004545,B1(小学校),22(静岡),2(公),1(本),浜松市立北浜南小学校,静岡県浜松市浜名区寺島３０１０,4340035,2020-12-22,,222191,
B122210004554,B1(小学校),22(静岡),2(公),1(本),浜松市立伎倍小学校,静岡県浜松市浜名区貴布祢２６４６,4340038,2020-12-22,,222192,
B122210004563,B1(小学校),22(静岡),2(公),1(本),森町立飯田小学校,静岡県周智郡森町飯田３３１０－１,4370222,2020-12-22,,222300,
B122210004572,B1(小学校),22(静岡),2(公),1(本),森町立宮園小学校,静岡県周智郡森町谷中６５０,4370225,2020-12-22,,222301,
B122210004581,B1(小学校),22(静岡),2(公),1(本),森町立森小学校,静岡県周智郡森町森１２５,4370215,2020-12-22,,222302,
B122210004590,B1(小学校),22(静岡),2(公),9(廃),森町立三倉小学校,静岡県周智郡森町三倉７４０,4370208,2020-12-22,2021-05-27,222306,B122210004581
B122210004607,B1(小学校),22(静岡),2(公),9(廃),森町立天方小学校,静岡県周智郡森町大鳥居２２０－２,4370205,2020-12-22,2021-05-27,222310,B122210004581
B122210004616,B1(小学校),22(静岡),2(公),1(本),浜松市立犬居小学校,静岡県浜松市天竜区春野町堀之内９９３－１,4370625,2020-12-22,,222330,
B122210004625,B1(小学校),22(静岡),2(公),1(本),浜松市立気田小学校,静岡県浜松市天竜区春野町気田６０３－１,4370605,2020-12-22,,222338,
B122210004634,B1(小学校),22(静岡),2(公),1(本),袋井市立浅羽南小学校,静岡県袋井市西同笠１４８,4371114,2020-12-22,,222400,
B122210004643,B1(小学校),22(静岡),2(公),1(本),袋井市立浅羽北小学校,静岡県袋井市浅羽１３２２,4371101,2020-12-22,,222403,
B122210004652,B1(小学校),22(静岡),2(公),1(本),袋井市立浅羽東小学校,静岡県袋井市浅羽２８００,4371101,2020-12-22,,222404,
B122210004661,B1(小学校),22(静岡),2(公),1(本),磐田市立福田小学校,静岡県磐田市下太３８０,4371205,2020-12-22,,222410,
B122210004670,B1(小学校),22(静岡),2(公),1(本),磐田市立豊浜小学校,静岡県磐田市豊浜９,4371202,2020-12-22,,222411,
B122210004689,B1(小学校),22(静岡),2(公),1(本),磐田市立竜洋東小学校,静岡県磐田市中平松２３番地,4380218,2020-12-22,,222420,
B122210004698,B1(小学校),22(静岡),2(公),1(本),磐田市立竜洋西小学校,静岡県磐田市川袋１９００,4380232,2020-12-22,,222421,
B122210004705,B1(小学校),22(静岡),2(公),1(本),磐田市立竜洋北小学校,静岡県磐田市堀之内３５６,4380205,2020-12-22,,222422,
B122210004714,B1(小学校),22(静岡),2(公),1(本),磐田市立豊田南小学校,静岡県磐田市森下３００,4380834,2020-12-22,,222430,
B122210004723,B1(小学校),22(静岡),2(公),1(本),磐田市立豊田北部小学校,静岡県磐田市加茂２４３,4380804,2020-12-22,,222431,
B122210004732,B1(小学校),22(静岡),2(公),1(本),磐田市立青城小学校,静岡県磐田市中田５５,4380815,2020-12-22,,222432,
B122210004741,B1(小学校),22(静岡),2(公),1(本),磐田市立豊田東小学校,静岡県磐田市高見丘５７,4380801,2020-12-22,,222433,
B122210004750,B1(小学校),22(静岡),2(公),1(本),磐田市立豊岡南小学校,静岡県磐田市上神増１４１０,4380115,2020-12-22,,222440,
B122210004769,B1(小学校),22(静岡),2(公),1(本),磐田市立豊岡北小学校,静岡県磐田市下野部１５８－１,4380112,2020-12-22,,222443,
B122210004778,B1(小学校),22(静岡),2(公),1(本),浜松市立佐久間小学校,静岡県浜松市天竜区佐久間町半場５０－１,4313905,2020-12-22,,222463,
B122210004787,B1(小学校),22(静岡),2(公),9(廃),浜松市立浦川小学校,静岡県浜松市天竜区佐久間町浦川２８１９,4313906,2020-12-22,2025-05-01,222465,B122210004778
B122210004796,B1(小学校),22(静岡),2(公),1(本),浜松市立水窪小学校,静岡県浜松市天竜区水窪町奥領家２６９７－１,4314101,2020-12-22,,222480,
B122210004803,B1(小学校),22(静岡),2(公),1(本),浜松市立可美小学校,静岡県浜松市中央区若林町１７４８,4328051,2020-12-22,,222500,
B122210004812,B1(小学校),22(静岡),2(公),1(本),浜松市立舞阪小学校,静岡県浜松市中央区舞阪町舞阪７６,4310211,2020-12-22,,222510,
B122210004821,B1(小学校),22(静岡),2(公),1(本),湖西市立新居小学校,静岡県湖西市新居町新居１７７０,4310302,2020-12-22,,222520,
B122210004830,B1(小学校),22(静岡),2(公),1(本),湖西市立鷲津小学校,静岡県湖西市鷲津６７０番地,4310431,2020-12-22,,222530,
B122210004849,B1(小学校),22(静岡),2(公),1(本),湖西市立白須賀小学校,静岡県湖西市白須賀５０３０番地,4310451,2020-12-22,,222531,
B122210004858,B1(小学校),22(静岡),2(公),1(本),湖西市立東小学校,静岡県湖西市新所６８０番地,4310421,2020-12-22,,222532,
B122210004867,B1(小学校),22(静岡),2(公),1(本),湖西市立岡崎小学校,静岡県湖西市岡崎６３４番地の２,4310422,2020-12-22,,222533,
B122210004876,B1(小学校),22(静岡),2(公),1(本),湖西市立知波田小学校,静岡県湖西市大知波１１４４番地,4310403,2020-12-22,,222534,
B122210004885,B1(小学校),22(静岡),2(公),1(本),浜松市立雄踏小学校,静岡県浜松市中央区雄踏町宇布見７９９７－１,4310102,2020-12-22,,222550,
B122210004894,B1(小学校),22(静岡),2(公),1(本),浜松市立気賀小学校,静岡県浜松市浜名区細江町気賀１１５２９－１,4311305,2020-12-22,,222600,
B122210004901,B1(小学校),22(静岡),2(公),1(本),浜松市立西気賀小学校,静岡県浜松市浜名区細江町気賀９９９４－１,4311305,2020-12-22,,222601,
B122210004910,B1(小学校),22(静岡),2(公),1(本),浜松市立伊目小学校,静岡県浜松市浜名区細江町気賀３２４１,4311305,2020-12-22,,222602,
B122210004929,B1(小学校),22(静岡),2(公),1(本),浜松市立中川小学校,静岡県浜松市浜名区細江町中川２５５３,4311304,2020-12-22,,222603,
B122210004938,B1(小学校),22(静岡),2(公),1(本),浜松市立井伊谷小学校,静岡県浜松市浜名区引佐町井伊谷６８０,4312212,2020-12-22,,222610,
B122210004947,B1(小学校),22(静岡),2(公),1(本),浜松市立金指小学校,静岡県浜松市浜名区引佐町金指１３６９,4312213,2020-12-22,,222611,
B122210004956,B1(小学校),22(静岡),2(公),1(本),浜松市立奥山小学校,静岡県浜松市浜名区引佐町奥山１１０１－１,4312224,2020-12-22,,222612,
B122210004965,B1(小学校),22(静岡),2(公),1(本),浜松市立引佐北部小学校,静岡県浜松市浜名区引佐町四方浄１３４－６,4312533,2020-12-22,,222620,
B122210004974,B1(小学校),22(静岡),2(公),1(本),浜松市立三ヶ日東小学校,静岡県浜松市浜名区三ヶ日町都筑２２６６－２,4311402,2020-12-22,,222630,
B122210004983,B1(小学校),22(静岡),2(公),1(本),浜松市立三ヶ日西小学校,静岡県浜松市浜名区三ヶ日町三ヶ日３０１－１,4311414,2020-12-22,,222633,
B122210004992,B1(小学校),22(静岡),2(公),1(本),浜松市立平山小学校,静岡県浜松市浜名区三ヶ日町平山２００,4311417,2020-12-22,,222636,
B122210005009,B1(小学校),22(静岡),2(公),1(本),浜松市立尾奈小学校,静岡県浜松市浜名区三ヶ日町下尾奈１４３１,4311424,2020-12-22,,222637,
B122210005018,B1(小学校),22(静岡),2(公),1(本),浜松市立双葉小学校,静岡県浜松市中央区海老塚２－５－１,4328033,2020-12-22,,222638,
B122210005027,B1(小学校),22(静岡),2(公),1(本),浜松市立中部小学校,静岡県浜松市中央区松城町１０８番地の１,4300947,2020-12-22,,222639,
B122210005036,B1(小学校),22(静岡),2(公),1(本),沼津市立長井崎小学校,静岡県沼津市内浦重須字洞畑４５３,4100225,2021-05-27,,220035,
B122210005045,B1(小学校),22(静岡),2(公),1(本),静岡市立清水両河内小学校,静岡県静岡市清水区和田島３０３番地,4240403,2022-05-01,,,
B122210005054,B1(小学校),22(静岡),2(公),1(本),伊東市立伊東小学校,静岡県伊東市大原２－２－６,4140046,2023-05-01,,,
B122210005063,B1(小学校),22(静岡),2(公),1(本),河津町立河津小学校,静岡県賀茂郡河津町笹原３２８－１,4130512,2023-05-01,,,
B122210005072,B1(小学校),22(静岡),2(公),9(廃),川根本町立三ツ星小学校,静岡県榛原郡川根本町上長尾１０００,4280313,2023-05-01,2024-05-01,,C222210000029
B122210005081,B1(小学校),22(静岡),2(公),1(本),磐田市立向陽小学校,静岡県磐田市向笠竹之内 １１６２－２ ,4380015,2026-05-01,,,
B122210005090,B1(小学校),22(静岡),2(公),1(本),静岡市立蒲原小学校,静岡県静岡市清水区蒲原４９番地,4213203,2026-05-01,,,
B122310000011,B1(小学校),22(静岡),3(私),1(本),静岡サレジオ小学校,静岡県静岡市清水区中之郷３－２－１,4248624,2020-12-22,,223001,
B122310000020,B1(小学校),22(静岡),3(私),1(本),東海大学付属静岡翔洋小学校,静岡県静岡市清水区折戸３－２０－１,4240902,2020-12-22,,223002,
B122310000039,B1(小学校),22(静岡),3(私),1(本),加藤学園暁秀初等学校,静岡県沼津市大岡自由ヶ丘１９７９,4100022,2020-12-22,,223003,
B122310000048,B1(小学校),22(静岡),3(私),1(本),常葉大学教育学部附属橘小学校,静岡県静岡市葵区瀬名１－２２－１,4200911,2020-12-22,,223004,
B122310000057,B1(小学校),22(静岡),3(私),1(本),聖隷クリストファー小学校,静岡県浜松市中央区三方原町３４５３,4338558,2020-12-22,,223005,
C122110000013,C1(中学校),22(静岡),1(国),1(本),静岡大学教育学部附属静岡中学校,静岡県静岡市葵区駿府町１－８６,4200856,2020-12-22,,223501,
C122110000022,C1(中学校),22(静岡),1(国),1(本),静岡大学教育学部附属浜松中学校,静岡県浜松市中央区布橋３－２－２,4328012,2020-12-22,,223502,
C122110000031,C1(中学校),22(静岡),1(国),1(本),静岡大学教育学部附属島田中学校,静岡県島田市中河町１６９,4270041,2020-12-22,,223503,
C122210000011,C1(中学校),22(静岡),2(公),1(本),沼津市立第一中学校,静岡県沼津市丸子町６９２－１,4100806,2020-12-22,,223511,
C122210000020,C1(中学校),22(静岡),2(公),1(本),沼津市立第二中学校,静岡県沼津市本字千本１９１０－１９,4100867,2020-12-22,,223512,
C122210000039,C1(中学校),22(静岡),2(公),1(本),沼津市立第三中学校,静岡県沼津市下香貫木ノ宮８８８,4100822,2020-12-22,,223513,
C122210000048,C1(中学校),22(静岡),2(公),1(本),沼津市立第四中学校,静岡県沼津市本郷町２４－１,4100817,2020-12-22,,223514,
C122210000057,C1(中学校),22(静岡),2(公),1(本),沼津市立第五中学校,静岡県沼津市五月町１５ー１,4100044,2020-12-22,,223515,
C122210000066,C1(中学校),22(静岡),2(公),1(本),沼津市立片浜中学校,静岡県沼津市小諏訪１８０,4100872,2020-12-22,,223516,
C122210000075,C1(中学校),22(静岡),2(公),1(本),沼津市立金岡中学校,静岡県沼津市神田町４－１,4100042,2020-12-22,,223517,
C122210000084,C1(中学校),22(静岡),2(公),1(本),沼津市立大岡中学校,静岡県沼津市大岡２１１０,4100022,2020-12-22,,223518,
C122210000093,C1(中学校),22(静岡),2(公),1(本),沼津市立静浦中学校,静岡県沼津市獅子浜１７,4100104,2020-12-22,,223519,
C122210000100,C1(中学校),22(静岡),2(公),1(本),沼津市立愛鷹中学校,静岡県沼津市西椎路７３３,4100303,2020-12-22,,223520,
C122210000119,C1(中学校),22(静岡),2(公),1(本),沼津市立大平中学校,静岡県沼津市大平１１４４,4100821,2020-12-22,,223522,
C122210000128,C1(中学校),22(静岡),2(公),1(本),沼津市立今沢中学校,静岡県沼津市東原字下方通２８９－１,4100304,2020-12-22,,223525,
C122210000137,C1(中学校),22(静岡),2(公),1(本),沼津市立門池中学校,静岡県沼津市岡一色６５７－１,4100012,2020-12-22,,223526,
C122210000146,C1(中学校),22(静岡),2(公),1(本),沼津市立沼津高等学校中等部,静岡県沼津市三枚橋字鐘突免６７３,4100031,2020-12-22,,223527,
C122210000155,C1(中学校),22(静岡),2(公),1(本),熱海市立初島中学校,静岡県熱海市初島２１９,4130004,2020-12-22,,223551,
C122210000164,C1(中学校),22(静岡),2(公),1(本),熱海市立多賀中学校,静岡県熱海市下多賀１５４９－１,4130102,2020-12-22,,223552,
C122210000173,C1(中学校),22(静岡),2(公),1(本),熱海市立泉中学校,静岡県熱海市泉２８０,4130001,2020-12-22,,223555,
C122210000182,C1(中学校),22(静岡),2(公),1(本),熱海市立熱海中学校,静岡県熱海市桃山町７番７号,4130006,2020-12-22,,223556,
C122210000191,C1(中学校),22(静岡),2(公),1(本),三島市立南中学校,静岡県三島市富田町６－１８,4110836,2020-12-22,,223571,
C122210000208,C1(中学校),22(静岡),2(公),1(本),三島市立北中学校,静岡県三島市文教町２－３２－６０,4110033,2020-12-22,,223572,
C122210000217,C1(中学校),22(静岡),2(公),1(本),三島市立中郷中学校,静岡県三島市大場２５０－１,4110803,2020-12-22,,223575,
C122210000226,C1(中学校),22(静岡),2(公),1(本),三島市立錦田中学校,静岡県三島市谷田１５０５,4110801,2020-12-22,,223576,
C122210000235,C1(中学校),22(静岡),2(公),1(本),三島市立北上中学校,静岡県三島市徳倉７６７－２,4110044,2020-12-22,,223577,
C122210000244,C1(中学校),22(静岡),2(公),1(本),三島市立中郷西中学校,静岡県三島市梅名８５４－１,4110816,2020-12-22,,223578,
C122210000253,C1(中学校),22(静岡),2(公),1(本),三島市立山田中学校,静岡県三島市川原ヶ谷８４２－４,4110022,2020-12-22,,223579,
C122210000262,C1(中学校),22(静岡),2(公),1(本),富士宮市立富士宮第一中学校,静岡県富士宮市矢立町８１４,4180072,2020-12-22,,223590,
C122210000271,C1(中学校),22(静岡),2(公),1(本),富士宮市立富士宮第二中学校,静岡県富士宮市豊町１７－１,4180068,2020-12-22,,223591,
C122210000280,C1(中学校),22(静岡),2(公),1(本),富士宮市立富士宮第三中学校,静岡県富士宮市野中６５８,4180039,2020-12-22,,223592,
C122210000299,C1(中学校),22(静岡),2(公),1(本),富士宮市立富士宮第四中学校,静岡県富士宮市穂波町１３－１,4180058,2020-12-22,,223593,
C122210000306,C1(中学校),22(静岡),2(公),1(本),富士宮市立富士根南中学校,静岡県富士宮市小泉１９９６,4180022,2020-12-22,,223594,
C122210000315,C1(中学校),22(静岡),2(公),1(本),富士宮市立富士根北中学校,静岡県富士宮市村山９３５－１,4180012,2020-12-22,,223595,
C122210000324,C1(中学校),22(静岡),2(公),1(本),富士宮市立北山中学校,静岡県富士宮市北山１０９２,4180112,2020-12-22,,223596,
C122210000333,C1(中学校),22(静岡),2(公),1(本),富士宮市立西富士中学校,静岡県富士宮市上井出９１８－１,4180103,2020-12-22,,223597,
C122210000342,C1(中学校),22(静岡),2(公),1(本),富士宮市立井之頭中学校,静岡県富士宮市猪之頭９９９,4180108,2020-12-22,,223598,
C122210000351,C1(中学校),22(静岡),2(公),1(本),富士宮市立上野中学校,静岡県富士宮市精進川４１０,4180115,2020-12-22,,223599,
C122210000360,C1(中学校),22(静岡),2(公),1(本),富士宮市立大富士中学校,静岡県富士宮市万野原新田４１１５－１,4180001,2020-12-22,,223600,
C122210000379,C1(中学校),22(静岡),2(公),1(本),伊東市立南中学校,静岡県伊東市玖須美元和田７２９番地の１,4140045,2020-12-22,,223620,
C122210000388,C1(中学校),22(静岡),2(公),1(本),伊東市立北中学校,静岡県伊東市湯川３６０番地の１,4140002,2020-12-22,,223621,
C122210000397,C1(中学校),22(静岡),2(公),1(本),伊東市立宇佐美中学校,静岡県伊東市宇佐美１５３７番地の１,4140001,2020-12-22,,223622,
C122210000404,C1(中学校),22(静岡),2(公),1(本),伊東市立対島中学校,静岡県伊東市八幡野１１２８番地の３,4130232,2020-12-22,,223623,
C122210000413,C1(中学校),22(静岡),2(公),1(本),伊東市立門野中学校,静岡県伊東市鎌田１２８１番地の６３,4140054,2020-12-22,,223624,
C122210000422,C1(中学校),22(静岡),2(公),1(本),富士市立吉原第一中学校,静岡県富士市永田北町７番１号,4170058,2020-12-22,,223640,
C122210000431,C1(中学校),22(静岡),2(公),1(本),富士市立吉原第二中学校,静岡県富士市今泉１９５５番地,4170001,2020-12-22,,223641,
C122210000440,C1(中学校),22(静岡),2(公),1(本),富士市立吉原第三中学校,静岡県富士市比奈２１２６番地,4170847,2020-12-22,,223642,
C122210000459,C1(中学校),22(静岡),2(公),9(廃),富士市立吉原東中学校,静岡県富士市比奈７５番地,4170847,2020-12-22,2024-05-01,223644,C122210000440
C122210000468,C1(中学校),22(静岡),2(公),1(本),富士市立元吉原中学校,静岡県富士市鈴川中町２８番地１号,4170013,2020-12-22,,223645,
C122210000477,C1(中学校),22(静岡),2(公),1(本),富士市立須津中学校,静岡県富士市中里１１５６番地,4170826,2020-12-22,,223646,
C122210000486,C1(中学校),22(静岡),2(公),1(本),富士市立大淵中学校,静岡県富士市大淵２９２０番地,4170801,2020-12-22,,223647,
C122210000495,C1(中学校),22(静岡),2(公),1(本),富士市立富士中学校,静岡県富士市中島３２０番地,4160907,2020-12-22,,223648,
C122210000501,C1(中学校),22(静岡),2(公),1(本),富士市立富士南中学校,静岡県富士市森島５５０番地,4160948,2020-12-22,,223649,
C122210000510,C1(中学校),22(静岡),2(公),1(本),富士市立田子浦中学校,静岡県富士市中丸４１１番地,4160933,2020-12-22,,223650,
C122210000529,C1(中学校),22(静岡),2(公),1(本),富士市立岩松中学校,静岡県富士市松岡２３５３番地の１,4160909,2020-12-22,,223651,
C122210000538,C1(中学校),22(静岡),2(公),1(本),富士市立鷹岡中学校,静岡県富士市久沢７１３番地,4190202,2020-12-22,,223652,
C122210000547,C1(中学校),22(静岡),2(公),1(本),富士市立岳陽中学校,静岡県富士市伝法６３０番地,4170061,2020-12-22,,223653,
C122210000556,C1(中学校),22(静岡),2(公),1(本),富士市立吉原北中学校,静岡県富士市原田２２５９番地,4170852,2020-12-22,,223654,
C122210000565,C1(中学校),22(静岡),2(公),1(本),御殿場市立御殿場中学校,静岡県御殿場市萩原３６４,4120042,2020-12-22,,223670,
C122210000574,C1(中学校),22(静岡),2(公),1(本),御殿場市立富士岡中学校,静岡県御殿場市中山８２５－１,4120035,2020-12-22,,223671,
C122210000583,C1(中学校),22(静岡),2(公),1(本),御殿場市立原里中学校,静岡県御殿場市川島田１３６３－１,4120045,2020-12-22,,223673,
C122210000592,C1(中学校),22(静岡),2(公),1(本),御殿場市立西中学校,静岡県御殿場市中畑６６２－２,4120006,2020-12-22,,223674,
C122210000609,C1(中学校),22(静岡),2(公),1(本),御殿場市立高根中学校,静岡県御殿場市塚原４－１,4120017,2020-12-22,,223675,
C122210000618,C1(中学校),22(静岡),2(公),1(本),御殿場市立南中学校,静岡県御殿場市萩原１３２７,4120042,2020-12-22,,223676,
C122210000627,C1(中学校),22(静岡),2(公),1(本),東伊豆町立稲取中学校,静岡県賀茂郡東伊豆町稲取１８７３,4130411,2020-12-22,,223700,
C122210000636,C1(中学校),22(静岡),2(公),1(本),東伊豆町立熱川中学校,静岡県賀茂郡東伊豆町奈良本１２９６－３,4130302,2020-12-22,,223701,
C122210000645,C1(中学校),22(静岡),2(公),1(本),河津町立河津中学校,静岡県賀茂郡河津町田中７２－１,4130504,2020-12-22,,223712,
C122210000654,C1(中学校),22(静岡),2(公),9(廃),下田市立稲梓中学校,静岡県下田市箕作３５０,4130705,2020-12-22,2022-05-01,223720,C122210002634
C122210000663,C1(中学校),22(静岡),2(公),9(廃),下田市立稲生沢中学校,静岡県下田市河内１０１－１,4150011,2020-12-22,2022-05-01,223721,C122210002634
C122210000672,C1(中学校),22(静岡),2(公),9(廃),下田市立下田東中学校,静岡県下田市柿崎１１０６,4150013,2020-12-22,2022-05-01,223722,C122210002634
C122210000681,C1(中学校),22(静岡),2(公),9(廃),下田市立下田中学校,静岡県下田市敷根７６５－１,4150037,2020-12-22,2022-05-01,223723,C122210002634
C122210000690,C1(中学校),22(静岡),2(公),9(廃),南伊豆町立南伊豆東中学校,静岡県賀茂郡南伊豆町湊１７２１,4150152,2020-12-22,2026-05-01,223736,
C122210000707,C1(中学校),22(静岡),2(公),9(廃),南伊豆町立南伊豆中学校,静岡県賀茂郡南伊豆町上賀茂７４４－１,4150302,2020-12-22,2026-05-01,223737,
C122210000716,C1(中学校),22(静岡),2(公),1(本),松崎町立松崎中学校,静岡県賀茂郡松崎町江奈３０７,4103624,2020-12-22,,223750,
C122210000725,C1(中学校),22(静岡),2(公),1(本),西伊豆町立西伊豆中学校,静岡県賀茂郡西伊豆町宇久須８６２－６,4103501,2020-12-22,,223762,
C122210000734,C1(中学校),22(静岡),2(公),9(廃),西伊豆町立賀茂中学校,静岡県賀茂郡西伊豆町宇久須８６２－６,4103501,2020-12-22,2021-05-27,223772,C122210000725
C122210000743,C1(中学校),22(静岡),2(公),1(本),伊豆の国市立長岡中学校,静岡県伊豆の国市長岡１４０７－１,4102211,2020-12-22,,223800,
C122210000752,C1(中学校),22(静岡),2(公),9(廃),伊豆市立修善寺中学校,静岡県伊豆市柏久保３９５－１,4102407,2020-12-22,2025-05-01,223810,
C122210000761,C1(中学校),22(静岡),2(公),1(本),沼津市立戸田中学校,静岡県沼津市戸田８８３,4103402,2020-12-22,,223820,
C122210000770,C1(中学校),22(静岡),2(公),1(本),函南町立函南中学校,静岡県田方郡函南町仁田５６,4190114,2020-12-22,,223840,
C122210000789,C1(中学校),22(静岡),2(公),1(本),函南町立東中学校,静岡県田方郡函南町柏谷５４０,4190112,2020-12-22,,223841,
C122210000798,C1(中学校),22(静岡),2(公),1(本),伊豆の国市立韮山中学校,静岡県伊豆の国市韮山韮山３９３番地,4102143,2020-12-22,,223850,
C122210000805,C1(中学校),22(静岡),2(公),1(本),伊豆の国市立大仁中学校,静岡県伊豆の国市三福１２７６－３,4102321,2020-12-22,,223860,
C122210000814,C1(中学校),22(静岡),2(公),9(廃),伊豆市立天城中学校,静岡県伊豆市月ヶ瀬８５５,4103215,2020-12-22,2025-05-01,223871,
C122210000823,C1(中学校),22(静岡),2(公),9(廃),伊豆市立中伊豆中学校,静岡県伊豆市八幡４０７,4102505,2020-12-22,2025-05-01,223880,
C122210000832,C1(中学校),22(静岡),2(公),1(本),沼津市立原中学校,静岡県沼津市原５７６,4100312,2020-12-22,,223900,
C122210000841,C1(中学校),22(静岡),2(公),1(本),沼津市立浮島中学校,静岡県沼津市平沼８４９,4100318,2020-12-22,,223901,
C122210000850,C1(中学校),22(静岡),2(公),1(本),沼津市立長井崎中学校,静岡県沼津市内浦重須字洞畑４５３,4100225,2020-12-22,,223902,
C122210000869,C1(中学校),22(静岡),2(公),1(本),清水町立清水中学校,静岡県駿東郡清水町堂庭２６７,4110903,2020-12-22,,223910,
C122210000878,C1(中学校),22(静岡),2(公),1(本),清水町立南中学校,静岡県駿東郡清水町徳倉２２２２－４,4110917,2020-12-22,,223911,
C122210000887,C1(中学校),22(静岡),2(公),1(本),長泉町立長泉中学校,静岡県駿東郡長泉町下土狩７７７,4110943,2020-12-22,,223920,
C122210000896,C1(中学校),22(静岡),2(公),1(本),長泉町立北中学校,静岡県駿東郡長泉町納米里３３３－３,4110933,2020-12-22,,223921,
C122210000903,C1(中学校),22(静岡),2(公),1(本),裾野市立東中学校,静岡県裾野市公文名６８５－１,4101112,2020-12-22,,223930,
C122210000912,C1(中学校),22(静岡),2(公),1(本),裾野市立西中学校,静岡県裾野市佐野４５０,4101118,2020-12-22,,223931,
C122210000921,C1(中学校),22(静岡),2(公),1(本),裾野市立深良中学校,静岡県裾野市深良３８０６,4101102,2020-12-22,,223932,
C122210000930,C1(中学校),22(静岡),2(公),1(本),裾野市立富岡中学校,静岡県裾野市御宿５７９,4101107,2020-12-22,,223933,
C122210000949,C1(中学校),22(静岡),2(公),1(本),裾野市立須山中学校,静岡県裾野市須山１５０２番地の１,4101231,2020-12-22,,223934,
C122210000958,C1(中学校),22(静岡),2(公),1(本),小山町立小山中学校,静岡県駿東郡小山町藤曲１４２,4101304,2020-12-22,,223940,
C122210000967,C1(中学校),22(静岡),2(公),1(本),小山町立北郷中学校,静岡県駿東郡小山町用沢３５５,4101326,2020-12-22,,223941,
C122210000976,C1(中学校),22(静岡),2(公),1(本),小山町立須走中学校,静岡県駿東郡小山町須走９９－７,4101431,2020-12-22,,223942,
C122210000985,C1(中学校),22(静岡),2(公),1(本),富士宮市立芝川中学校,静岡県富士宮市長貫１２６７,4190315,2020-12-22,,223950,
C122210000994,C1(中学校),22(静岡),2(公),1(本),富士宮市立柚野中学校,静岡県富士宮市下柚野３７１,4190305,2020-12-22,,223951,
C122210001001,C1(中学校),22(静岡),2(公),1(本),静岡市立籠上中学校,静岡県静岡市葵区平和二丁目２番１号,4200876,2020-12-22,,224000,
C122210001010,C1(中学校),22(静岡),2(公),1(本),静岡市立末広中学校,静岡県静岡市葵区末広町４１番地,4200004,2020-12-22,,224001,
C122210001029,C1(中学校),22(静岡),2(公),1(本),静岡市立城内中学校,静岡県静岡市葵区駿府町１番１０７号,4200856,2020-12-22,,224002,
C122210001038,C1(中学校),22(静岡),2(公),1(本),静岡市立安東中学校,静岡県静岡市葵区安東三丁目１３番１号,4200882,2020-12-22,,224003,
C122210001047,C1(中学校),22(静岡),2(公),1(本),静岡市立大里中学校,静岡県静岡市駿河区中野新田５７番地の５,4228051,2020-12-22,,224004,
C122210001056,C1(中学校),22(静岡),2(公),1(本),静岡市立東中学校,静岡県静岡市葵区沓谷一丁目６番１号,4200816,2020-12-22,,224005,
C122210001065,C1(中学校),22(静岡),2(公),1(本),静岡市立豊田中学校,静岡県静岡市駿河区豊田一丁目３番１号,4228027,2020-12-22,,224006,
C122210001074,C1(中学校),22(静岡),2(公),1(本),静岡市立東豊田中学校,静岡県静岡市駿河区国吉田五丁目２３番１号,4228004,2020-12-22,,224007,
C122210001083,C1(中学校),22(静岡),2(公),1(本),静岡市立賤機中学校,静岡県静岡市葵区下１３５３番地の１,4212108,2020-12-22,,224008,
C122210001092,C1(中学校),22(静岡),2(公),1(本),静岡市立西奈中学校,静岡県静岡市葵区東瀬名町１４番１号,4200912,2020-12-22,,224009,
C122210001109,C1(中学校),22(静岡),2(公),1(本),静岡市立高松中学校,静岡県静岡市駿河区登呂四丁目６番１号,4228033,2020-12-22,,224010,
C122210001118,C1(中学校),22(静岡),2(公),1(本),静岡市立長田西中学校,静岡県静岡市駿河区丸子一丁目１番１号,4210103,2020-12-22,,224011,
C122210001127,C1(中学校),22(静岡),2(公),1(本),静岡市立長田南中学校,静岡県静岡市駿河区みずほ三丁目９番地の１,4210115,2020-12-22,,224012,
C122210001136,C1(中学校),22(静岡),2(公),1(本),静岡市立安倍川中学校,静岡県静岡市葵区弥勒二丁目１１番１号,4200053,2020-12-22,,224013,
C122210001145,C1(中学校),22(静岡),2(公),1(本),静岡市立美和中学校,静岡県静岡市葵区足久保口組３２７６番地の２,4212124,2020-12-22,,224015,
C122210001154,C1(中学校),22(静岡),2(公),1(本),静岡市立服織中学校,静岡県静岡市葵区羽鳥一丁目８番１号,4211215,2020-12-22,,224016,
C122210001163,C1(中学校),22(静岡),2(公),1(本),静岡市立藁科中学校,静岡県静岡市葵区大原１３９８番地の１,4211314,2020-12-22,,224017,
C122210001172,C1(中学校),22(静岡),2(公),1(本),静岡市立観山中学校,静岡県静岡市葵区観山８番地の２,4200931,2020-12-22,,224018,
C122210001181,C1(中学校),22(静岡),2(公),1(本),静岡市立南中学校,静岡県静岡市駿河区宮竹二丁目１１番１号,4228035,2020-12-22,,224019,
C122210001190,C1(中学校),22(静岡),2(公),1(本),静岡市立清水第一中学校,静岡県静岡市清水区宮代町５番５５号,4240807,2020-12-22,,224040,
C122210001207,C1(中学校),22(静岡),2(公),1(本),静岡市立清水第二中学校,静岡県静岡市清水区神田町４番５７号,4240852,2020-12-22,,224041,
C122210001216,C1(中学校),22(静岡),2(公),1(本),静岡市立清水第三中学校,静岡県静岡市清水区三光町３番５７号,4240933,2020-12-22,,224042,
C122210001225,C1(中学校),22(静岡),2(公),1(本),静岡市立清水第四中学校,静岡県静岡市清水区村松６８３番地の１,4240926,2020-12-22,,224043,
C122210001234,C1(中学校),22(静岡),2(公),1(本),静岡市立清水第五中学校,静岡県静岡市清水区三保１７２０番地,4240901,2020-12-22,,224044,
C122210001243,C1(中学校),22(静岡),2(公),1(本),静岡市立清水第六中学校,静岡県静岡市清水区天王西１０番４０号,4240016,2020-12-22,,224045,
C122210001252,C1(中学校),22(静岡),2(公),1(本),静岡市立清水第七中学校,静岡県静岡市清水区草薙三丁目９番２０号,4240886,2020-12-22,,224046,
C122210001261,C1(中学校),22(静岡),2(公),1(本),静岡市立清水第八中学校,静岡県静岡市清水区追分四丁目２４２９番地,4240841,2020-12-22,,224047,
C122210001270,C1(中学校),22(静岡),2(公),1(本),静岡市立清水袖師中学校,静岡県静岡市清水区西久保１２５番地の１,4240038,2020-12-22,,224048,
C122210001289,C1(中学校),22(静岡),2(公),1(本),静岡市立清水庵原中学校,静岡県静岡市清水区原２４５番地,4240113,2020-12-22,,224049,
C122210001298,C1(中学校),22(静岡),2(公),1(本),静岡市立清水興津中学校,静岡県静岡市清水区興津中町１４７８番地の１０,4240204,2020-12-22,,224050,
C122210001305,C1(中学校),22(静岡),2(公),1(本),静岡市立清水小島中学校,静岡県静岡市清水区但沼町２７１番地,4240303,2020-12-22,,224051,
C122210001314,C1(中学校),22(静岡),2(公),1(本),静岡市立清水両河内中学校,静岡県静岡市清水区和田島３０３番地,4240403,2020-12-22,,224052,
C122210001323,C1(中学校),22(静岡),2(公),1(本),静岡市立清水飯田中学校,静岡県静岡市清水区山原１１２番地の１,4240002,2020-12-22,,224053,
C122210001332,C1(中学校),22(静岡),2(公),1(本),静岡県立清水南高等学校中等部,静岡県静岡市清水区折戸３－２－１,4248622,2020-12-22,,224054,
C122210001341,C1(中学校),22(静岡),2(公),1(本),島田市立島田第一中学校,静岡県島田市稲荷３－１８－１,4270038,2020-12-22,,224080,
C122210001350,C1(中学校),22(静岡),2(公),1(本),島田市立島田第二中学校,静岡県島田市旗指７７－１,4270048,2020-12-22,,224081,
C122210001369,C1(中学校),22(静岡),2(公),1(本),島田市立六合中学校,静岡県島田市道悦２－２５－１,4270019,2020-12-22,,224082,
C122210001378,C1(中学校),22(静岡),2(公),1(本),島田市立初倉中学校,静岡県島田市大柳南１３２,4270102,2020-12-22,,224086,
C122210001387,C1(中学校),22(静岡),2(公),9(廃),島田市立北中学校,静岡県島田市相賀２５１０,4270033,2020-12-22,2021-05-27,224087,C122210001341
C122210001396,C1(中学校),22(静岡),2(公),1(本),焼津市立焼津中学校,静岡県焼津市焼津２－１０－２８,4250026,2020-12-22,,224100,
C122210001403,C1(中学校),22(静岡),2(公),1(本),焼津市立大村中学校,静岡県焼津市大村３丁目２５番地の１,4250082,2020-12-22,,224101,
C122210001412,C1(中学校),22(静岡),2(公),1(本),焼津市立豊田中学校,静岡県焼津市小土３０１－２,4250086,2020-12-22,,224102,
C122210001421,C1(中学校),22(静岡),2(公),1(本),焼津市立小川中学校,静岡県焼津市東小川四丁目２１番地の１,4250035,2020-12-22,,224103,
C122210001430,C1(中学校),22(静岡),2(公),1(本),焼津市立東益津中学校,静岡県焼津市中里４１６,4250014,2020-12-22,,224104,
C122210001449,C1(中学校),22(静岡),2(公),1(本),焼津市立大富中学校,静岡県焼津市中根１－１,4250061,2020-12-22,,224105,
C122210001458,C1(中学校),22(静岡),2(公),1(本),焼津市立和田中学校,静岡県焼津市田尻１９８４,4250052,2020-12-22,,224106,
C122210001467,C1(中学校),22(静岡),2(公),1(本),焼津市立港中学校,静岡県焼津市田尻北５８４,4250051,2020-12-22,,224107,
C122210001476,C1(中学校),22(静岡),2(公),1(本),掛川市立栄川中学校,静岡県掛川市本所５３８,4360006,2020-12-22,,224120,
C122210001485,C1(中学校),22(静岡),2(公),1(本),掛川市立東中学校,静岡県掛川市葛川１０３９,4360074,2020-12-22,,224121,
C122210001494,C1(中学校),22(静岡),2(公),1(本),掛川市立西中学校,静岡県掛川市下俣１００７－１,4360025,2020-12-22,,224122,
C122210001500,C1(中学校),22(静岡),2(公),1(本),掛川市立桜が丘中学校,静岡県掛川市富部７１６,4360224,2020-12-22,,224123,
C122210001519,C1(中学校),22(静岡),2(公),1(本),掛川市立原野谷中学校,静岡県掛川市寺島１５,4360106,2020-12-22,,224124,
C122210001528,C1(中学校),22(静岡),2(公),1(本),掛川市立北中学校,静岡県掛川市上西郷２２０－２,4360342,2020-12-22,,224126,
C122210001537,C1(中学校),22(静岡),2(公),1(本),藤枝市立藤枝中学校,静岡県藤枝市音羽町１－１－５１,4260087,2020-12-22,,224140,
C122210001546,C1(中学校),22(静岡),2(公),1(本),藤枝市立西益津中学校,静岡県藤枝市田中１－７－１,4260012,2020-12-22,,224141,
C122210001555,C1(中学校),22(静岡),2(公),1(本),藤枝市立青島中学校,静岡県藤枝市青葉町１－７－１,4260066,2020-12-22,,224142,
C122210001564,C1(中学校),22(静岡),2(公),1(本),藤枝市立葉梨中学校,静岡県藤枝市中ノ合３３６,4260213,2020-12-22,,224143,
C122210001573,C1(中学校),22(静岡),2(公),1(本),藤枝市立高洲中学校,静岡県藤枝市与左衛門３３番地の１,4260047,2020-12-22,,224144,
C122210001582,C1(中学校),22(静岡),2(公),1(本),藤枝市立大洲中学校,静岡県藤枝市弥左衛門５００,4260052,2020-12-22,,224145,
C122210001591,C1(中学校),22(静岡),2(公),1(本),藤枝市立瀬戸谷中学校,静岡県藤枝市本郷４６５３,4260132,2020-12-22,,224146,
C122210001608,C1(中学校),22(静岡),2(公),1(本),藤枝市立広幡中学校,静岡県藤枝市上当間６０２,4260004,2020-12-22,,224147,
C122210001617,C1(中学校),22(静岡),2(公),1(本),藤枝市立青島北中学校,静岡県藤枝市南駿河台１－１１－１,4260078,2020-12-22,,224148,
C122210001626,C1(中学校),22(静岡),2(公),1(本),富士市立富士川第一中学校,静岡県富士市岩淵８５５番地の３,4213305,2020-12-22,,224200,
C122210001635,C1(中学校),22(静岡),2(公),1(本),富士市立富士川第二中学校,静岡県富士市北松野１９６３番地の６,4213301,2020-12-22,,224201,
C122210001644,C1(中学校),22(静岡),2(公),1(本),静岡市立蒲原中学校,静岡県静岡市清水区蒲原４９番地,4213203,2020-12-22,,224210,
C122210001653,C1(中学校),22(静岡),2(公),1(本),静岡市立由比中学校,静岡県静岡市清水区由比４５６番地,4213103,2020-12-22,,224220,
C122210001662,C1(中学校),22(静岡),2(公),1(本),静岡市立大河内中学校,静岡県静岡市葵区平野１８５０番地の６６,4212306,2020-12-22,,224230,
C122210001671,C1(中学校),22(静岡),2(公),9(廃),静岡市立梅ケ島中学校,静岡県静岡市葵区梅ケ島１３０９番地の１,4212301,2020-12-22,2026-05-01,224240,C122210001662
C122210001680,C1(中学校),22(静岡),2(公),1(本),静岡市立玉川中学校,静岡県静岡市葵区落合１０３番地の３,4212223,2020-12-22,,224250,
C122210001699,C1(中学校),22(静岡),2(公),1(本),静岡市立井川中学校,静岡県静岡市葵区井川１５６１番地の３,4280504,2020-12-22,,224260,
C122210001706,C1(中学校),22(静岡),2(公),1(本),静岡市立大川中学校,静岡県静岡市葵区日向８７６番地,4211403,2020-12-22,,224280,
C122210001715,C1(中学校),22(静岡),2(公),1(本),静岡市立城山中学校,静岡県静岡市駿河区小坂二丁目３３番地,4210135,2020-12-22,,224281,
C122210001724,C1(中学校),22(静岡),2(公),1(本),静岡市立竜爪中学校,静岡県静岡市葵区瀬名七丁目３１番４０号,4200911,2020-12-22,,224282,
C122210001733,C1(中学校),22(静岡),2(公),1(本),静岡市立中島中学校,静岡県静岡市駿河区中島３３０３番地,4228046,2020-12-22,,224283,
C122210001742,C1(中学校),22(静岡),2(公),1(本),藤枝市立岡部中学校,静岡県藤枝市岡部町子持坂１０２,4211122,2020-12-22,,224302,
C122210001751,C1(中学校),22(静岡),2(公),1(本),焼津市立大井川中学校,静岡県焼津市下江留１９１,4210218,2020-12-22,,224310,
C122210001760,C1(中学校),22(静岡),2(公),1(本),御前崎市牧之原市学校組合立御前崎中学校,静岡県牧之原市新庄８００－１,4210533,2020-12-22,,224320,
C122210001779,C1(中学校),22(静岡),2(公),1(本),牧之原市立相良中学校,静岡県牧之原市相良２８３,4210522,2020-12-22,,224330,
C122210001788,C1(中学校),22(静岡),2(公),1(本),牧之原市菊川市学校組合立牧之原中学校,静岡県牧之原市東萩間２０７９－９,4210501,2020-12-22,,224333,
C122210001797,C1(中学校),22(静岡),2(公),1(本),牧之原市立榛原中学校,静岡県牧之原市仁田１００－１,4210413,2020-12-22,,224343,
C122210001804,C1(中学校),22(静岡),2(公),1(本),吉田町立吉田中学校,静岡県榛原郡吉田町住吉２３０,4210301,2020-12-22,,224350,
C122210001813,C1(中学校),22(静岡),2(公),1(本),島田市立金谷中学校,静岡県島田市金谷栄町２１１－１,4280017,2020-12-22,,224360,
C122210001822,C1(中学校),22(静岡),2(公),1(本),島田市立川根中学校,静岡県島田市川根町身成３３４０,4280103,2020-12-22,,224370,
C122210001831,C1(中学校),22(静岡),2(公),9(廃),川根本町立中川根中学校,静岡県榛原郡川根本町上長尾７４４番地,4280313,2020-12-22,2024-05-01,224380,C222210000029
C122210001840,C1(中学校),22(静岡),2(公),9(廃),川根本町立本川根中学校,静岡県榛原郡川根本町田代５３０,4280416,2020-12-22,2024-05-01,224390,C222210000038
C122210001859,C1(中学校),22(静岡),2(公),1(本),掛川市立城東中学校,静岡県掛川市下土方６８０,4371434,2020-12-22,,224400,
C122210001868,C1(中学校),22(静岡),2(公),1(本),掛川市立大須賀中学校,静岡県掛川市横須賀１００７,4371301,2020-12-22,,224410,
C122210001877,C1(中学校),22(静岡),2(公),1(本),掛川市立大浜中学校,静岡県掛川市大坂１１４７,4371421,2020-12-22,,224420,
C122210001886,C1(中学校),22(静岡),2(公),1(本),御前崎市立浜岡中学校,静岡県御前崎市池新田３９２３－１,4371612,2020-12-22,,224430,
C122210001895,C1(中学校),22(静岡),2(公),1(本),菊川市立岳洋中学校,静岡県菊川市下平川５４３０,4371514,2020-12-22,,224440,
C122210001902,C1(中学校),22(静岡),2(公),1(本),菊川市立菊川西中学校,静岡県菊川市加茂３８番地,4390031,2020-12-22,,224450,
C122210001911,C1(中学校),22(静岡),2(公),1(本),菊川市立菊川東中学校,静岡県菊川市本所６７０,4390018,2020-12-22,,224451,
C122210001920,C1(中学校),22(静岡),2(公),1(本),浜松市立東部中学校,静岡県浜松市中央区飯田町１０３８,4350028,2020-12-22,,224500,
C122210001939,C1(中学校),22(静岡),2(公),1(本),浜松市立西部中学校,静岡県浜松市中央区鴨江２－１７－１,4328023,2020-12-22,,224501,
C122210001948,C1(中学校),22(静岡),2(公),1(本),浜松市立南部中学校,静岡県浜松市中央区龍禅寺町７０６,4300924,2020-12-22,,224502,
C122210001957,C1(中学校),22(静岡),2(公),1(本),浜松市立北部中学校,静岡県浜松市中央区文丘町２８－１,4328004,2020-12-22,,224503,
C122210001966,C1(中学校),22(静岡),2(公),1(本),浜松市立中部中学校,静岡県浜松市中央区松城町１０８－１,4300947,2020-12-22,,224504,
C122210001975,C1(中学校),22(静岡),2(公),1(本),浜松市立八幡中学校,静岡県浜松市中央区野口町１５３３,4300919,2020-12-22,,224505,
C122210001984,C1(中学校),22(静岡),2(公),1(本),浜松市立曳馬中学校,静岡県浜松市中央区曳馬４－２－１５,4300901,2020-12-22,,224506,
C122210001993,C1(中学校),22(静岡),2(公),1(本),浜松市立新津中学校,静岡県浜松市中央区新橋町７４８,4328058,2020-12-22,,224507,
C122210002000,C1(中学校),22(静岡),2(公),1(本),浜松市立江西中学校,静岡県浜松市中央区神田町１２３,4328047,2020-12-22,,224508,
C122210002019,C1(中学校),22(静岡),2(公),1(本),浜松市立蜆塚中学校,静岡県浜松市中央区蜆塚２－１５－１,4328018,2020-12-22,,224509,
C122210002028,C1(中学校),22(静岡),2(公),1(本),浜松市立天竜中学校,静岡県浜松市中央区龍光町４３,4350029,2020-12-22,,224510,
C122210002037,C1(中学校),22(静岡),2(公),1(本),浜松市立与進中学校,静岡県浜松市中央区市野町１４０５－１,4350051,2020-12-22,,224511,
C122210002046,C1(中学校),22(静岡),2(公),1(本),浜松市立笠井中学校,静岡県浜松市中央区笠井町１０５５,4313107,2020-12-22,,224512,
C122210002055,C1(中学校),22(静岡),2(公),1(本),浜松市立南陽中学校,静岡県浜松市中央区芳川町８０,4300813,2020-12-22,,224513,
C122210002064,C1(中学校),22(静岡),2(公),1(本),浜松市立北星中学校,静岡県浜松市中央区初生町１３０５,4338112,2020-12-22,,224514,
C122210002073,C1(中学校),22(静岡),2(公),1(本),浜松市立都田中学校,静岡県浜松市浜名区都田町５８２４－１８,4312102,2020-12-22,,224515,
C122210002082,C1(中学校),22(静岡),2(公),1(本),浜松市立神久呂中学校,静岡県浜松市中央区大久保町６６３３,4328006,2020-12-22,,224516,
C122210002091,C1(中学校),22(静岡),2(公),1(本),浜松市立入野中学校,静岡県浜松市中央区入野町１７０５９,4328061,2020-12-22,,224517,
C122210002108,C1(中学校),22(静岡),2(公),1(本),浜松市立積志中学校,静岡県浜松市中央区有玉北町１２００,4313121,2020-12-22,,224518,
C122210002117,C1(中学校),22(静岡),2(公),1(本),浜松市立湖東中学校,静岡県浜松市中央区佐浜町４５４０,4311114,2020-12-22,,224519,
C122210002126,C1(中学校),22(静岡),2(公),1(本),浜松市立篠原中学校,静岡県浜松市中央区篠原町２０２００－１,4310201,2020-12-22,,224520,
C122210002135,C1(中学校),22(静岡),2(公),1(本),浜松市立丸塚中学校,静岡県浜松市中央区丸塚町１０５０,4350046,2020-12-22,,224521,
C122210002144,C1(中学校),22(静岡),2(公),1(本),浜松市立高台中学校,静岡県浜松市中央区住吉５－１９－１,4300906,2020-12-22,,224522,
C122210002153,C1(中学校),22(静岡),2(公),1(本),浜松市立庄内中学校,静岡県浜松市中央区庄内町１００,4311208,2020-12-22,,224523,
C122210002162,C1(中学校),22(静岡),2(公),1(本),浜松市立江南中学校,静岡県浜松市中央区江之島町１２６６－３,4300844,2020-12-22,,224524,
C122210002171,C1(中学校),22(静岡),2(公),1(本),浜松市立開成中学校,静岡県浜松市中央区高丘北１－１５－２０,4338119,2020-12-22,,224525,
C122210002180,C1(中学校),22(静岡),2(公),1(本),浜松市立中郡中学校,静岡県浜松市中央区中郡町８９７,4313111,2020-12-22,,224526,
C122210002199,C1(中学校),22(静岡),2(公),1(本),浜松市立三方原中学校,静岡県浜松市中央区豊岡町１９６,4338103,2020-12-22,,224527,
C122210002206,C1(中学校),22(静岡),2(公),1(本),浜松市立東陽中学校,静岡県浜松市中央区西町７００,4300821,2020-12-22,,224528,
C122210002215,C1(中学校),22(静岡),2(公),1(本),浜松市立佐鳴台中学校,静岡県浜松市中央区佐鳴台３－３２－１,4328021,2020-12-22,,224529,
C122210002224,C1(中学校),22(静岡),2(公),1(本),浜松市立富塚中学校,静岡県浜松市中央区富塚町４６０－１,4328002,2020-12-22,,224530,
C122210002233,C1(中学校),22(静岡),2(公),2(分),浜松市立積志中学校萩原分校,静岡県浜松市中央区有玉西町８１６,4313123,2020-12-22,,224531,
C122210002242,C1(中学校),22(静岡),2(公),1(本),静岡県立浜松西高等学校中等部,静岡県浜松市中央区西伊場町３－１,4328038,2020-12-22,,224532,
C122210002251,C1(中学校),22(静岡),2(公),1(本),磐田市立磐田第一中学校,静岡県磐田市国府台３９－１,4380077,2020-12-22,,224550,
C122210002260,C1(中学校),22(静岡),2(公),1(本),磐田市立城山中学校,静岡県磐田市見付２６３－３,4380086,2020-12-22,,224551,
C122210002279,C1(中学校),22(静岡),2(公),1(本),磐田市立向陽中学校,静岡県磐田市向笠竹之内１１６２－２,4380013,2020-12-22,,224552,
C122210002288,C1(中学校),22(静岡),2(公),1(本),磐田市立神明中学校,静岡県磐田市鎌田２２６２－７４,4380038,2020-12-22,,224553,
C122210002297,C1(中学校),22(静岡),2(公),1(本),磐田市立南部中学校,静岡県磐田市野箱３２,4380065,2020-12-22,,224556,
C122210002304,C1(中学校),22(静岡),2(公),1(本),袋井市立袋井中学校,静岡県袋井市川井７０１,4370064,2020-12-22,,224570,
C122210002313,C1(中学校),22(静岡),2(公),1(本),袋井市立周南中学校,静岡県袋井市下山梨１－１－１,4370123,2020-12-22,,224571,
C122210002322,C1(中学校),22(静岡),2(公),1(本),袋井市立袋井南中学校,静岡県袋井市愛野３１１０,4370031,2020-12-22,,224572,
C122210002331,C1(中学校),22(静岡),2(公),1(本),浜松市立清竜中学校,静岡県浜松市天竜区二俣町鹿島５２５,4313313,2020-12-22,,224596,
C122210002340,C1(中学校),22(静岡),2(公),1(本),浜松市立光が丘中学校,静岡県浜松市天竜区山東２７０１,4313303,2020-12-22,,224597,
C122210002359,C1(中学校),22(静岡),2(公),1(本),浜松市立浜名中学校,静岡県浜松市浜名区小松１７６２－１,4340042,2020-12-22,,224610,
C122210002368,C1(中学校),22(静岡),2(公),1(本),浜松市立北浜中学校,静岡県浜松市浜名区西美薗２７９－２,4340033,2020-12-22,,224611,
C122210002377,C1(中学校),22(静岡),2(公),1(本),浜松市立浜北北部中学校,静岡県浜松市浜名区於呂２９６１,4340015,2020-12-22,,224612,
C122210002386,C1(中学校),22(静岡),2(公),1(本),浜松市立麁玉中学校,静岡県浜松市浜名区宮口４８４７,4340004,2020-12-22,,224613,
C122210002395,C1(中学校),22(静岡),2(公),1(本),浜松市立北浜東部中学校,静岡県浜松市浜名区上善地３１７,4340028,2020-12-22,,224614,
C122210002402,C1(中学校),22(静岡),2(公),1(本),森町立旭が丘中学校,静岡県周智郡森町谷中５５６,4370225,2020-12-22,,224700,
C122210002411,C1(中学校),22(静岡),2(公),1(本),森町立森中学校,静岡県周智郡森町天宮８８８－１,4370216,2020-12-22,,224701,
C122210002420,C1(中学校),22(静岡),2(公),1(本),浜松市立春野中学校,静岡県浜松市天竜区春野町気田３８０－２,4370605,2020-12-22,,224714,
C122210002439,C1(中学校),22(静岡),2(公),1(本),袋井市立浅羽中学校,静岡県袋井市浅名８２２,4371102,2020-12-22,,224720,
C122210002448,C1(中学校),22(静岡),2(公),1(本),磐田市立福田中学校,静岡県磐田市福田中島３７５３－１,4371204,2020-12-22,,224730,
C122210002457,C1(中学校),22(静岡),2(公),1(本),磐田市立竜洋中学校,静岡県磐田市豊岡４４７３－８,4380231,2020-12-22,,224740,
C122210002466,C1(中学校),22(静岡),2(公),1(本),磐田市立豊田中学校,静岡県磐田市加茂２４３,4380804,2020-12-22,,224750,
C122210002475,C1(中学校),22(静岡),2(公),1(本),磐田市立豊田南中学校,静岡県磐田市立野２００,4380821,2020-12-22,,224751,
C122210002484,C1(中学校),22(静岡),2(公),1(本),磐田市立豊岡中学校,静岡県磐田市合代島９４３,4380114,2020-12-22,,224760,
C122210002493,C1(中学校),22(静岡),2(公),1(本),浜松市立佐久間中学校,静岡県浜松市天竜区佐久間町中部６８３－１,4313908,2020-12-22,,224783,
C122210002509,C1(中学校),22(静岡),2(公),1(本),浜松市立水窪中学校,静岡県浜松市天竜区水窪町地頭方３６６,4314102,2020-12-22,,224790,
C122210002518,C1(中学校),22(静岡),2(公),1(本),浜松市立可美中学校,静岡県浜松市中央区増楽町７００,4328062,2020-12-22,,224800,
C122210002527,C1(中学校),22(静岡),2(公),1(本),浜松市立舞阪中学校,静岡県浜松市中央区舞阪町舞阪４６０１,4310211,2020-12-22,,224810,
C122210002536,C1(中学校),22(静岡),2(公),1(本),湖西市立新居中学校,静岡県湖西市新居町中之郷１１８１,4310301,2020-12-22,,224820,
C122210002545,C1(中学校),22(静岡),2(公),1(本),湖西市立鷲津中学校,静岡県湖西市鷲津６２９番地,4310431,2020-12-22,,224830,
C122210002554,C1(中学校),22(静岡),2(公),1(本),湖西市立白須賀中学校,静岡県湖西市白須賀９８６番地,4310451,2020-12-22,,224831,
C122210002563,C1(中学校),22(静岡),2(公),1(本),湖西市立湖西中学校,静岡県湖西市太田１３５番地,4310404,2020-12-22,,224832,
C122210002572,C1(中学校),22(静岡),2(公),1(本),湖西市立岡崎中学校,静岡県湖西市岡崎５８７番地の２,4310422,2020-12-22,,224833,
C122210002581,C1(中学校),22(静岡),2(公),1(本),浜松市立雄踏中学校,静岡県浜松市中央区雄踏町宇布見９５９５,4310102,2020-12-22,,224840,
C122210002590,C1(中学校),22(静岡),2(公),1(本),浜松市立細江中学校,静岡県浜松市浜名区細江町気賀７３００－１,4311305,2020-12-22,,224902,
C122210002607,C1(中学校),22(静岡),2(公),1(本),浜松市立引佐北部中学校,静岡県浜松市浜名区引佐町四方浄１３４－６,4312533,2020-12-22,,224913,
C122210002616,C1(中学校),22(静岡),2(公),1(本),浜松市立引佐南部中学校,静岡県浜松市浜名区引佐町横尾４２６,4312214,2020-12-22,,224914,
C122210002625,C1(中学校),22(静岡),2(公),1(本),浜松市立三ヶ日中学校,静岡県浜松市浜名区三ヶ日町宇志１３２０－５,4311404,2020-12-22,,224922,
C122210002634,C1(中学校),22(静岡),2(公),1(本),下田市立下田中学校,静岡県下田市敷根７６５番地ー１,4150037,2022-05-01,,,
C122210002643,C1(中学校),22(静岡),2(公),1(本),静岡県立ふじのくに中学校磐田本校,静岡県磐田市中泉１－６－１６,4380078,2023-05-01,,,
C122210002652,C1(中学校),22(静岡),2(公),2(分),静岡県立ふじのくに中学校三島教室,静岡県三島市文教町１－３－９３,4110033,2023-05-01,,,
C122210002661,C1(中学校),22(静岡),2(公),1(本),伊豆市立伊豆中学校,静岡県伊豆市日向４３０,4102406,2025-05-01,,,
C122210002670,C1(中学校),22(静岡),2(公),1(本),南伊豆町立南伊豆中学校,静岡県賀茂郡南伊豆町湊１７２１,4150152,2026-05-01,,,
C122310000019,C1(中学校),22(静岡),3(私),1(本),不二聖心女子学院中学校,静岡県裾野市桃園１９８,4101126,2020-12-22,,225000,
C122310000028,C1(中学校),22(静岡),3(私),1(本),加藤学園暁秀中学校,静岡県沼津市岡宮字中見代１３６１－１,4100011,2020-12-22,,225003,
C122310000037,C1(中学校),22(静岡),3(私),9(廃),清水国際中学校,静岡県静岡市清水区天神１－４－１,4240809,2020-12-22,2025-05-01,225006,
C122310000046,C1(中学校),22(静岡),3(私),1(本),静岡サレジオ中学校,静岡県静岡市清水区中之郷３－２－１,4248624,2020-12-22,,225007,
C122310000055,C1(中学校),22(静岡),3(私),1(本),東海大学付属静岡翔洋高等学校中等部,静岡県静岡市清水区折戸３－２０－１,4248611,2020-12-22,,225008,
C122310000064,C1(中学校),22(静岡),3(私),1(本),静岡大成中学校,静岡県静岡市葵区鷹匠２－４－１８,4200839,2020-12-22,,225009,
C122310000073,C1(中学校),22(静岡),3(私),1(本),静岡英和女学院中学校,静岡県静岡市葵区西草深町８－１,4200866,2020-12-22,,225010,
C122310000082,C1(中学校),22(静岡),3(私),1(本),静岡雙葉中学校,静岡県静岡市葵区追手町１０－７１,4208628,2020-12-22,,225011,
C122310000091,C1(中学校),22(静岡),3(私),1(本),城南静岡中学校,静岡県静岡市駿河区南八幡町１－１,4228074,2020-12-22,,225012,
C122310000108,C1(中学校),22(静岡),3(私),1(本),常葉大学附属常葉中学校,静岡県静岡市葵区水落町１番３０号,4208588,2020-12-22,,225014,
C122310000117,C1(中学校),22(静岡),3(私),1(本),常葉大学附属橘中学校,静岡県静岡市葵区瀬名２－１－１,4200911,2020-12-22,,225015,
C122310000126,C1(中学校),22(静岡),3(私),1(本),静岡県西遠女子学園中学校,静岡県浜松市中央区佐藤三丁目２０－１,4300807,2020-12-22,,225018,
C122310000135,C1(中学校),22(静岡),3(私),1(本),浜松開誠館中学校,静岡県浜松市中央区松城町２０７－２,4300947,2020-12-22,,225019,
C122310000144,C1(中学校),22(静岡),3(私),1(本),浜松修学舎中学校,静岡県浜松市中央区向宿２－２０－１,4300851,2020-12-22,,225021,
C122310000153,C1(中学校),22(静岡),3(私),1(本),静岡聖光学院中学校,静岡県静岡市駿河区小鹿１４４０番地,4228021,2020-12-22,,225022,
C122310000162,C1(中学校),22(静岡),3(私),1(本),静岡学園中学校,静岡県静岡市葵区東鷹匠町２５,4200833,2020-12-22,,225023,
C122310000171,C1(中学校),22(静岡),3(私),1(本),浜松日体中学校,静岡県浜松市中央区半田山３－３０－１,4313125,2020-12-22,,225024,
C122310000180,C1(中学校),22(静岡),3(私),1(本),日本大学三島中学校,静岡県三島市文教町２－３１－１４５,4110033,2020-12-22,,225025,
C122310000199,C1(中学校),22(静岡),3(私),1(本),藤枝順心中学校,静岡県藤枝市前島２－３－１,4260067,2020-12-22,,225026,
C122310000206,C1(中学校),22(静岡),3(私),1(本),藤枝明誠中学校,静岡県藤枝市大洲２－２－１,4260051,2020-12-22,,225027,
C122310000215,C1(中学校),22(静岡),3(私),1(本),常葉大学附属菊川中学校,静岡県菊川市半済１５５０,4390019,2020-12-22,,225028,
C122310000224,C1(中学校),22(静岡),3(私),1(本),磐田東中学校,静岡県磐田市見付１８０－５,4380086,2020-12-22,,225029,
C122310000233,C1(中学校),22(静岡),3(私),1(本),浜松学院興誠中学校,静岡県浜松市中央区高林１－１７－２,4300907,2020-12-22,,225030,
C122310000242,C1(中学校),22(静岡),3(私),1(本),浜松学芸中学校,静岡県浜松市中央区下池川町３４－３,4300905,2020-12-22,,225031,
C122310000251,C1(中学校),22(静岡),3(私),1(本),聖隷クリストファー中学校,静岡県浜松市中央区三方原町３４５３,4338558,2020-12-22,,225032,
C122310000260,C1(中学校),22(静岡),3(私),1(本),静岡北中学校,静岡県静岡市葵区瀬名５－１４－１,4200911,2020-12-22,,225033,
C122310000279,C1(中学校),22(静岡),3(私),1(本),星陵中学校,静岡県富士宮市星山１０６８,4180035,2020-12-22,,225034,
C122310000288,C1(中学校),22(静岡),3(私),1(本),静岡県富士見中学校,静岡県富士市平垣町１－１,4168555,2020-12-22,,225035,
C122310000297,C1(中学校),22(静岡),3(私),1(本),聖隷クリストファーグローバルスクール中等部,静岡県浜松市中央区三方原町３４５３番地,4338105,2026-05-01,,,
C122310000304,C1(中学校),22(静岡),3(私),1(本),静岡学園なごみ中学校,静岡県静岡市駿河区八幡一丁目１番１号,4228076,2026-05-01,,,
C222210000010,C2(義務),22(静岡),2(公),1(本),伊豆市立土肥小中一貫校,静岡県伊豆市土肥２７０１番地の１,4103302,2020-12-22,,22C011,
C222210000029,C2(義務),22(静岡),2(公),1(本),川根本町立三ツ星学園,静岡県榛原郡川根本町上長尾１０００,4280313,2024-05-01,,,
C222210000038,C2(義務),22(静岡),2(公),1(本),川根本町立光の森学園,静岡県榛原郡川根本町千頭１２３６－６,4280411,2024-05-01,,,
D122210000019,D1(高校),22(静岡),2(公),1(本),静岡県立松崎高等学校,静岡県賀茂郡松崎町桜田１８８,4103693,2020-12-22,,225514,
D122210000028,D1(高校),22(静岡),2(公),1(本),静岡県立稲取高等学校,静岡県賀茂郡東伊豆町稲取３０１２―２,4130411,2020-12-22,,225515,
D122210000037,D1(高校),22(静岡),2(公),9(廃),静岡県立伊東高等学校,静岡県伊東市岡入の道１２２９－３,4140055,2020-12-22,2023-05-01,225516,D122210000965
D122210000046,D1(高校),22(静岡),2(公),9(廃),静岡県立伊東商業高等学校,静岡県伊東市吉田７４８－１,4140051,2020-12-22,2023-05-01,225517,D122210000965
D122210000055,D1(高校),22(静岡),2(公),1(本),静岡県立熱海高等学校,静岡県熱海市下多賀字向山１４８４－２２,4130102,2020-12-22,,225518,
D122210000064,D1(高校),22(静岡),2(公),1(本),静岡県立韮山高等学校,静岡県伊豆の国市韮山韮山２２９,4102143,2020-12-22,,225522,
D122210000073,D1(高校),22(静岡),2(公),1(本),静岡県立田方農業高等学校,静岡県田方郡函南町塚本９６１,4190124,2020-12-22,,225523,
D122210000082,D1(高校),22(静岡),2(公),1(本),静岡県立三島南高等学校,静岡県三島市大場６０８,4110803,2020-12-22,,225524,
D122210000091,D1(高校),22(静岡),2(公),1(本),静岡県立三島北高等学校,静岡県三島市文教町１－３－１８,4110033,2020-12-22,,225525,
D122210000108,D1(高校),22(静岡),2(公),1(本),静岡県立御殿場高等学校,静岡県御殿場市御殿場１９２－１,4120028,2020-12-22,,225526,
D122210000117,D1(高校),22(静岡),2(公),1(本),静岡県立御殿場南高等学校,静岡県御殿場市新橋１４５０,4120043,2020-12-22,,225528,
D122210000126,D1(高校),22(静岡),2(公),1(本),静岡県立裾野高等学校,静岡県裾野市佐野９００－１,4101118,2020-12-22,,225529,
D122210000135,D1(高校),22(静岡),2(公),1(本),静岡県立沼津東高等学校,静岡県沼津市岡宮８１２,4100011,2020-12-22,,225530,
D122210000144,D1(高校),22(静岡),2(公),1(本),静岡県立沼津西高等学校,静岡県沼津市本字千本１９１０－９,4100867,2020-12-22,,225531,
D122210000153,D1(高校),22(静岡),2(公),1(本),静岡県立沼津城北高等学校,静岡県沼津市岡一色８７５,4100012,2020-12-22,,225532,
D122210000162,D1(高校),22(静岡),2(公),1(本),静岡県立沼津工業高等学校,静岡県沼津市下香貫八重１２９－１,4100822,2020-12-22,,225533,
D122210000171,D1(高校),22(静岡),2(公),1(本),静岡県立沼津商業高等学校,静岡県駿東郡清水町徳倉１２０５,4110917,2020-12-22,,225534,
D122210000180,D1(高校),22(静岡),2(公),1(本),静岡県立吉原高等学校,静岡県富士市今泉２１６０,4178545,2020-12-22,,225535,
D122210000199,D1(高校),22(静岡),2(公),1(本),静岡県立吉原工業高等学校,静岡県富士市比奈２３００,4170847,2020-12-22,,225536,
D122210000206,D1(高校),22(静岡),2(公),1(本),静岡県立富士高等学校,静岡県富士市松本１７,4160903,2020-12-22,,225537,
D122210000215,D1(高校),22(静岡),2(公),1(本),静岡県立富士宮東高等学校,静岡県富士宮市小泉１２３４,4180022,2020-12-22,,225538,
D122210000224,D1(高校),22(静岡),2(公),1(本),静岡県立富士宮北高等学校,静岡県富士宮市宮北町２３０,4180053,2020-12-22,,225539,
D122210000233,D1(高校),22(静岡),2(公),1(本),静岡県立富岳館高等学校,静岡県富士宮市弓沢町７３２,4180073,2020-12-22,,225540,
D122210000242,D1(高校),22(静岡),2(公),1(本),静岡県立富士東高等学校,静岡県富士市今泉２９２１,4178571,2020-12-22,,225541,
D122210000251,D1(高校),22(静岡),2(公),1(本),静岡県立伊豆中央高等学校,静岡県伊豆の国市寺家９７０－１,4102122,2020-12-22,,225542,
D122210000260,D1(高校),22(静岡),2(公),1(本),静岡県立富士宮西高等学校,静岡県富士宮市淀師１５５０,4180051,2020-12-22,,225543,
D122210000279,D1(高校),22(静岡),2(公),9(廃),静岡県立伊東高等学校城ヶ崎分校,静岡県伊東市八幡野１１２０,4130232,2020-12-22,2023-05-01,225544,D122210000965
D122210000288,D1(高校),22(静岡),2(公),1(本),静岡県立三島長陵高等学校,静岡県三島市文教町１－３－９３,4110033,2020-12-22,,225547,
D122210000297,D1(高校),22(静岡),2(公),1(本),静岡県立小山高等学校,静岡県駿東郡小山町竹之下３６９,4101313,2020-12-22,,225548,
D122210000304,D1(高校),22(静岡),2(公),1(本),静岡県立下田高等学校,静岡県下田市蓮台寺１５２,4158527,2020-12-22,,225549,
D122210000313,D1(高校),22(静岡),2(公),2(分),静岡県立下田高等学校南伊豆分校,静岡県賀茂郡南伊豆町石井５８,4150306,2020-12-22,,225550,
D122210000322,D1(高校),22(静岡),2(公),1(本),静岡県立伊豆総合高等学校,静岡県伊豆市牧之郷８９２,4102401,2020-12-22,,225551,
D122210000331,D1(高校),22(静岡),2(公),1(本),静岡県立清水東高等学校,静岡県静岡市清水区秋吉町５－１０,4248550,2020-12-22,,225600,
D122210000340,D1(高校),22(静岡),2(公),1(本),静岡県立清水西高等学校,静岡県静岡市清水区青葉町５－１,4248637,2020-12-22,,225601,
D122210000359,D1(高校),22(静岡),2(公),1(本),静岡県立清水南高等学校,静岡県静岡市清水区折戸三丁目２－１,4248622,2020-12-22,,225602,
D122210000368,D1(高校),22(静岡),2(公),1(本),静岡県立静岡高等学校,静岡県静岡市葵区長谷町６６,4208608,2020-12-22,,225604,
D122210000377,D1(高校),22(静岡),2(公),1(本),静岡県立静岡城北高等学校,静岡県静岡市葵区北安東２－３－１,4200881,2020-12-22,,225605,
D122210000386,D1(高校),22(静岡),2(公),1(本),静岡県立静岡東高等学校,静岡県静岡市葵区川合３－２４－１,4200923,2020-12-22,,225606,
D122210000395,D1(高校),22(静岡),2(公),1(本),静岡県立静岡農業高等学校,静岡県静岡市葵区古庄３－１－１,4200812,2020-12-22,,225607,
D122210000402,D1(高校),22(静岡),2(公),1(本),静岡県立静岡商業高等学校,静岡県静岡市葵区田町７－９０,4200068,2020-12-22,,225609,
D122210000411,D1(高校),22(静岡),2(公),1(本),静岡県立焼津中央高等学校,静岡県焼津市小土１５７－１,4250086,2020-12-22,,225610,
D122210000420,D1(高校),22(静岡),2(公),1(本),静岡県立焼津水産高等学校,静岡県焼津市焼津５－５－２,4250026,2020-12-22,,225611,
D122210000439,D1(高校),22(静岡),2(公),1(本),静岡県立藤枝東高等学校,静岡県藤枝市天王町１－７－１,4268577,2020-12-22,,225612,
D122210000448,D1(高校),22(静岡),2(公),1(本),静岡県立藤枝西高等学校,静岡県藤枝市城南２丁目４番６号,4260021,2020-12-22,,225613,
D122210000457,D1(高校),22(静岡),2(公),1(本),静岡県立藤枝北高等学校,静岡県藤枝市郡９７０,4260016,2020-12-22,,225614,
D122210000466,D1(高校),22(静岡),2(公),1(本),静岡県立島田高等学校,静岡県島田市稲荷１－７－１,4270038,2020-12-22,,225615,
D122210000475,D1(高校),22(静岡),2(公),1(本),静岡県立島田工業高等学校,静岡県島田市阿知ヶ谷２０１番地,4278541,2020-12-22,,225616,
D122210000484,D1(高校),22(静岡),2(公),1(本),静岡県立島田商業高等学校,静岡県島田市祇園町８７０７,4270058,2020-12-22,,225617,
D122210000493,D1(高校),22(静岡),2(公),9(廃),静岡県立金谷高等学校,静岡県島田市金谷根岸町３５,4280018,2020-12-22,2024-05-01,225618,D122210000974
D122210000509,D1(高校),22(静岡),2(公),1(本),静岡県立川根高等学校,静岡県榛原郡川根本町徳山１６４４－１,4280301,2020-12-22,,225619,
D122210000518,D1(高校),22(静岡),2(公),1(本),静岡県立榛原高等学校,静岡県牧之原市静波８５０,4210422,2020-12-22,,225620,
D122210000527,D1(高校),22(静岡),2(公),1(本),静岡県立相良高等学校,静岡県牧之原市波津１７００－３,4210596,2020-12-22,,225621,
D122210000536,D1(高校),22(静岡),2(公),1(本),静岡県立掛川東高等学校,静岡県掛川市南西郷１３５７,4360024,2020-12-22,,225622,
D122210000545,D1(高校),22(静岡),2(公),1(本),静岡県立掛川西高等学校,静岡県掛川市城西１－１－６,4360054,2020-12-22,,225623,
D122210000554,D1(高校),22(静岡),2(公),1(本),静岡県立掛川工業高等学校,静岡県掛川市葵町１５－１,4360018,2020-12-22,,225624,
D122210000563,D1(高校),22(静岡),2(公),1(本),静岡県立小笠高等学校,静岡県菊川市東横地１２２２－３,4390022,2020-12-22,,225625,
D122210000572,D1(高校),22(静岡),2(公),1(本),静岡県立池新田高等学校,静岡県御前崎市池新田２９０７－１,4371612,2020-12-22,,225626,
D122210000581,D1(高校),22(静岡),2(公),1(本),静岡県立横須賀高等学校,静岡県掛川市横須賀１４９１－１,4371301,2020-12-22,,225627,
D122210000590,D1(高校),22(静岡),2(公),1(本),静岡県立静岡西高等学校,静岡県静岡市葵区牧ケ谷６８０－１,4211221,2020-12-22,,225629,
D122210000607,D1(高校),22(静岡),2(公),1(本),静岡県立静岡中央高等学校,静岡県静岡市葵区城北二丁目２９－１,4208502,2020-12-22,,225632,
D122210000616,D1(高校),22(静岡),2(公),1(本),静岡県立科学技術高等学校,静岡県静岡市葵区長沼５００－１,4200813,2020-12-22,,225634,
D122210000625,D1(高校),22(静岡),2(公),1(本),静岡県立袋井商業高等学校,静岡県袋井市久能２３５０,4370061,2020-12-22,,225703,
D122210000634,D1(高校),22(静岡),2(公),1(本),静岡県立磐田南高等学校,静岡県磐田市見付３０８４,4380086,2020-12-22,,225707,
D122210000643,D1(高校),22(静岡),2(公),1(本),静岡県立磐田北高等学校,静岡県磐田市見付２０３１－２,4380086,2020-12-22,,225708,
D122210000652,D1(高校),22(静岡),2(公),1(本),静岡県立磐田農業高等学校,静岡県磐田市中泉１６８,4388718,2020-12-22,,225709,
D122210000661,D1(高校),22(静岡),2(公),1(本),静岡県立磐田西高等学校,静岡県磐田市中泉２６８０－１,4380078,2020-12-22,,225710,
D122210000670,D1(高校),22(静岡),2(公),1(本),静岡県立浜松北高等学校,静岡県浜松市中央区広沢１－３０－１,4328013,2020-12-22,,225711,
D122210000689,D1(高校),22(静岡),2(公),1(本),静岡県立浜松西高等学校,静岡県浜松市中央区西伊場町３－１,4328038,2020-12-22,,225712,
D122210000698,D1(高校),22(静岡),2(公),1(本),静岡県立浜松南高等学校,静岡県浜松市中央区米津町９６１,4328056,2020-12-22,,225713,
D122210000705,D1(高校),22(静岡),2(公),1(本),静岡県立浜松湖東高等学校,静岡県浜松市中央区大人見町３６００番地,4311112,2020-12-22,,225714,
D122210000714,D1(高校),22(静岡),2(公),1(本),静岡県立浜松工業高等学校,静岡県浜松市中央区初生町１１５０,4338567,2020-12-22,,225716,
D122210000723,D1(高校),22(静岡),2(公),1(本),静岡県立浜松城北工業高等学校,静岡県浜松市中央区住吉５－１６－１,4300906,2020-12-22,,225717,
D122210000732,D1(高校),22(静岡),2(公),1(本),静岡県立浜松商業高等学校,静岡県浜松市中央区文丘町４－１１,4328004,2020-12-22,,225718,
D122210000741,D1(高校),22(静岡),2(公),1(本),静岡県立浜名高等学校,静岡県浜松市浜名区西美薗２９３９－１,4340033,2020-12-22,,225719,
D122210000750,D1(高校),22(静岡),2(公),1(本),静岡県立新居高等学校,静岡県湖西市新居町内山２０３６,4310304,2020-12-22,,225720,
D122210000769,D1(高校),22(静岡),2(公),1(本),静岡県立浜松東高等学校,静岡県浜松市中央区笠井新田町１４４２,4313105,2020-12-22,,225725,
D122210000778,D1(高校),22(静岡),2(公),1(本),静岡県立袋井高等学校,静岡県袋井市愛野２４４６－１,4370031,2020-12-22,,225726,
D122210000787,D1(高校),22(静岡),2(公),1(本),静岡県立浜北西高等学校,静岡県浜松市浜名区新原４１７５－１,4340003,2020-12-22,,225727,
D122210000796,D1(高校),22(静岡),2(公),1(本),静岡県立湖西高等学校,静岡県湖西市鷲津１５１０－２,4310431,2020-12-22,,225728,
D122210000803,D1(高校),22(静岡),2(公),1(本),静岡県立浜松湖南高等学校,静岡県浜松市中央区馬郡町３７９１－１,4310203,2020-12-22,,225729,
D122210000812,D1(高校),22(静岡),2(公),1(本),静岡県立浜松江之島高等学校,静岡県浜松市中央区江之島町６３０－１,4300844,2020-12-22,,225730,
D122210000821,D1(高校),22(静岡),2(公),1(本),静岡県立浜松大平台高等学校,静岡県浜松市中央区大平台４丁目２５番１号,4328686,2020-12-22,,225731,
D122210000830,D1(高校),22(静岡),2(公),1(本),静岡県立遠江総合高等学校,静岡県周智郡森町森２０８５,4370215,2020-12-22,,225732,
D122210000849,D1(高校),22(静岡),2(公),1(本),静岡県立駿河総合高等学校,静岡県静岡市駿河区有東三丁目４番１７号,4228032,2020-12-22,,225733,
D122210000858,D1(高校),22(静岡),2(公),1(本),静岡県立清流館高等学校,静岡県焼津市上新田２９２－１,4210206,2020-12-22,,225734,
D122210000867,D1(高校),22(静岡),2(公),1(本),静岡県立天竜高等学校,静岡県浜松市天竜区二俣町二俣６０１,4313314,2020-12-22,,225735,
D122210000876,D1(高校),22(静岡),2(公),2(分),静岡県立天竜高等学校春野校舎,静岡県浜松市天竜区春野町堀之内２８４,4370625,2020-12-22,,225736,
D122210000885,D1(高校),22(静岡),2(公),1(本),静岡県立浜松湖北高等学校,静岡県浜松市浜名区引佐町金指１４２８,4312213,2020-12-22,,225737,
D122210000894,D1(高校),22(静岡),2(公),2(分),静岡県立伊豆総合高等学校土肥分校,静岡県伊豆市土肥８７０－１,4103302,2020-12-22,,225738,
D122210000901,D1(高校),22(静岡),2(公),2(分),静岡県立浜松湖北高等学校佐久間分校,静岡県浜松市天竜区佐久間町中部６８３－１,4313908,2020-12-22,,225739,
D122210000910,D1(高校),22(静岡),2(公),1(本),沼津市立沼津高等学校,静岡県沼津市三枚橋字鐘突免６７３,4100031,2020-12-22,,225800,
D122210000929,D1(高校),22(静岡),2(公),1(本),富士市立高等学校,静岡県富士市比奈１６５４番地,4170847,2020-12-22,,225801,
D122210000938,D1(高校),22(静岡),2(公),1(本),静岡市立高等学校,静岡県静岡市葵区千代田３－１－１,4200803,2020-12-22,,225803,
D122210000947,D1(高校),22(静岡),2(公),1(本),浜松市立高等学校,静岡県浜松市中央区広沢１－２１－１,4328013,2020-12-22,,225805,
D122210000956,D1(高校),22(静岡),2(公),1(本),静岡市立清水桜が丘高等学校,静岡県静岡市清水区桜が丘町７番１５号,4248752,2020-12-22,,225806,
D122210000965,D1(高校),22(静岡),2(公),1(本),静岡県立伊豆伊東高等学校,静岡県伊東市吉田７４８－１,4140051,2023-05-01,,,
D122210000974,D1(高校),22(静岡),2(公),1(本),静岡県立ふじのくに国際高等学校,静岡県島田市金谷根岸町３５番地,4280018,2024-05-01,,,
D122310000017,D1(高校),22(静岡),3(私),1(本),知徳高等学校,静岡県駿東郡長泉町竹原３５４,4110944,2020-12-22,,225900,
D122310000026,D1(高校),22(静岡),3(私),1(本),不二聖心女子学院高等学校,静岡県裾野市桃園１９８,4101126,2020-12-22,,225901,
D122310000035,D1(高校),22(静岡),3(私),1(本),日本大学三島高等学校,静岡県三島市文教町２－３１－１４５,4110033,2020-12-22,,225902,
D122310000044,D1(高校),22(静岡),3(私),1(本),沼津中央高等学校,静岡県沼津市杉崎町１１－２０,4100033,2020-12-22,,225903,
D122310000053,D1(高校),22(静岡),3(私),1(本),飛龍高等学校,静岡県沼津市東熊堂４９１,4100013,2020-12-22,,225904,
D122310000062,D1(高校),22(静岡),3(私),1(本),加藤学園高等学校,静岡県沼津市大岡自由ヶ丘１９７９,4100022,2020-12-22,,225905,
D122310000071,D1(高校),22(静岡),3(私),1(本),誠恵高等学校,静岡県沼津市沼北町２－９－１２,4100058,2020-12-22,,225906,
D122310000080,D1(高校),22(静岡),3(私),1(本),御殿場西高等学校,静岡県御殿場市ぐみ沢６４４－１,4120041,2020-12-22,,225907,
D122310000099,D1(高校),22(静岡),3(私),1(本),静岡県富士見高等学校,静岡県富士市平垣町１－１,4168555,2020-12-22,,225908,
D122310000106,D1(高校),22(静岡),3(私),1(本),星陵高等学校,静岡県富士宮市星山１０６８,4180035,2020-12-22,,225909,
D122310000115,D1(高校),22(静岡),3(私),1(本),桐陽高等学校,静岡県沼津市高島本町８－５２,4100055,2020-12-22,,225910,
D122310000124,D1(高校),22(静岡),3(私),1(本),加藤学園暁秀高等学校,静岡県沼津市岡宮字中見代１３６１－１,4100011,2020-12-22,,225911,
D122310000133,D1(高校),22(静岡),3(私),1(本),菊川南陵高等学校,静岡県菊川市河東５４４２－５,4371506,2020-12-22,,225915,
D122310000142,D1(高校),22(静岡),3(私),1(本),清水国際高等学校,静岡県静岡市清水区天神１－４－１,4240809,2020-12-22,,226000,
D122310000151,D1(高校),22(静岡),3(私),1(本),静岡サレジオ高等学校,静岡県静岡市清水区中之郷３－２－１,4248624,2020-12-22,,226001,
D122310000160,D1(高校),22(静岡),3(私),1(本),東海大学付属静岡翔洋高等学校,静岡県静岡市清水区折戸３－２０－１,4248611,2020-12-22,,226003,
D122310000179,D1(高校),22(静岡),3(私),1(本),静清高等学校,静岡県藤枝市潮８７,4260007,2020-12-22,,226005,
D122310000188,D1(高校),22(静岡),3(私),1(本),静岡大成高等学校,静岡県静岡市葵区鷹匠２－４－１８,4200839,2020-12-22,,226006,
D122310000197,D1(高校),22(静岡),3(私),1(本),静岡英和女学院高等学校,静岡県静岡市葵区西草深町８－１,4200866,2020-12-22,,226007,
D122310000204,D1(高校),22(静岡),3(私),1(本),静岡雙葉高等学校,静岡県静岡市葵区追手町１０－７１,4208628,2020-12-22,,226008,
D122310000213,D1(高校),22(静岡),3(私),1(本),城南静岡高等学校,静岡県静岡市駿河区南八幡町１－１,4228074,2020-12-22,,226009,
D122310000222,D1(高校),22(静岡),3(私),1(本),静岡女子高等学校,静岡県静岡市駿河区八幡３丁目６番１号,4228076,2020-12-22,,226010,
D122310000231,D1(高校),22(静岡),3(私),1(本),常葉大学附属常葉高等学校,静岡県静岡市葵区水落町１番３０号,4208588,2020-12-22,,226011,
D122310000240,D1(高校),22(静岡),3(私),1(本),常葉大学附属橘高等学校,静岡県静岡市葵区瀬名２－１－１,4200911,2020-12-22,,226012,
D122310000259,D1(高校),22(静岡),3(私),1(本),静岡北高等学校,静岡県静岡市葵区瀬名５－１４－１,4200911,2020-12-22,,226013,
D122310000268,D1(高校),22(静岡),3(私),1(本),静岡学園高等学校,静岡県静岡市葵区東鷹匠町２５,4200833,2020-12-22,,226014,
D122310000277,D1(高校),22(静岡),3(私),1(本),焼津高等学校,静岡県焼津市中港１－１－８,4250021,2020-12-22,,226015,
D122310000286,D1(高校),22(静岡),3(私),1(本),藤枝順心高等学校,静岡県藤枝市前島２－３－１,4260067,2020-12-22,,226016,
D122310000295,D1(高校),22(静岡),3(私),1(本),島田樟誠高等学校,静岡県島田市伊太２０７５－１,4270034,2020-12-22,,226017,
D122310000302,D1(高校),22(静岡),3(私),1(本),静岡聖光学院高等学校,静岡県静岡市駿河区小鹿１４４０番地,4228021,2020-12-22,,226018,
D122310000311,D1(高校),22(静岡),3(私),1(本),常葉大学附属菊川高等学校,静岡県菊川市半済１５５０,4390019,2020-12-22,,226019,
D122310000320,D1(高校),22(静岡),3(私),1(本),藤枝明誠高等学校,静岡県藤枝市大洲２－２－１,4260051,2020-12-22,,226020,
D122310000339,D1(高校),22(静岡),3(私),1(本),磐田東高等学校,静岡県磐田市見付１８０－５,4380086,2020-12-22,,226100,
D122310000348,D1(高校),22(静岡),3(私),1(本),浜松学院興誠高等学校,静岡県浜松市中央区高林１－１７－２,4300907,2020-12-22,,226101,
D122310000357,D1(高校),22(静岡),3(私),1(本),静岡県西遠女子学園高等学校,静岡県浜松市中央区佐藤三丁目２０－１,4300807,2020-12-22,,226102,
D122310000366,D1(高校),22(静岡),3(私),1(本),浜松開誠館高等学校,静岡県浜松市中央区松城町２０７－２,4300947,2020-12-22,,226103,
D122310000375,D1(高校),22(静岡),3(私),1(本),浜松学芸高等学校,静岡県浜松市中央区下池川町３４－３,4300905,2020-12-22,,226104,
D122310000384,D1(高校),22(静岡),3(私),1(本),浜松修学舎高等学校,静岡県浜松市中央区向宿２－２０－１,4300851,2020-12-22,,226105,
D122310000393,D1(高校),22(静岡),3(私),1(本),浜松聖星高等学校,静岡県浜松市中央区蜆塚３－１４－１,4328018,2020-12-22,,226106,
D122310000400,D1(高校),22(静岡),3(私),1(本),浜松日体高等学校,静岡県浜松市中央区半田山３－３０－１,4313125,2020-12-22,,226107,
D122310000419,D1(高校),22(静岡),3(私),1(本),聖隷クリストファー高等学校,静岡県浜松市中央区三方原町３４５３,4338558,2020-12-22,,226108,
D122310000428,D1(高校),22(静岡),3(私),1(本),オイスカ浜松国際高等学校,静岡県浜松市中央区和地町５８３５番地,4311115,2020-12-22,,226109,
D122310000437,D1(高校),22(静岡),3(私),1(本),浜松啓陽高等学校,静岡県浜松市中央区三幸町４２１,4338101,2020-12-22,,226110,
D122310000446,D1(高校),22(静岡),3(私),1(本),キラリ高等学校,静岡県榛原郡吉田町神戸７２６－４,4210304,2020-12-22,,226111,
D122310000455,D1(高校),22(静岡),3(私),1(本),静岡学園なごみ高等学校,静岡県静岡市駿河区八幡１丁目１番１号,4228076,2024-05-01,,,
D122310000464,D1(高校),22(静岡),3(私),1(本),静岡泉洋高等学校,静岡県周智郡森町問詰２５９番地,4370204,2026-05-01,,,
D122310000473,D1(高校),22(静岡),3(私),1(本),あおい開惺高等学校,静岡県静岡市清水区中河内２５８３番地の１,4240401,2026-05-01,,,
D122310000482,D1(高校),22(静岡),3(私),1(本),聖隷クリストファーグローバルスクール高等部,静岡県浜松市中央区三方原町３４５３番地,4338105,2026-05-01,,,
E122110000018,E1(養護),22(静岡),1(国),1(本),静岡大学教育学部附属特別支援学校,静岡県静岡市葵区大岩町１－１５,4200885,2020-12-22,,229901,
E122210000016,E1(特支盲),22(静岡),2(公),1(本),静岡県立沼津視覚特別支援学校,静岡県沼津市米山町６－２０,4100046,2020-12-22,,229711,
E122210000025,E1(特支盲),22(静岡),2(公),9(廃),静岡県立静岡視覚特別支援学校,静岡県静岡市駿河区曲金５丁目３番３０号,4228006,2020-12-22,2026-05-01,229712,
E122210000034,E1(特支盲),22(静岡),2(公),1(本),静岡県立浜松視覚特別支援学校,静岡県浜松市中央区葵西五丁目９番１号,4338111,2020-12-22,,229713,
E122210000043,E1(特支盲),22(静岡),2(公),1(本),静岡県立浜北特別支援学校,静岡県浜松市浜名区西中瀬２－３－１,4348505,2020-12-22,,229714,
E122210000052,E1(特支盲),22(静岡),2(公),2(分),静岡県立沼津特別支援学校伊豆田方分校,静岡県田方郡函南町塚本９６１,4190124,2020-12-22,,229715,
E122210000061,E1(特支聾),22(静岡),2(公),1(本),静岡県立沼津聴覚特別支援学校,静岡県沼津市泉町４－１,4100045,2020-12-22,,229811,
E122210000070,E1(特支聾),22(静岡),2(公),1(本),静岡県立静岡聴覚特別支援学校,静岡県静岡市駿河区中村町２５１番地,4228047,2020-12-22,,229812,
E122210000089,E1(特支聾),22(静岡),2(公),1(本),静岡県立浜松聴覚特別支援学校,静岡県浜松市中央区幸３－２５－１,4338123,2020-12-22,,229813,
E122210000098,E1(養護),22(静岡),2(公),1(本),静岡県立中央特別支援学校,静岡県静岡市葵区漆山７７７,4200953,2020-12-22,,229911,
E122210000105,E1(養護),22(静岡),2(公),1(本),静岡県立東部特別支援学校,静岡県伊豆の国市寺家２４６－１,4102122,2020-12-22,,229912,
E122210000114,E1(養護),22(静岡),2(公),1(本),静岡県立西部特別支援学校,静岡県浜松市中央区根洗町５９７－１,4338108,2020-12-22,,229913,
E122210000123,E1(養護),22(静岡),2(公),1(本),静岡県立天竜特別支援学校,静岡県浜松市天竜区渡ヶ島２０１－２,4313423,2020-12-22,,229914,
E122210000132,E1(養護),22(静岡),2(公),1(本),静岡県立静岡北特別支援学校,静岡県静岡市葵区漆山７９６,4200953,2020-12-22,,229917,
E122210000141,E1(養護),22(静岡),2(公),1(本),静岡県立浜松特別支援学校,静岡県浜松市中央区江之島町１２６６－２,4300844,2020-12-22,,229918,
E122210000150,E1(養護),22(静岡),2(公),1(本),静岡県立沼津特別支援学校,静岡県沼津市大塚８２３－１,4100306,2020-12-22,,229919,
E122210000169,E1(養護),22(静岡),2(公),1(本),静岡県立浜名特別支援学校,静岡県湖西市新居町浜名１８５５－７１,4310303,2020-12-22,,229920,
E122210000178,E1(養護),22(静岡),2(公),9(廃),静岡県立東部特別支援学校川奈分校,静岡県伊東市川奈５１０－７,4140044,2020-12-22,2021-05-27,229921,
E122210000187,E1(養護),22(静岡),2(公),2(分),静岡県立浜松特別支援学校磐田分校,静岡県磐田市西貝塚３５７７－１,4380026,2020-12-22,,229922,
E122210000196,E1(養護),22(静岡),2(公),1(本),静岡県立静岡南部特別支援学校,静岡県静岡市駿河区曲金５－３－３０,4228006,2020-12-22,,229923,
E122210000203,E1(養護),22(静岡),2(公),1(本),静岡県立藤枝特別支援学校,静岡県藤枝市前島２２８１－１,4260067,2020-12-22,,229924,
E122210000212,E1(養護),22(静岡),2(公),1(本),静岡県立富士特別支援学校,静岡県富士市大渕３７７３－１,4170801,2020-12-22,,229925,
E122210000221,E1(養護),22(静岡),2(公),1(本),静岡県立袋井特別支援学校,静岡県袋井市高尾２７５３－１,4370023,2020-12-22,,229926,
E122210000230,E1(養護),22(静岡),2(公),2(分),静岡県立東部特別支援学校伊東分校,静岡県伊東市岡１２７０－１,4140055,2020-12-22,,229927,
E122210000249,E1(養護),22(静岡),2(公),1(本),静岡県立御殿場特別支援学校,静岡県御殿場市神山１５５３－３,4120033,2020-12-22,,229928,
E122210000258,E1(養護),22(静岡),2(公),2(分),静岡県立静岡北特別支援学校南の丘分校,静岡県静岡市駿河区有東三丁目４ー１７,4228032,2020-12-22,,229931,
E122210000267,E1(養護),22(静岡),2(公),2(分),静岡県立掛川特別支援学校御前崎分校,静岡県御前崎市池新田２９０７－１,4371612,2020-12-22,,229932,
E122210000276,E1(養護),22(静岡),2(公),2(分),静岡県立東部特別支援学校伊豆高原分校,静岡県伊東市吉田７４８－１,4140051,2020-12-22,,229933,
E122210000285,E1(養護),22(静岡),2(公),2(分),静岡県立伊豆の国特別支援学校伊豆下田分校,静岡県下田市５－３－１,4150025,2020-12-22,,229934,
E122210000294,E1(特支盲),22(静岡),2(公),1(本),静岡県立清水特別支援学校,静岡県静岡市清水区八坂東１－１６－１,4240024,2020-12-22,,229935,
E122210000301,E1(特支盲),22(静岡),2(公),2(分),静岡県立袋井特別支援学校磐田見付分校,静岡県磐田市見付２０３１－２,4380086,2020-12-22,,229936,
E122210000310,E1(養護),22(静岡),2(公),2(分),静岡県立伊豆の国特別支援学校伊豆松崎分校,静岡県賀茂郡松崎町桜田１８８,4103625,2020-12-22,,229937,
E122210000329,E1(養護),22(静岡),2(公),2(分),静岡県立富士特別支援学校富士宮分校,静岡県富士宮市宮北町２３３,4180053,2020-12-22,,229938,
E122210000338,E1(養護),22(静岡),2(公),2(分),"静岡県立浜北特別支援学校
城北分校",静岡県浜松市中央区住吉５－１６－１,4300906,2020-12-22,,229939,
E122210000347,E1(養護),22(静岡),2(公),2(分),静岡県立沼津特別支援学校愛鷹分校,静岡県沼津市岡一色８７５,4100012,2020-12-22,,229940,
E122210000356,E1(養護),22(静岡),2(公),2(分),静岡県立藤枝特別支援学校焼津分校,静岡県焼津市焼津五丁目５－２,4250026,2020-12-22,,229941,
E122210000365,E1(養護),22(静岡),2(公),1(本),静岡県立掛川特別支援学校,静岡県掛川市杉谷南一丁目１－２,4360030,2020-12-22,,229942,
E122210000374,E1(養護),22(静岡),2(公),1(本),静岡県立吉田特別支援学校,静岡県榛原郡吉田町片岡２１３０,4210303,2020-12-22,,229943,
E122210000383,E1(特支盲),22(静岡),2(公),1(本),静岡県立伊豆の国特別支援学校,静岡県伊豆の国市寺家２３５,4102122,2021-05-27,,229944,
E122210000392,E1(特支盲),22(静岡),2(公),1(本),静岡県立浜松みをつくし特別支援学校,静岡県浜松市浜名区細江町広岡１,4311302,2021-05-27,,229945,
E122210000400,E1(養護),22(静岡),2(公),2(分),静岡県立富士特別支援学校富士東分校,静岡県富士市今泉２９２１,4170001,2023-05-01,,,
E122210000419,E1(養護),22(静岡),2(公),1(本),静岡県立御殿場特別支援学校小山分校,静岡県駿東郡小山町竹之下３６９,4101313,2024-05-01,,,
E122210000428,E1(特支盲),22(静岡),2(公),1(本),静岡県立するが視覚総合特別支援学校,静岡県静岡市駿河区曲金六丁目１－５,4228006,2026-05-01,,,
E122210000437,E1(養護),22(静岡),2(公),2(分),"静岡県立浜松特別支援学校江之島分校",静岡県浜松市中央区江之島町６３０－１,4300844,2026-05-01,,,
E122310000014,E1(養護),22(静岡),3(私),1(本),特別支援学校ねむの木,静岡県掛川市上垂木２９７９－２,4360221,2020-12-22,,229930,
H122210000010,H1(専修),22(静岡),2(公),1(本),静岡県立看護専門学校,静岡県駿東郡清水町長沢２１２－１,4110905,2020-12-22,,228511,
H122210000029,H1(専修),22(静岡),2(公),1(本),浜松市立看護専門学校,静岡県浜松市中央区佐鳴台５－８－１,4328021,2020-12-22,,228513,
H122210000038,H1(専修),22(静岡),2(公),1(本),静岡市立静岡看護専門学校,静岡県静岡市駿河区南八幡町８番１号,4228074,2020-12-22,,228514,
H122210000047,H1(専修),22(静岡),2(公),1(本),島田市立看護専門学校,静岡県島田市野田１０６５－１,4270007,2020-12-22,,228515,
H122210000056,H1(専修),22(静岡),2(公),1(本),組合立静岡県中部看護専門学校,静岡県焼津市東小川１－６－９,4250035,2020-12-22,,228516,
H122210000065,H1(専修),22(静岡),2(公),1(本),富士市立看護専門学校,静岡県富士市本市場新田１１１番地の１,4160904,2020-12-22,,228598,
H122210000074,H1(専修),22(静岡),2(公),1(本),沼津市立看護専門学校,静岡県沼津市大諏訪４６,4100873,2020-12-22,,228683,
H122210000083,H1(専修),22(静岡),2(公),1(本),静岡市立清水看護専門学校,静岡県静岡市清水区宮加三１２２１－５,4240911,2020-12-22,,228745,
H122210000092,H1(専修),22(静岡),2(公),9(廃),静岡県立農林大学校,静岡県磐田市富丘６７８－１,4388577,2020-12-22,2022-05-01,228932,
H122210000109,H1(専修),22(静岡),2(公),1(本),東海アクシス看護専門学校,静岡県袋井市上田町２６７－３０,4370033,2020-12-22,,228950,
H122310000018,H1(専修),22(静岡),3(私),1(本),沼津情報・ビジネス専門学校,静岡県沼津市西条町１７－１,4100804,2020-12-22,,228557,
H122310000027,H1(専修),22(静岡),3(私),1(本),大原公務員・ホテル・ブライダル専門学校沼津校,静岡県沼津市大手町５－５－１１,4100801,2020-12-22,,228559,
H122310000036,H1(専修),22(静岡),3(私),1(本),大原医療福祉専門学校沼津校,静岡県沼津市大手町５－５－１１,4100801,2020-12-22,,228560,
H122310000045,H1(専修),22(静岡),3(私),1(本),国際観光専門学校熱海校,静岡県熱海市中央町１３－４,4130015,2020-12-22,,228570,
H122310000054,H1(専修),22(静岡),3(私),9(廃),国際医療管理専門学校熱海校,静岡県熱海市中央町１３―４,4130015,2020-12-22,2022-05-01,228573,
H122310000063,H1(専修),22(静岡),3(私),1(本),東海医療学園専門学校,静岡県熱海市桃山町２０－７,4130006,2020-12-22,,228575,
H122310000072,H1(専修),22(静岡),3(私),1(本),国際ペットビジネス専門学校熱海校,静岡県熱海市田原本町９番１号,4130011,2020-12-22,,228576,
H122310000081,H1(専修),22(静岡),3(私),1(本),中央歯科衛生士調理製菓専門学校,静岡県三島市一番町１５番３５号,4110036,2020-12-22,,228580,
H122310000090,H1(専修),22(静岡),3(私),1(本),静岡県東部総合美容専門学校,静岡県三島市寿町３－４２,4110039,2020-12-22,,228581,
H122310000107,H1(専修),22(静岡),3(私),1(本),富士コンピュータ専門学校,静岡県伊豆市中原戸２７７－２,4102512,2020-12-22,,228591,
H122310000116,H1(専修),22(静岡),3(私),9(廃),富士調理技術専門学校,静岡県富士市岩本１９５１,4160901,2020-12-22,2026-05-01,228593,
H122310000125,H1(専修),22(静岡),3(私),1(本),タカヤマアドバンスビューティー専門学校,静岡県富士市松岡字六軒屋１２４８,4160909,2020-12-22,,228595,
H122310000134,H1(専修),22(静岡),3(私),1(本),専門学校富士リハビリテーション大学校,静岡県富士市伝法２５２７－１,4170061,2020-12-22,,228599,
H122310000143,H1(専修),22(静岡),3(私),1(本),ＪＡ静岡厚生連するが看護専門学校,静岡県富士市中之郷２５００－１,4213306,2020-12-22,,228601,
H122310000152,H1(専修),22(静岡),3(私),1(本),富士宮高等専修学校,静岡県富士宮市中央町１４－７,4180065,2020-12-22,,228610,
H122310000161,H1(専修),22(静岡),3(私),1(本),専門学校日本建築藝術大學校,静岡県富士宮市上井出２７３０－５,4180103,2020-12-22,,228611,
H122310000170,H1(専修),22(静岡),3(私),1(本),日本書道芸術専門学校,静岡県伊東市吉田１０２２番地,4140051,2020-12-22,,228621,
H122310000189,H1(専修),22(静岡),3(私),1(本),湘南医療大学附属下田看護専門学校,静岡県下田市柿崎２８９番地,4150013,2020-12-22,,228630,
H122310000198,H1(専修),22(静岡),3(私),1(本),御殿場看護学校,静岡県御殿場市川島田１９８－３,4120045,2020-12-22,,228640,
H122310000205,H1(専修),22(静岡),3(私),9(廃),国際マネジメント＆ケア専門学校,静岡県沼津市高島本町１２番２２号,4100055,2020-12-22,2024-05-01,228681,
H122310000214,H1(専修),22(静岡),3(私),1(本),静岡医療センター附属静岡看護学校,静岡県駿東郡清水町長沢７６２－１,4110905,2020-12-22,,228682,
H122310000223,H1(専修),22(静岡),3(私),1(本),静岡産業技術専門学校,静岡県静岡市葵区宮前町１１０番１１号,4208537,2020-12-22,,228700,
H122310000232,H1(専修),22(静岡),3(私),1(本),専門学校ノアデザインカレッジ,静岡県静岡市葵区伝馬町８番地の１０,4200858,2020-12-22,,228702,
H122310000241,H1(専修),22(静岡),3(私),1(本),静岡デザイン専門学校,静岡県静岡市葵区御幸町２０番,4200857,2020-12-22,,228703,
H122310000250,H1(専修),22(静岡),3(私),1(本),静岡県美容専門学校,静岡県静岡市葵区春日２丁目４番１０号,4200823,2020-12-22,,228705,
H122310000269,H1(専修),22(静岡),3(私),1(本),中央調理製菓専門学校静岡校,静岡県静岡市葵区七間町１５－１,4200035,2020-12-22,,228709,
H122310000278,H1(専修),22(静岡),3(私),1(本),辻村和服専門学校,静岡県静岡市駿河区中田１－１８－１３,4228041,2020-12-22,,228710,
H122310000287,H1(専修),22(静岡),3(私),9(廃),専修学校静岡学園早慶セミナー,静岡県静岡市駿河区八幡１‐１‐１,4228076,2020-12-22,2025-05-01,228714,
H122310000296,H1(専修),22(静岡),3(私),1(本),プロスペラ学院ビジネス専門学校,静岡県静岡市駿河区丸子５５２２番地の１,4210103,2020-12-22,,228715,
H122310000303,H1(専修),22(静岡),3(私),1(本),大原簿記情報医療専門学校静岡校,静岡県静岡市葵区柚木１０３－１,4200821,2020-12-22,,228716,
H122310000312,H1(専修),22(静岡),3(私),1(本),駿河学院専門学校,静岡県静岡市葵区音羽町１９－２２,4200834,2020-12-22,,228718,
H122310000321,H1(専修),22(静岡),3(私),1(本),専門学校静岡電子情報カレッジ,静岡県静岡市駿河区南町１３－５,4228067,2020-12-22,,228720,
H122310000330,H1(専修),22(静岡),3(私),1(本),静岡済生会看護専門学校,静岡県静岡市駿河区小鹿１－１－２４,4228527,2020-12-22,,228721,
H122310000349,H1(専修),22(静岡),3(私),1(本),専門学校静岡工科自動車大学校,静岡県静岡市葵区宮前町５２－１,4208507,2020-12-22,,228722,
H122310000358,H1(専修),22(静岡),3(私),1(本),専門学校静岡医療秘書学院,静岡県静岡市駿河区石田１－２０－１１,4228042,2020-12-22,,228723,
H122310000367,H1(専修),22(静岡),3(私),1(本),大原トラベル・ホテル・ブライダル専門学校静岡校,静岡県静岡市葵区柚木１０３－１,4200821,2020-12-22,,228724,
H122310000376,H1(専修),22(静岡),3(私),1(本),大原法律公務員専門学校静岡校,静岡県静岡市葵区柚木１０３－１,4200821,2020-12-22,,228725,
H122310000385,H1(専修),22(静岡),3(私),1(本),静岡福祉医療専門学校,静岡県静岡市駿河区森下町４－２５,4228061,2020-12-22,,228726,
H122310000394,H1(専修),22(静岡),3(私),1(本),静進情報高等専修学校,静岡県静岡市葵区音羽町２６－３１,4200834,2020-12-22,,228728,
H122310000401,H1(専修),22(静岡),3(私),1(本),静岡インターナショナル・エア・リゾート専門学校,静岡県静岡市葵区鷹匠２丁目１９－１５,4200822,2020-12-22,,228729,
H122310000410,H1(専修),22(静岡),3(私),1(本),国際ことば学院外国語専門学校,静岡県静岡市駿河区稲川３丁目９番４号,4228062,2020-12-22,,228730,
H122310000429,H1(専修),22(静岡),3(私),1(本),専門学校中央医療健康大学校,静岡県静岡市駿河区曲金６丁目７番１５号,4228006,2020-12-22,,228731,
H122310000438,H1(専修),22(静岡),3(私),1(本),川口調理師専門学校,静岡県静岡市清水区追分２丁目６番４号,4240841,2020-12-22,,228740,
H122310000447,H1(専修),22(静岡),3(私),1(本),清水学院高等専修学校,静岡県静岡市清水区二の丸町６－５１,4240811,2020-12-22,,228746,
H122310000456,H1(専修),22(静岡),3(私),1(本),静岡医療学園専門学校,静岡県静岡市駿河区みずほ５－１４－２２,4210115,2020-12-22,,228747,
H122310000465,H1(専修),22(静岡),3(私),1(本),中央動物総合専門学校,静岡県静岡市清水区辻１－１２－１７,4240806,2020-12-22,,228749,
H122310000474,H1(専修),22(静岡),3(私),1(本),島田実業高等専修学校,静岡県島田市元島田９２１７－１,4270057,2020-12-22,,228760,
H122310000483,H1(専修),22(静岡),3(私),1(本),藤枝学院高等専修学校,静岡県藤枝市大手１－２３－３３,4260017,2020-12-22,,228775,
H122310000492,H1(専修),22(静岡),3(私),1(本),静岡アルス美容専門学校,静岡県掛川市葛川１１５５番地２,4360074,2020-12-22,,228780,
H122310000508,H1(専修),22(静岡),3(私),1(本),中遠調理師専門学校,静岡県御前崎市池新田３８９１,4371612,2020-12-22,,228830,
H122310000517,H1(専修),22(静岡),3(私),1(本),専門学校中央メカニック自動車大学校,静岡県駿東郡小山町一色字西裏２８９－１,4101325,2020-12-22,,228840,
H122310000526,H1(専修),22(静岡),3(私),1(本),デザインテクノロジー専門学校,静岡県浜松市中央区東伊場１－１－８,4328036,2020-12-22,,228901,
H122310000535,H1(専修),22(静岡),3(私),1(本),静岡県西部理容美容専門学校,静岡県浜松市中央区鴨江１－２－４,4328023,2020-12-22,,228902,
H122310000544,H1(専修),22(静岡),3(私),1(本),ＪＡ静岡厚生連浜松厚生看護専門学校,静岡県浜松市中央区野口町２９７,4313113,2020-12-22,,228904,
H122310000553,H1(専修),22(静岡),3(私),1(本),浜松調理菓子専門学校,静岡県浜松市中央区広沢１－２－２,4328013,2020-12-22,,228905,
H122310000562,H1(専修),22(静岡),3(私),1(本),東海調理製菓専門学校,静岡県浜松市中央区板屋町１０１－１１,4300928,2020-12-22,,228906,
H122310000571,H1(専修),22(静岡),3(私),1(本),大原簿記情報医療専門学校浜松校,静岡県浜松市中央区板屋町１０１－８,4300928,2020-12-22,,228915,
H122310000580,H1(専修),22(静岡),3(私),1(本),浜松歯科衛生士専門学校,静岡県浜松市中央区鴨江２－１１－２,4328023,2020-12-22,,228916,
H122310000599,H1(専修),22(静岡),3(私),1(本),浜松市医師会看護高等専修学校,静岡県浜松市中央区伝馬町３１１－２,4300935,2020-12-22,,228917,
H122310000606,H1(専修),22(静岡),3(私),1(本),浜松未来総合専門学校,静岡県浜松市中央区中央３－１０－３１,4300929,2020-12-22,,228919,
H122310000615,H1(専修),22(静岡),3(私),9(廃),国際観光専門学校浜松校,静岡県浜松市中区元浜町３４－１５,4300942,2020-12-22,2023-05-01,228921,
H122310000624,H1(専修),22(静岡),3(私),9(廃),国際医療管理専門学校浜松校,静岡県浜松市中区元浜町３４－１５,4300942,2020-12-22,2023-05-01,228923,
H122310000633,H1(専修),22(静岡),3(私),1(本),大原トラベル・ホテル・ブライダル専門学校浜松校,静岡県浜松市中央区板屋町１０１－８,4300928,2020-12-22,,228926,
H122310000642,H1(専修),22(静岡),3(私),1(本),専門学校東海工科自動車大学校,静岡県浜松市中央区中沢町８０－１４,4300904,2020-12-22,,228927,
H122310000651,H1(専修),22(静岡),3(私),1(本),ルネサンスデザイン・美容専門学校,静岡県浜松市中央区北田町１３０－１２,4300943,2020-12-22,,228928,
H122310000660,H1(専修),22(静岡),3(私),1(本),東海文化高等専修学校,静岡県磐田市中泉１６９４,4380078,2020-12-22,,228930,
H122310000679,H1(専修),22(静岡),3(私),1(本),静岡こども福祉専門学校,静岡県磐田市中泉１６９４番地,4380078,2020-12-22,,228931,
H122310000688,H1(専修),22(静岡),3(私),1(本),静岡歯科衛生士専門学校,静岡県磐田市中泉１６９４,4380078,2020-12-22,,228933,
H122310000697,H1(専修),22(静岡),3(私),9(廃),静岡新美容専門学校,静岡県磐田市中泉１６９４,4380078,2020-12-22,2024-05-01,228934,
H122310000704,H1(専修),22(静岡),3(私),1(本),専門学校オイスカ・アグリ・カレッジ,静岡県浜松市中央区和地町５８１５,4311115,2020-12-22,,228960,
H122310000713,H1(専修),22(静岡),3(私),1(本),専門学校静岡医療科学専門大学校,静岡県浜松市浜名区平口２０００,4340041,2020-12-22,,228961,
H122310000722,H1(専修),22(静岡),3(私),1(本),大原法律公務員専門学校浜松校,静岡県浜松市中央区板屋町１０１－８,4300928,2020-12-22,,228970,
H122310000731,H1(専修),22(静岡),3(私),1(本),浜松日建工科専門学校,静岡県浜松市中央区海老塚１－５－７,4328033,2020-12-22,,228971,
H122310000740,H1(専修),22(静岡),3(私),1(本),専門学校浜松医療学院,静岡県浜松市浜名区貴布祢２３２－３,4340038,2020-12-22,,228972,
H122310000759,H1(専修),22(静岡),3(私),1(本),東海歯科衛生士専門学校,静岡県浜松市中央区東田町３６－８,4300915,2020-12-22,,228973,
H122310000768,H1(専修),22(静岡),3(私),1(本),静岡東都医療専門学校,静岡県伊豆の国市南江間１９４９番地,4102221,2020-12-22,,228991,
H122310000777,H1(専修),22(静岡),3(私),9(廃),専門学校浜松デザインカレッジ,静岡県浜松市中区中央３－１０－３１,4300929,2020-12-22,2024-05-01,228992,
H122310000786,H1(専修),22(静岡),3(私),1(本),専門学校ルネサンス・ペット・アカデミー,静岡県浜松市中央区北田町１３４－３８,4300943,2020-12-22,,228993,
H122310000795,H1(専修),22(静岡),3(私),1(本),専修学校河合塾浜松校,静岡県浜松市中央区田町３２６－１９,4300944,2020-12-22,,228995,
H122310000802,H1(専修),22(静岡),3(私),1(本),東海こども専門学校,静岡県浜松市中央区東田町３６－８,4300915,2020-12-22,,228996,
H122310000811,H1(専修),22(静岡),3(私),1(本),聖隷クリストファー大学介護福祉専門学校,静岡県浜松市中央区三方原町３４５３,4338558,2020-12-22,,228997,
H122310000820,H1(専修),22(静岡),3(私),1(本),駿台予備学校浜松校,静岡県浜松市中央区旭町６番１,4300927,2021-05-27,,228998,
H122310000839,H1(専修),22(静岡),3(私),1(本),専門学校浜松工科自動車大学校,静岡県浜松市中央区寺島町２８５番地の２４,4300925,2023-05-01,,,
H122310000848,H1(専修),22(静岡),3(私),1(本),専門学校ルネサンス・ペット・アカデミー静岡校,静岡県静岡市駿河区東静岡２丁目５番１５号,4228019,2024-05-01,,,
H222310000017,H2(各種),22(静岡),3(私),1(本),三島ドレスメーカー女学院,静岡県沼津市高沢町２００,4100057,2020-12-22,,229151,
H222310000026,H2(各種),22(静岡),3(私),1(本),静岡日本語学院,静岡県静岡市葵区宮前町１１０番１１号,4100804,2020-12-22,,229153,
H222310000035,H2(各種),22(静岡),3(私),9(廃),熱海共進珠算学校,静岡県熱海市桃山町１７－１１,4130006,2020-12-22,2022-05-01,229162,
H222310000044,H2(各種),22(静岡),3(私),1(本),渡辺ニッテイングスクール,静岡県三島市広小路町６－１９,4110856,2020-12-22,,229181,
H222310000053,H2(各種),22(静岡),3(私),9(廃),エスコーラフジ,静岡県富士市平垣本町６－１８,4160913,2020-12-22,2026-05-01,229257,
H222310000062,H2(各種),22(静岡),3(私),1(本),富士山日本語学校,静岡県富士市横割１丁目６－１６,4160944,2020-12-22,,229258,
H222310000071,H2(各種),22(静岡),3(私),1(本),稲取珠算学校,静岡県賀茂郡東伊豆町稲取４２４－８,4130411,2020-12-22,,229290,
H222310000080,H2(各種),22(静岡),3(私),1(本),松崎珠算学校,静岡県賀茂郡松崎町松崎３２５－１０,4103611,2020-12-22,,229293,
H222310000099,H2(各種),22(静岡),3(私),1(本),静岡朝鮮初中級学校,静岡県静岡市駿河区中島１１７１,4228046,2020-12-22,,229322,
H222310000106,H2(各種),22(静岡),3(私),9(廃),静岡珠算学校,静岡県静岡市葵区東鷹匠町５－８,4200833,2020-12-22,2023-05-01,229363,
H222310000115,H2(各種),22(静岡),3(私),1(本),南條珠算学校,静岡県静岡市葵区幸町１３番地,4200067,2020-12-22,,229365,
H222310000124,H2(各種),22(静岡),3(私),9(廃),川口栄養料理学校,静岡県静岡市清水区万世町２丁目３番１８号,4240826,2020-12-22,2023-05-01,229409,
H222310000133,H2(各種),22(静岡),3(私),1(本),興津珠算学校,静岡県静岡市清水区興津中町３６０,4240204,2020-12-22,,229412,
H222310000142,H2(各種),22(静岡),3(私),9(廃),伊藤珠算学校,静岡県菊川市下平川１４１６,4371514,2020-12-22,2023-05-01,229512,
H222310000151,H2(各種),22(静岡),3(私),1(本),カワイ音楽学園,静岡県浜松市中央区寺島町２００,4308665,2020-12-22,,229524,
H222310000160,H2(各種),22(静岡),3(私),1(本),浜松ブラザー編物学院,静岡県浜松市中央区新津町７１５,4300911,2020-12-22,,229541,
H222310000179,H2(各種),22(静岡),3(私),9(廃),助信珠算学校,静岡県浜松市東区大瀬町２７－９１,4313113,2020-12-22,2023-05-01,229547,
H222310000188,H2(各種),22(静岡),3(私),1(本),遠州速算学校,静岡県浜松市中央区海老塚２－７－２２,4328033,2020-12-22,,229558,
H222310000197,H2(各種),22(静岡),3(私),1(本),ムンド・デ・アレグリア学校,静岡県浜松市中央区雄踏町宇布見９６１１－１,4310102,2020-12-22,,229571,
H222310000204,H2(各種),22(静岡),3(私),1(本),伯人学校イーエーエス浜松,静岡県浜松市中央区半田山２－２４－３,4313125,2020-12-22,,229575,
H222310000213,H2(各種),22(静岡),3(私),1(本),浜松日本語学院,静岡県浜松市中央区中央３－１０－８,4300929,2020-12-22,,229578,
H222310000222,H2(各種),22(静岡),3(私),1(本),山梨珠算学校,静岡県袋井市大谷７８,4370006,2020-12-22,,229615,
H222310000231,H2(各種),22(静岡),3(私),1(本),静岡国際言語学院,静岡県袋井市諸井２３３１－１,4371121,2020-12-22,,229616,
H222310000240,H2(各種),22(静岡),3(私),1(本),気賀珠算学校,静岡県浜松市浜名区細江町気賀６９４－１,4311305,2020-12-22,,229690,
H222310000259,H2(各種),22(静岡),3(私),1(本),国際ことば学院日本語学校,静岡県静岡市駿河区八幡３丁目２－２８,4228076,2020-12-22,,229691,
H222310000268,H2(各種),22(静岡),3(私),1(本),静岡日本語教育センター,静岡県静岡市葵区横田町１１－６,4200835,2020-12-22,,229692,
A123110000016,A1(幼稚園),23(愛知),1(国),1(本),愛知教育大学附属幼稚園,愛知県名古屋市東区大幸南１－１２６,4610047,2020-12-22,,236501,
A123210000005,A1(幼稚園),23(愛知),2(公),1(本),名古屋市立第二幼稚園,愛知県名古屋市千種区千種３－４－１,4640858,2020-12-22,,236511,
A123210000014,A1(幼稚園),23(愛知),2(公),1(本),名古屋市立第一幼稚園,愛知県名古屋市東区泉１－１－４２,4610001,2020-12-22,,236521,
A123210000023,A1(幼稚園),23(愛知),2(公),1(本),名古屋市立大幸幼稚園,愛知県名古屋市東区砂田橋５－６－２０,4610045,2020-12-22,,236522,
A123210000032,A1(幼稚園),23(愛知),2(公),9(廃),名古屋市立報徳幼稚園,愛知県名古屋市北区平安二丁目２１番６１号,4620819,2020-12-22,2022-05-01,236531,
A123210000041,A1(幼稚園),23(愛知),2(公),1(本),名古屋市立楠西幼稚園,愛知県名古屋市北区会所町８２－１,4620061,2020-12-22,,236533,
A123210000050,A1(幼稚園),23(愛知),2(公),1(本),名古屋市立おりべ幼稚園,愛知県名古屋市北区織部町１－９,4620864,2020-12-22,,236534,
A123210000069,A1(幼稚園),23(愛知),2(公),1(本),名古屋市立第三幼稚園,愛知県名古屋市西区那古野２－１５－１,4510042,2020-12-22,,236541,
A123210000078,A1(幼稚園),23(愛知),2(公),9(廃),名古屋市立比良西幼稚園,愛知県名古屋市西区清里町３９番地,4520801,2020-12-22,2023-05-01,236544,
A123210000087,A1(幼稚園),23(愛知),2(公),1(本),名古屋市立吹上幼稚園,愛知県名古屋市昭和区吹上町１－２７,4660002,2020-12-22,,236571,
A123210000096,A1(幼稚園),23(愛知),2(公),1(本),名古屋市立高田幼稚園,愛知県名古屋市瑞穂区直来町３－２０,4670865,2020-12-22,,236582,
A123210000103,A1(幼稚園),23(愛知),2(公),1(本),名古屋市立常磐幼稚園,愛知県名古屋市中川区小本１丁目１５－２,4540828,2020-12-22,,236601,
A123210000112,A1(幼稚園),23(愛知),2(公),1(本),名古屋市立荒子幼稚園,愛知県名古屋市中川区中郷４－２３４,4540921,2020-12-22,,236602,
A123210000121,A1(幼稚園),23(愛知),2(公),1(本),名古屋市立春田幼稚園,愛知県名古屋市中川区東春田２－１４３,4540983,2020-12-22,,236603,
A123210000130,A1(幼稚園),23(愛知),2(公),9(廃),名古屋市立はとり幼稚園,愛知県名古屋市中川区服部３丁目６０１番地,4540976,2020-12-22,2022-05-01,236604,
A123210000149,A1(幼稚園),23(愛知),2(公),1(本),名古屋市立二城幼稚園,愛知県名古屋市守山区鳥神町２４８,4630088,2020-12-22,,236631,
A123210000158,A1(幼稚園),23(愛知),2(公),1(本),名古屋市立鳴子幼稚園,愛知県名古屋市緑区鳴子町１－５４,4580041,2020-12-22,,236641,
A123210000167,A1(幼稚園),23(愛知),2(公),1(本),名古屋市立桶狭間幼稚園,愛知県名古屋市緑区南陵１０２番,4580918,2020-12-22,,236642,
A123210000176,A1(幼稚園),23(愛知),2(公),1(本),名古屋市立大高幼稚園,愛知県名古屋市緑区森の里１丁目１０７,4598002,2020-12-22,,236643,
A123210000185,A1(幼稚園),23(愛知),2(公),1(本),名古屋市立神の倉幼稚園,愛知県名古屋市緑区神の倉四丁目２１０番地,4580812,2020-12-22,,236645,
A123210000194,A1(幼稚園),23(愛知),2(公),1(本),名古屋市立西山台幼稚園,愛知県名古屋市名東区亀の井２－４１,4650094,2020-12-22,,236651,
A123210000201,A1(幼稚園),23(愛知),2(公),1(本),名古屋市立猪高幼稚園,愛知県名古屋市名東区丁田町３３,4650027,2020-12-22,,236652,
A123210000210,A1(幼稚園),23(愛知),2(公),1(本),名古屋市立梅森坂幼稚園,愛知県名古屋市名東区梅森坂３ー２１０,4650065,2020-12-22,,236653,
A123210000229,A1(幼稚園),23(愛知),2(公),1(本),名古屋市立植田幼稚園,愛知県名古屋市天白区植田本町１－１２０１,4680007,2020-12-22,,236661,
A123210000238,A1(幼稚園),23(愛知),2(公),1(本),半田市立半田幼稚園,愛知県半田市勘内町１－２,4750877,2020-12-22,,236731,
A123210000247,A1(幼稚園),23(愛知),2(公),1(本),半田市立乙川幼稚園,愛知県半田市乙川若宮町４５,4750063,2020-12-22,,236732,
A123210000256,A1(幼稚園),23(愛知),2(公),1(本),半田市立亀崎幼稚園,愛知県半田市亀崎月見町１－６３,4750022,2020-12-22,,236733,
A123210000265,A1(幼稚園),23(愛知),2(公),1(本),半田市立成岩幼稚園,愛知県半田市有楽町２－１２５,4750837,2020-12-22,,236734,
A123210000274,A1(幼稚園),23(愛知),2(公),1(本),半田市立花園幼稚園,愛知県半田市青山６－１８－１,4750836,2020-12-22,,236736,
A123210000283,A1(幼稚園),23(愛知),2(公),1(本),半田市立宮池幼稚園,愛知県半田市北二ツ坂町２－１４－６,4750927,2020-12-22,,236737,
A123210000292,A1(幼稚園),23(愛知),2(公),9(廃),津島市立津島幼稚園,愛知県津島市古川町３－６４,4960043,2020-12-22,2022-05-01,236761,A223210000237
A123210000309,A1(幼稚園),23(愛知),2(公),1(本),碧南市立大浜幼稚園,愛知県碧南市浜田町１丁目１１９番地,4470842,2020-12-22,,236771,
A123210000318,A1(幼稚園),23(愛知),2(公),1(本),碧南市立新川幼稚園,愛知県碧南市新川町２－１２３,4470863,2020-12-22,,236772,
A123210000327,A1(幼稚園),23(愛知),2(公),1(本),碧南市立棚尾幼稚園,愛知県碧南市春日町２－１０,4470888,2020-12-22,,236773,
A123210000336,A1(幼稚園),23(愛知),2(公),1(本),碧南市立西端幼稚園,愛知県碧南市上町２丁目７７番地,4470074,2020-12-22,,236774,
A123210000345,A1(幼稚園),23(愛知),2(公),1(本),碧南市立中央幼稚園,愛知県碧南市幸町３丁目４０番地１,4470043,2020-12-22,,236775,
A123210000354,A1(幼稚園),23(愛知),2(公),1(本),豊田市立野見こども園,愛知県豊田市美里５－１９,4710805,2020-12-22,,236802,
A123210000363,A1(幼稚園),23(愛知),2(公),9(廃),豊田市立トヨタこども園,愛知県豊田市水源町１丁目１番地１,4710822,2020-12-22,2026-05-01,236803,
A123210000372,A1(幼稚園),23(愛知),2(公),1(本),豊田市立山之手こども園,愛知県豊田市山之手１丁目７８番地１,4710833,2020-12-22,,236804,
A123210000381,A1(幼稚園),23(愛知),2(公),1(本),豊田市立童子山こども園,愛知県豊田市小坂町１６丁目５１番地,4710035,2020-12-22,,236806,
A123210000390,A1(幼稚園),23(愛知),2(公),1(本),豊田市立朝日こども園,愛知県豊田市日南町５丁目１５番地２,4710032,2020-12-22,,236809,
A123210000407,A1(幼稚園),23(愛知),2(公),9(廃),豊田市立平山こども園,愛知県豊田市平山町１丁目１０番地１,4710827,2020-12-22,2026-05-01,236813,
A123210000416,A1(幼稚園),23(愛知),2(公),1(本),豊田市立高橋こども園,愛知県豊田市水間町４－１５５－１,4710012,2020-12-22,,236818,
A123210000425,A1(幼稚園),23(愛知),2(公),9(廃),安城市立安城北部幼稚園,愛知県安城市大東町２５－４０,4460065,2020-12-22,2021-05-27,236842,A223310001948
A123210000434,A1(幼稚園),23(愛知),2(公),9(廃),安城市立東栄幼稚園,愛知県安城市東栄町３―８０９―９,4460007,2020-12-22,2021-05-27,236844,A223310001957
A123210000443,A1(幼稚園),23(愛知),2(公),1(本),西尾市立西尾幼稚園,愛知県西尾市錦城町１６２－１３,4450864,2020-12-22,,236851,
A123210000452,A1(幼稚園),23(愛知),2(公),1(本),愛知県西尾市立平坂幼稚園,愛知県西尾市楠村町北巴１番地１,4440325,2020-12-22,,236852,
A123210000461,A1(幼稚園),23(愛知),2(公),1(本),愛知県西尾市立鶴城幼稚園,愛知県西尾市伊藤二丁目４－１,4450807,2020-12-22,,236853,
A123210000470,A1(幼稚園),23(愛知),2(公),1(本),犬山市立犬山幼稚園,愛知県犬山市天神町三丁目１２番地,4840073,2020-12-22,,236871,
A123210000489,A1(幼稚園),23(愛知),2(公),9(廃),常滑市立常滑幼稚園,愛知県常滑市原松町２－１９３,4790832,2020-12-22,2024-05-01,236883,
A123210000498,A1(幼稚園),23(愛知),2(公),1(本),小牧市立第一幼稚園,愛知県小牧市中央六丁目１０１番地,4850029,2020-12-22,,236911,
A123210000504,A1(幼稚園),23(愛知),2(公),9(廃),知多市立梅が丘幼稚園,愛知県知多市梅が丘１丁目８９番地の１,4780016,2020-12-22,2025-05-01,236961,
A123210000513,A1(幼稚園),23(愛知),2(公),9(廃),知多市立東部幼稚園,愛知県知多市八幡字笹廻間４３の１番地,4780001,2020-12-22,2023-05-01,236962,
A123210000522,A1(幼稚園),23(愛知),2(公),1(本),高浜市立吉浜幼稚園,愛知県高浜市屋敷町５－９－２,4441331,2020-12-22,,236992,
A123210000531,A1(幼稚園),23(愛知),2(公),1(本),高浜市立高浜南部幼稚園,愛知県高浜市碧海町４－６－１３,4441324,2020-12-22,,236995,
A123210000540,A1(幼稚園),23(愛知),2(公),1(本),清須市立西枇杷島第１幼稚園,愛知県清須市西枇杷島町花咲７８,4520002,2020-12-22,,237036,
A123210000559,A1(幼稚園),23(愛知),2(公),1(本),阿久比町立ほくぶ幼稚園,愛知県知多郡阿久比町大字卯坂字西谷６３,4702212,2020-12-22,,237156,
A123210000568,A1(幼稚園),23(愛知),2(公),9(廃),豊田市立足助まゆみこども園,愛知県豊田市足助町陣屋跡７番地,4442424,2020-12-22,2026-05-01,237221,
A123210000577,A1(幼稚園),23(愛知),2(公),1(本),豊田市立小渡こども園,愛知県豊田市下切町下切１０番地,4442833,2020-12-22,,237231,
A123310000003,A1(幼稚園),23(愛知),3(私),1(本),椙山女学園大学附属幼稚園,愛知県名古屋市千種区山添町２－２,4640832,2020-12-22,,237401,
A123310000012,A1(幼稚園),23(愛知),3(私),1(本),愛英幼稚園,愛知県名古屋市千種区今池５－２４－７,4640850,2020-12-22,,237402,
A123310000021,A1(幼稚園),23(愛知),3(私),1(本),わかば幼稚園,愛知県名古屋市千種区猫洞通２－１３,4640032,2020-12-22,,237403,
A123310000030,A1(幼稚園),23(愛知),3(私),1(本),青葉幼稚園,愛知県名古屋市千種区唐山町１－６１,4640806,2020-12-22,,237404,
A123310000049,A1(幼稚園),23(愛知),3(私),1(本),第二自由ケ丘幼稚園,愛知県名古屋市千種区宮根台２－４－３０,4640008,2020-12-22,,237405,
A123310000058,A1(幼稚園),23(愛知),3(私),1(本),名古屋ルーテル幼稚園,愛知県名古屋市千種区今池３－５－１９,4640850,2020-12-22,,237406,
A123310000067,A1(幼稚園),23(愛知),3(私),1(本),天満幼稚園,愛知県名古屋市千種区天満通１の４６,4640095,2020-12-22,,237408,
A123310000076,A1(幼稚園),23(愛知),3(私),1(本),若竹幼稚園,愛知県名古屋市千種区内山二丁目１８番１２号,4640075,2020-12-22,,237409,
A123310000085,A1(幼稚園),23(愛知),3(私),1(本),自由ケ丘幼稚園,愛知県名古屋市千種区富士見台３―９―２,4640015,2020-12-22,,237410,
A123310000094,A1(幼稚園),23(愛知),3(私),1(本),聖マリア幼稚園,愛知県名古屋市千種区園山町１－５９,4640812,2020-12-22,,237411,
A123310000101,A1(幼稚園),23(愛知),3(私),1(本),城山幼稚園,愛知県名古屋市千種区城山新町２－７１,4640046,2020-12-22,,237412,
A123310000110,A1(幼稚園),23(愛知),3(私),1(本),上野幼稚園,愛知県名古屋市千種区上野３丁目２番２０,4640082,2020-12-22,,237414,
A123310000129,A1(幼稚園),23(愛知),3(私),1(本),城山学院幼稚園,愛知県名古屋市千種区城山新町２－７１,4640046,2020-12-22,,237417,
A123310000138,A1(幼稚園),23(愛知),3(私),1(本),第三自由ケ丘幼稚園,愛知県名古屋市千種区千代が丘１－２４,4640005,2020-12-22,,237418,
A123310000147,A1(幼稚園),23(愛知),3(私),1(本),名古屋柳城短期大学附属柳城幼稚園,愛知県名古屋市東区白壁１丁目３１番地,4610011,2020-12-22,,237426,
A123310000156,A1(幼稚園),23(愛知),3(私),1(本),東桜幼稚園,愛知県名古屋市東区東桜２－８－２６,4610005,2020-12-22,,237427,
A123310000165,A1(幼稚園),23(愛知),3(私),1(本),名古屋文化幼稚園,愛知県名古屋市東区白壁１－５４,4610011,2020-12-22,,237428,
A123310000174,A1(幼稚園),23(愛知),3(私),1(本),筒井幼稚園,愛知県名古屋市東区筒井町４－１３,4610003,2020-12-22,,237429,
A123310000183,A1(幼稚園),23(愛知),3(私),9(廃),明星幼稚園,愛知県名古屋市東区代官町２２－１７,4610002,2020-12-22,2023-05-01,237431,
A123310000192,A1(幼稚園),23(愛知),3(私),1(本),建中寺幼稚園,愛知県名古屋市東区筒井１－７－５２,4610003,2020-12-22,,237432,
A123310000209,A1(幼稚園),23(愛知),3(私),1(本),山田幼稚園,愛知県名古屋市北区山田町４－４２,4620813,2020-12-22,,237441,
A123310000218,A1(幼稚園),23(愛知),3(私),1(本),久国幼稚園,愛知県名古屋市北区大杉３－４－１,4620837,2020-12-22,,237442,
A123310000227,A1(幼稚園),23(愛知),3(私),1(本),志賀幼稚園,愛知県名古屋市北区志賀町５－４６,4620037,2020-12-22,,237443,
A123310000236,A1(幼稚園),23(愛知),3(私),1(本),如意幼稚園,愛知県名古屋市北区六が池町７２,4620002,2020-12-22,,237444,
A123310000245,A1(幼稚園),23(愛知),3(私),1(本),聖心幼稚園,愛知県名古屋市北区金城１－１－５７,4620847,2020-12-22,,237445,
A123310000254,A1(幼稚園),23(愛知),3(私),1(本),ゼンヌ幼稚園,愛知県名古屋市北区大杉３丁目１２番８号,4620837,2020-12-22,,237446,
A123310000263,A1(幼稚園),23(愛知),3(私),1(本),名古屋楠幼稚園,愛知県名古屋市北区西味鋺３－９３１,4620016,2020-12-22,,237448,
A123310000272,A1(幼稚園),23(愛知),3(私),1(本),城北幼稚園,愛知県名古屋市北区川中町６－１１,4620022,2020-12-22,,237450,
A123310000281,A1(幼稚園),23(愛知),3(私),1(本),金城幼稚園,愛知県名古屋市北区金城町２－２３－２,4620047,2020-12-22,,237455,
A123310000290,A1(幼稚園),23(愛知),3(私),1(本),西城幼稚園,愛知県名古屋市西区城西三丁目４番５号,4510031,2020-12-22,,237467,
A123310000307,A1(幼稚園),23(愛知),3(私),1(本),名古屋西幼稚園,愛知県名古屋市西区菊井二丁目２番１０号,4510044,2020-12-22,,237468,
A123310000316,A1(幼稚園),23(愛知),3(私),1(本),桂幼稚園,愛知県名古屋市西区又穂町２ー１,4510014,2020-12-22,,237471,
A123310000325,A1(幼稚園),23(愛知),3(私),1(本),枇杷島幼稚園,愛知県名古屋市西区枇杷島４丁目８番２号,4510053,2020-12-22,,237472,
A123310000334,A1(幼稚園),23(愛知),3(私),1(本),国風第二幼稚園,愛知県名古屋市西区名塚町４丁目４６番地,4510081,2020-12-22,,237474,
A123310000343,A1(幼稚園),23(愛知),3(私),1(本),国風第一幼稚園,愛知県名古屋市西区笠取町２‐８９,4510072,2020-12-22,,237475,
A123310000352,A1(幼稚園),23(愛知),3(私),1(本),幅下幼稚園,愛知県名古屋市西区城西２－４－１６,4510031,2020-12-22,,237477,
A123310000361,A1(幼稚園),23(愛知),3(私),1(本),みどりケ丘幼稚園,愛知県名古屋市西区平中町２０２,4520843,2020-12-22,,237478,
A123310000370,A1(幼稚園),23(愛知),3(私),1(本),善光寺別院幼稚園,愛知県名古屋市西区中小田井１丁目３５３番地,4520822,2020-12-22,,237479,
A123310000389,A1(幼稚園),23(愛知),3(私),1(本),中京幼稚園,愛知県名古屋市中村区則武本通２－５５,4530017,2020-12-22,,237486,
A123310000398,A1(幼稚園),23(愛知),3(私),1(本),清正幼稚園,愛知県名古屋市中村区藤江町４－３２,4530045,2020-12-22,,237487,
A123310000405,A1(幼稚園),23(愛知),3(私),1(本),同朋幼稚園,愛知県名古屋市中村区稲葉地町７－１,4538540,2020-12-22,,237488,
A123310000414,A1(幼稚園),23(愛知),3(私),1(本),太閤幼稚園,愛知県名古屋市中村区二ツ橋町５丁目２０番地,4530813,2020-12-22,,237489,
A123310000423,A1(幼稚園),23(愛知),3(私),9(廃),名古屋遊花幼稚園,愛知県名古屋市中村区栄生町９番３０号,4530033,2020-12-22,2024-05-01,237490,A223310002386
A123310000432,A1(幼稚園),23(愛知),3(私),1(本),飯田幼稚園,愛知県名古屋市中村区向島町５－２８,4530838,2020-12-22,,237491,
A123310000441,A1(幼稚園),23(愛知),3(私),1(本),わかくさ幼稚園,愛知県名古屋市中村区深川町１－６,4530805,2020-12-22,,237497,
A123310000450,A1(幼稚園),23(愛知),3(私),1(本),みのり幼稚園,愛知県名古屋市中村区日比津町４丁目７番２７号,4530061,2020-12-22,,237500,
A123310000469,A1(幼稚園),23(愛知),3(私),1(本),上の宮幼稚園,愛知県名古屋市中村区上ノ宮町１丁目２７番地,4530043,2020-12-22,,237501,
A123310000478,A1(幼稚園),23(愛知),3(私),1(本),とよとみ幼稚園,愛知県名古屋市中村区中村町７丁目１９番地,4540053,2020-12-22,,237502,
A123310000487,A1(幼稚園),23(愛知),3(私),1(本),岩塚第一幼稚園,愛知県名古屋市中村区八社１－１４５,4530863,2020-12-22,,237503,
A123310000496,A1(幼稚園),23(愛知),3(私),1(本),名古屋教会幼稚園,愛知県名古屋市中区丸の内三丁目４番５号,4600002,2020-12-22,,237511,
A123310000502,A1(幼稚園),23(愛知),3(私),1(本),お東幼稚園,愛知県名古屋市中区橘２丁目８番７５号,4600016,2020-12-22,,237512,
A123310000511,A1(幼稚園),23(愛知),3(私),1(本),西別院幼稚園,愛知県名古屋市中区門前町１番２３号,4600018,2020-12-22,,237513,
A123310000520,A1(幼稚園),23(愛知),3(私),1(本),松元幼稚園,愛知県名古屋市中区千代田２丁目６番１９号,4600012,2020-12-22,,237514,
A123310000539,A1(幼稚園),23(愛知),3(私),1(本),大須幼稚園,愛知県名古屋市中区大須３－１－５３,4600011,2020-12-22,,237517,
A123310000548,A1(幼稚園),23(愛知),3(私),1(本),滝子幼稚園,愛知県名古屋市昭和区永金町１－１－１５,4660047,2020-12-22,,237527,
A123310000557,A1(幼稚園),23(愛知),3(私),1(本),学校法人希望学園希望幼稚園,愛知県名古屋市昭和区塩付通６丁目８番地,4550022,2020-12-22,,237528,
A123310000566,A1(幼稚園),23(愛知),3(私),1(本),みちる幼稚園,愛知県名古屋市昭和区北山町３丁目９番地の２,4660006,2020-12-22,,237529,
A123310000575,A1(幼稚園),23(愛知),3(私),1(本),高辻幼稚園,愛知県名古屋市昭和区白金３－９－１５,4660058,2020-12-22,,237534,
A123310000584,A1(幼稚園),23(愛知),3(私),1(本),天池幼稚園,愛知県名古屋市昭和区御器所２－９－１６,4660051,2020-12-22,,237537,
A123310000593,A1(幼稚園),23(愛知),3(私),1(本),南山幼稚園,愛知県名古屋市昭和区南山町１４,4660835,2020-12-22,,237538,
A123310000600,A1(幼稚園),23(愛知),3(私),1(本),第一村雲幼稚園,愛知県名古屋市昭和区円上町１１番１４号,4660054,2020-12-22,,237539,
A123310000619,A1(幼稚園),23(愛知),3(私),1(本),広路幼稚園,愛知県名古屋市昭和区安田通２の１５,4660857,2020-12-22,,237541,
A123310000628,A1(幼稚園),23(愛知),3(私),1(本),学校法人享栄学園享栄幼稚園,愛知県名古屋市瑞穂区東栄町２ー４,4670017,2020-12-22,,237552,
A123310000637,A1(幼稚園),23(愛知),3(私),1(本),みずほが丘幼稚園,愛知県名古屋市瑞穂区高田町２－５,4670808,2020-12-22,,237554,
A123310000646,A1(幼稚園),23(愛知),3(私),1(本),弥富二葉幼稚園,愛知県名古屋市瑞穂区丸根町２－５４,4670054,2020-12-22,,237555,
A123310000655,A1(幼稚園),23(愛知),3(私),9(廃),旭キンダーの丘幼稚園,愛知県名古屋市瑞穂区田辺通３－２０,4670027,2020-12-22,2025-05-01,237556,
A123310000664,A1(幼稚園),23(愛知),3(私),9(廃),弥富幼稚園,愛知県名古屋市瑞穂区岳見町４－４１,4670043,2020-12-22,2023-05-01,237557,
A123310000673,A1(幼稚園),23(愛知),3(私),1(本),萩山幼稚園,愛知県名古屋市瑞穂区萩山町３丁目４番地,4670011,2020-12-22,,237558,
A123310000682,A1(幼稚園),23(愛知),3(私),1(本),しおじ幼稚園,愛知県名古屋市瑞穂区汐路町４－２３,4670003,2020-12-22,,237560,
A123310000691,A1(幼稚園),23(愛知),3(私),1(本),白竜幼稚園,愛知県名古屋市瑞穂区田光町３－３０,4670828,2020-12-22,,237561,
A123310000708,A1(幼稚園),23(愛知),3(私),1(本),聖テレジア幼稚園,愛知県名古屋市熱田区大宝４－５－１７,4560062,2020-12-22,,237571,
A123310000717,A1(幼稚園),23(愛知),3(私),1(本),白鳥幼稚園,愛知県名古屋市熱田区白鳥２－１２－１５,4560035,2020-12-22,,237573,
A123310000726,A1(幼稚園),23(愛知),3(私),1(本),内田橋聖アントニオ幼稚園,愛知県名古屋市熱田区伝馬２丁目２８番１４号,4560034,2020-12-22,,237574,
A123310000735,A1(幼稚園),23(愛知),3(私),1(本),堅磐信誠幼稚園,愛知県名古屋市熱田区玉の井町９－２８,4560025,2020-12-22,,237575,
A123310000744,A1(幼稚園),23(愛知),3(私),1(本),星条幼稚園,愛知県名古屋市中川区八熊３丁目１１番５号,4540013,2020-12-22,,237581,
A123310000753,A1(幼稚園),23(愛知),3(私),1(本),のぞみ幼稚園,愛知県名古屋市中川区五女子１丁目５番５号,4540033,2020-12-22,,237582,
A123310000762,A1(幼稚園),23(愛知),3(私),1(本),戸田幼稚園,愛知県名古屋市中川区戸田２丁目２８０１番地,4640962,2020-12-22,,237583,
A123310000771,A1(幼稚園),23(愛知),3(私),1(本),万場幼稚園,愛知県名古屋市中川区万場５－２０３,4540997,2020-12-22,,237584,
A123310000780,A1(幼稚園),23(愛知),3(私),9(廃),正雲寺幼稚園,愛知県名古屋市中川区下之一色町西ノ切６１－７,4540945,2020-12-22,2021-05-27,237585,A223310001822
A123310000799,A1(幼稚園),23(愛知),3(私),9(廃),法誓幼稚園,愛知県名古屋市中川区愛知町３１番１２号,4540807,2020-12-22,2023-05-01,237586,
A123310000806,A1(幼稚園),23(愛知),3(私),1(本),打中幼稚園,愛知県名古屋市中川区打中２丁目１９５番地,4540927,2020-12-22,,237593,
A123310000815,A1(幼稚園),23(愛知),3(私),9(廃),五反田幼稚園,愛知県名古屋市中川区大当郎２丁目１６０４番地,4540943,2020-12-22,2021-05-27,237594,A223310001813
A123310000824,A1(幼稚園),23(愛知),3(私),1(本),港北幼稚園,愛知県名古屋市港区正徳町５丁目１３５,4550075,2020-12-22,,237601,
A123310000833,A1(幼稚園),23(愛知),3(私),1(本),慶和幼稚園,愛知県名古屋市港区港栄４丁目４番１８号,4550015,2020-12-22,,237602,
A123310000842,A1(幼稚園),23(愛知),3(私),1(本),小碓幼稚園,愛知県名古屋市港区小碓３－１３４,4550801,2020-12-22,,237603,
A123310000851,A1(幼稚園),23(愛知),3(私),1(本),萬泰幼稚園,愛知県名古屋市港区稲永１丁目９番１８号,4550842,2020-12-22,,237605,
A123310000860,A1(幼稚園),23(愛知),3(私),1(本),うぐいす幼稚園,愛知県名古屋市港区本宮町５－１６,4550064,2020-12-22,,237606,
A123310000879,A1(幼稚園),23(愛知),3(私),1(本),呉竹幼稚園,愛知県名古屋市港区名四町１２１,4550053,2020-12-22,,237607,
A123310000888,A1(幼稚園),23(愛知),3(私),1(本),富士文化幼稚園,愛知県名古屋市港区小賀須１丁目８０１番地,4550882,2020-12-22,,237608,
A123310000897,A1(幼稚園),23(愛知),3(私),1(本),西福田幼稚園,愛知県名古屋市港区福屋２－７０,4550876,2020-12-22,,237609,
A123310000904,A1(幼稚園),23(愛知),3(私),1(本),しらさぎ幼稚園,愛知県名古屋市港区宝神５－３３０２番地,4550832,2020-12-22,,237610,
A123310000913,A1(幼稚園),23(愛知),3(私),1(本),道徳和光幼稚園,愛知県名古屋市南区道徳北町２丁目１４番地,4540864,2020-12-22,,237616,
A123310000922,A1(幼稚園),23(愛知),3(私),1(本),鶴田幼稚園,愛知県名古屋市南区鶴田１－５－２０,4570003,2020-12-22,,237620,
A123310000931,A1(幼稚園),23(愛知),3(私),1(本),大江幼稚園,愛知県名古屋市南区港東通１－１１,4570834,2020-12-22,,237621,
A123310000940,A1(幼稚園),23(愛知),3(私),9(廃),マハヤナ幼稚園,愛知県名古屋市南区呼続３－１１－２３,4570014,2020-12-22,2025-05-01,237622,
A123310000959,A1(幼稚園),23(愛知),3(私),9(廃),いずみ幼稚園,愛知県名古屋市南区天白町１－２０－３,4570803,2020-12-22,2022-05-01,237625,
A123310000968,A1(幼稚園),23(愛知),3(私),1(本),善東幼稚園,愛知県名古屋市南区鳥山町３丁目４０番地１,4570057,2020-12-22,,237626,
A123310000977,A1(幼稚園),23(愛知),3(私),1(本),正和幼稚園,愛知県名古屋市南区星崎１丁目３１０番地,4570064,2020-12-22,,237627,
A123310000986,A1(幼稚園),23(愛知),3(私),1(本),ユタカ幼稚園,愛知県名古屋市南区内田橋二丁目３０番８号,4570862,2020-12-22,,237628,
A123310000995,A1(幼稚園),23(愛知),3(私),1(本),南りんごこども園,愛知県名古屋市南区呼続５丁目１４番３４号,4570014,2020-12-22,,237629,
A123310001002,A1(幼稚園),23(愛知),3(私),9(廃),山崎幼稚園,愛知県名古屋市南区呼続２丁目２０番１１号,4570014,2020-12-22,2025-05-01,237631,
A123310001011,A1(幼稚園),23(愛知),3(私),1(本),第二松元幼稚園,愛知県名古屋市南区明円町１８０,4570022,2020-12-22,,237632,
A123310001020,A1(幼稚園),23(愛知),3(私),1(本),瀬古幼稚園,愛知県名古屋市守山区瀬古東３丁目１１９番地,4630090,2020-12-22,,237641,
A123310001039,A1(幼稚園),23(愛知),3(私),1(本),志だみ幼稚園,愛知県名古屋市守山区中志段味吉田洞２９１１－１８,4630002,2020-12-22,,237642,
A123310001048,A1(幼稚園),23(愛知),3(私),1(本),ひまわり幼稚園,愛知県名古屋市守山区白山１－８０７,4630032,2020-12-22,,237643,
A123310001057,A1(幼稚園),23(愛知),3(私),1(本),守山幼稚園,愛知県名古屋市守山区大屋敷１３－７３,4630016,2020-12-22,,237644,
A123310001066,A1(幼稚園),23(愛知),3(私),1(本),小幡あさひ幼稚園,愛知県名古屋市守山区小幡南二丁目５番９号,4630048,2020-12-22,,237645,
A123310001075,A1(幼稚園),23(愛知),3(私),1(本),喜多山幼稚園,愛知県名古屋市守山区小幡４－１２－５２,4630011,2020-12-22,,237646,
A123310001084,A1(幼稚園),23(愛知),3(私),1(本),第二富士幼稚園,愛知県名古屋市守山区小幡中３－２８－３０,4630013,2020-12-22,,237647,
A123310001093,A1(幼稚園),23(愛知),3(私),1(本),ともしび幼稚園,愛知県名古屋市守山区更屋敷１０－１１,4630064,2020-12-22,,237648,
A123310001100,A1(幼稚園),23(愛知),3(私),1(本),みつる幼稚園,愛知県名古屋市守山区大森１丁目２７１１,4630021,2020-12-22,,237649,
A123310001119,A1(幼稚園),23(愛知),3(私),1(本),金城学院幼稚園,愛知県名古屋市守山区大森２－１７２４,4630021,2020-12-22,,237650,
A123310001128,A1(幼稚園),23(愛知),3(私),1(本),吉根みどり幼稚園,愛知県名古屋市守山区花咲台１丁目５０２番地,4630808,2020-12-22,,237651,
A123310001137,A1(幼稚園),23(愛知),3(私),1(本),第二若竹幼稚園,愛知県名古屋市守山区森孝３丁目１８０３番地,4630035,2020-12-22,,237652,
A123310001146,A1(幼稚園),23(愛知),3(私),1(本),鳴海ケ丘幼稚園,愛知県名古屋市緑区鳴海町字有松裏７０番地の３,4580824,2020-12-22,,237661,
A123310001155,A1(幼稚園),23(愛知),3(私),1(本),鳴海幼稚園,愛知県名古屋市緑区鳴海町向田２７２,4580831,2020-12-22,,237664,
A123310001164,A1(幼稚園),23(愛知),3(私),1(本),有松幼稚園,愛知県名古屋市緑区有松２１２,4580901,2020-12-22,,237666,
A123310001173,A1(幼稚園),23(愛知),3(私),1(本),あけの星幼稚園,愛知県名古屋市緑区ほら貝１－５２,4580013,2020-12-22,,237667,
A123310001182,A1(幼稚園),23(愛知),3(私),1(本),新生幼稚園,愛知県名古屋市緑区古鳴海１丁目１６５番地,4580047,2020-12-22,,237668,
A123310001191,A1(幼稚園),23(愛知),3(私),9(廃),学校法人緑学園平手幼稚園,愛知県名古屋市緑区平手北２－１１１３,4580008,2020-12-22,2024-05-01,237669,A223310002395
A123310001208,A1(幼稚園),23(愛知),3(私),1(本),マツガネ台幼稚園,愛知県名古屋市緑区松が根台１８２,4580843,2020-12-22,,237670,
A123310001217,A1(幼稚園),23(愛知),3(私),9(廃),池上台幼稚園,愛知県名古屋市緑区池上台２－１９４,4580044,2020-12-22,2025-05-01,237671,
A123310001226,A1(幼稚園),23(愛知),3(私),1(本),黒石みどり幼稚園,愛知県名古屋市緑区桃山３－２０１,4580002,2020-12-22,,237672,
A123310001235,A1(幼稚園),23(愛知),3(私),1(本),徳重幼稚園,愛知県名古屋市緑区亀が洞２丁目４０１番地,4580804,2020-12-22,,237673,
A123310001244,A1(幼稚園),23(愛知),3(私),1(本),風かおる丘幼稚園,愛知県名古屋市緑区大高町丸根４２－１,4598001,2020-12-22,,237674,
A123310001253,A1(幼稚園),23(愛知),3(私),1(本),登美幼稚園,愛知県名古屋市緑区定納山一丁目６０３号,4598011,2020-12-22,,237675,
A123310001262,A1(幼稚園),23(愛知),3(私),1(本),愛英西山幼稚園,愛知県名古屋市名東区扇町１－７３,4650076,2020-12-22,,237681,
A123310001271,A1(幼稚園),23(愛知),3(私),1(本),あいわ幼稚園,愛知県名古屋市名東区神里二丁目１６８,4650082,2020-12-22,,237682,
A123310001280,A1(幼稚園),23(愛知),3(私),1(本),星ケ丘幼稚園,愛知県名古屋市名東区名東本町２０番地,4650088,2020-12-22,,237684,
A123310001299,A1(幼稚園),23(愛知),3(私),1(本),東名幼稚園,愛知県名古屋市名東区藤森二丁目４３,4650026,2020-12-22,,237685,
A123310001306,A1(幼稚園),23(愛知),3(私),9(廃),健峰幼稚園,愛知県名古屋市名東区小池町６５番地,4650047,2020-12-22,2025-05-01,237686,
A123310001315,A1(幼稚園),23(愛知),3(私),1(本),珉光幼稚園,愛知県名古屋市名東区平和が丘３－７８,4650097,2020-12-22,,237687,
A123310001324,A1(幼稚園),23(愛知),3(私),1(本),たかばりこども園,愛知県名古屋市名東区高針台３－７０１,4650054,2020-12-22,,237688,
A123310001333,A1(幼稚園),23(愛知),3(私),1(本),よもぎ幼稚園,愛知県名古屋市名東区よもぎ台１－１０１,4650091,2020-12-22,,237689,
A123310001342,A1(幼稚園),23(愛知),3(私),9(廃),上社幼稚園,愛知県名古屋市名東区上社５丁目３０１番地,4650025,2020-12-22,2026-05-01,237690,
A123310001351,A1(幼稚園),23(愛知),3(私),1(本),学校法人あいく学園むらくも幼稚園,愛知県名古屋市名東区大針３丁目３４４－２,4650064,2020-12-22,,237691,
A123310001360,A1(幼稚園),23(愛知),3(私),9(廃),東貴船幼稚園,愛知県名古屋市名東区貴船３丁目２００１,4650058,2020-12-22,2026-05-01,237692,
A123310001379,A1(幼稚園),23(愛知),3(私),1(本),愛英名東幼稚園,愛知県名古屋市名東区高針原２－１５１０,4650073,2020-12-22,,237693,
A123310001388,A1(幼稚園),23(愛知),3(私),1(本),名古屋あかつき幼稚園,愛知県名古屋市天白区平針南２丁目１００５番地,4680020,2020-12-22,,237696,
A123310001397,A1(幼稚園),23(愛知),3(私),1(本),ひばり幼稚園,愛知県名古屋市天白区久方１－１４７,4680034,2020-12-22,,237697,
A123310001404,A1(幼稚園),23(愛知),3(私),1(本),天道幼稚園,愛知県名古屋市天白区八事天道８１５,4680061,2020-12-22,,237699,
A123310001413,A1(幼稚園),23(愛知),3(私),1(本),島田幼稚園,愛知県名古屋市天白区島田黒石５０７番地,4680028,2020-12-22,,237700,
A123310001422,A1(幼稚園),23(愛知),3(私),1(本),認定こども園名古屋葵幼稚園,愛知県名古屋市天白区高宮町４０１－２,4680031,2020-12-22,,237701,
A123310001431,A1(幼稚園),23(愛知),3(私),1(本),原幼稚園,愛知県名古屋市天白区原３－１０７,4680015,2020-12-22,,237702,
A123310001440,A1(幼稚園),23(愛知),3(私),1(本),学校法人上田学園高坂幼稚園,愛知県名古屋市天白区高坂町４７－１,4680025,2020-12-22,,237703,
A123310001459,A1(幼稚園),23(愛知),3(私),1(本),栄光八事幼稚園,愛知県名古屋市天白区天白町八事裏山１２２番地,4680071,2020-12-22,,237704,
A123310001468,A1(幼稚園),23(愛知),3(私),1(本),たかくら幼稚園,愛知県豊橋市鍵田町１１７,4400856,2020-12-22,,237711,
A123310001477,A1(幼稚園),23(愛知),3(私),1(本),とよはし幼稚園,愛知県豊橋市東雲町１１９番地,4400051,2020-12-22,,237713,
A123310001486,A1(幼稚園),23(愛知),3(私),1(本),曙幼稚園,愛知県豊橋市曙町字松並２８,4418151,2020-12-22,,237716,
A123310001495,A1(幼稚園),23(愛知),3(私),1(本),仔羊幼稚園,愛知県豊橋市岩田町字影岩７－４,4400023,2020-12-22,,237717,
A123310001501,A1(幼稚園),23(愛知),3(私),1(本),大清水幼稚園,愛知県豊橋市南大清水町字元町６６ー２,4418132,2020-12-22,,237718,
A123310001510,A1(幼稚園),23(愛知),3(私),9(廃),豊橋中央幼稚園,愛知県豊橋市新吉町６,4400871,2020-12-22,2024-05-01,237720,A223310002304
A123310001529,A1(幼稚園),23(愛知),3(私),1(本),不動院幼稚園,愛知県豊橋市瓦町通１－３１－１,4400824,2020-12-22,,237721,
A123310001538,A1(幼稚園),23(愛知),3(私),1(本),花園幼稚園,愛知県豊橋市花園町６－１,4400895,2020-12-22,,237725,
A123310001547,A1(幼稚園),23(愛知),3(私),1(本),豊橋若葉幼稚園,愛知県豊橋市牟呂外神町３－２,4418092,2020-12-22,,237726,
A123310001556,A1(幼稚園),23(愛知),3(私),1(本),高洲若葉幼稚園,愛知県豊橋市高洲町字小島１８－１,4418006,2020-12-22,,237727,
A123310001565,A1(幼稚園),23(愛知),3(私),9(廃),こばと幼稚園,愛知県豊橋市牧野町１２５番地の１,4418112,2020-12-22,2021-05-27,237728,A223310001859
A123310001574,A1(幼稚園),23(愛知),3(私),1(本),豊岡幼稚園,愛知県豊橋市東岩田四丁目１番地２,4400033,2020-12-22,,237729,
A123310001583,A1(幼稚園),23(愛知),3(私),1(本),寿泉寺幼稚園,愛知県豊橋市瓦町字通裏２８の５,4400825,2020-12-22,,237730,
A123310001592,A1(幼稚園),23(愛知),3(私),1(本),にじの森幼稚園,愛知県豊橋市飯村北１丁目１１番地の６,4400834,2020-12-22,,237732,
A123310001609,A1(幼稚園),23(愛知),3(私),1(本),ゆめの子幼稚園,愛知県豊橋市岩崎町字山神１－１１,4400022,2020-12-22,,237733,
A123310001618,A1(幼稚園),23(愛知),3(私),1(本),寿泉寺みゆき幼稚園,愛知県豊橋市東幸町字東明１２８,4400843,2020-12-22,,237734,
A123310001627,A1(幼稚園),23(愛知),3(私),1(本),高師台幼稚園,愛知県豊橋市浜道町字管石２４,4418117,2020-12-22,,237735,
A123310001636,A1(幼稚園),23(愛知),3(私),1(本),むさしの幼稚園,愛知県豊橋市石巻町字間場８３番地の２３,4411112,2020-12-22,,237736,
A123310001645,A1(幼稚園),23(愛知),3(私),1(本),寿泉寺いずみ幼稚園,愛知県豊橋市牟呂町字百間６０,4418087,2020-12-22,,237738,
A123310001654,A1(幼稚園),23(愛知),3(私),1(本),富士見幼稚園,愛知県豊橋市富士見台１丁目１４番地の１,4418135,2020-12-22,,237739,
A123310001663,A1(幼稚園),23(愛知),3(私),1(本),富士見台幼稚園,愛知県豊橋市富士見台６丁目６番地の１,4418135,2020-12-22,,237740,
A123310001672,A1(幼稚園),23(愛知),3(私),1(本),学校法人愛隣学園愛隣幼稚園,愛知県岡崎市六供町西茶臼１５,4440072,2020-12-22,,237746,
A123310001681,A1(幼稚園),23(愛知),3(私),1(本),岡崎女子短期大学付属嫩幼稚園,愛知県岡崎市魚町１－８,4440058,2020-12-22,,237747,
A123310001690,A1(幼稚園),23(愛知),3(私),1(本),岡崎女子短期大学付属第一早蕨幼稚園,愛知県岡崎市欠町狐ヶ入２１,4440011,2020-12-22,,237748,
A123310001707,A1(幼稚園),23(愛知),3(私),1(本),聖カタリナ幼稚園,愛知県岡崎市大西町奥長入５２番地,4440811,2020-12-22,,237749,
A123310001716,A1(幼稚園),23(愛知),3(私),1(本),みそのマリア幼稚園,愛知県岡崎市明大寺町向山２－１２０,4440864,2020-12-22,,237750,
A123310001725,A1(幼稚園),23(愛知),3(私),1(本),めぐみ幼稚園,愛知県岡崎市羽根町池下５７－１,4448691,2020-12-22,,237751,
A123310001734,A1(幼稚園),23(愛知),3(私),1(本),竹の子幼稚園,愛知県岡崎市蓑川町三丁目６番地１８,4443525,2020-12-22,,237752,
A123310001743,A1(幼稚園),23(愛知),3(私),1(本),岡崎女子短期大学付属第二早蕨幼稚園,愛知県岡崎市洞町八王子１０ー１,4440008,2020-12-22,,237753,
A123310001752,A1(幼稚園),23(愛知),3(私),1(本),本宿幼稚園,愛知県岡崎市本宿町下トコサフ１－９,4443505,2020-12-22,,237755,
A123310001761,A1(幼稚園),23(愛知),3(私),1(本),レオナ第一幼稚園,愛知県岡崎市真伝町字鐘鋳１番地５,4443174,2020-12-22,,237756,
A123310001770,A1(幼稚園),23(愛知),3(私),1(本),レオナ第二幼稚園,愛知県岡崎市西阿知和町字御用田２０８－５,4442111,2020-12-22,,237757,
A123310001789,A1(幼稚園),23(愛知),3(私),1(本),かおる幼稚園,愛知県岡崎市滝町字芳殿８０番地,4443173,2020-12-22,,237758,
A123310001798,A1(幼稚園),23(愛知),3(私),1(本),学校法人矢作学園橋目幼稚園,愛知県岡崎市橋目町字毘沙門１１番地,4440908,2020-12-22,,237759,
A123310001805,A1(幼稚園),23(愛知),3(私),9(廃),みやこ幼稚園,愛知県岡崎市福岡町字北西仲９－４,4440825,2020-12-22,2023-05-01,237760,A223310002279
A123310001814,A1(幼稚園),23(愛知),3(私),1(本),学校法人白菊学園たつみ幼稚園,愛知県岡崎市緑丘１丁目２番地３,4440806,2020-12-22,,237761,
A123310001823,A1(幼稚園),23(愛知),3(私),1(本),まこと幼稚園,愛知県岡崎市大門４－５－１６,4442135,2020-12-22,,237762,
A123310001832,A1(幼稚園),23(愛知),3(私),1(本),学校法人矢作学園長瀬台幼稚園,愛知県岡崎市橋目町字割塚３番地３,4440908,2020-12-22,,237763,
A123310001841,A1(幼稚園),23(愛知),3(私),1(本),みやこ第二幼稚園,愛知県岡崎市宮地町字柳畑５８－３,4440202,2020-12-22,,237764,
A123310001850,A1(幼稚園),23(愛知),3(私),9(廃),やはぎみやこ幼稚園,愛知県岡崎市富永町字平田１０－１,4440946,2020-12-22,2023-05-01,237765,A223310002288
A123310001869,A1(幼稚園),23(愛知),3(私),1(本),修文大学附属一宮幼稚園,愛知県一宮市日光町６番地,4910938,2020-12-22,,237766,
A123310001878,A1(幼稚園),23(愛知),3(私),1(本),一宮栽松幼稚園,愛知県一宮市大赤見字西川垂９９番地１,4910015,2020-12-22,,237767,
A123310001887,A1(幼稚園),23(愛知),3(私),1(本),大和東幼稚園,愛知県一宮市大和町妙興寺字才田３２,4910922,2020-12-22,,237768,
A123310001896,A1(幼稚園),23(愛知),3(私),1(本),愛知文教女子短期大学附属はぎわら幼稚園,愛知県一宮市萩原町串作字流１７－１,4910376,2020-12-22,,237769,
A123310001903,A1(幼稚園),23(愛知),3(私),1(本),真光幼稚園,愛知県一宮市大江１－３－５,4910851,2020-12-22,,237770,
A123310001912,A1(幼稚園),23(愛知),3(私),1(本),一宮聖光幼稚園,愛知県一宮市古金町１－４０,4910867,2020-12-22,,237772,
A123310001921,A1(幼稚園),23(愛知),3(私),1(本),剱正幼稚園,愛知県一宮市本町１丁目４番２４号,4910859,2020-12-22,,237773,
A123310001930,A1(幼稚園),23(愛知),3(私),1(本),おじま幼稚園,愛知県一宮市北神明町３丁目６８番５,4910069,2020-12-22,,237774,
A123310001949,A1(幼稚園),23(愛知),3(私),1(本),千秋幼稚園,愛知県一宮市千秋町佐野宇加村２５,4910804,2020-12-22,,237777,
A123310001958,A1(幼稚園),23(愛知),3(私),1(本),平安幼稚園,愛知県一宮市浅井町小日比野堤南の切１６２２－１１,4910104,2020-12-22,,237778,
A123310001967,A1(幼稚園),23(愛知),3(私),9(廃),北方幼稚園,愛知県一宮市北方町北方字中土取１８８番地,4938001,2020-12-22,2021-05-27,237779,A223310001868
A123310001976,A1(幼稚園),23(愛知),3(私),1(本),たんぽぽ幼稚園,愛知県一宮市島村字六反田５５番地,4910121,2020-12-22,,237780,
A123310001985,A1(幼稚園),23(愛知),3(私),1(本),サンタマリア幼稚園,愛知県一宮市今伊勢町馬寄字桑屋敷３４－２,4910051,2020-12-22,,237781,
A123310001994,A1(幼稚園),23(愛知),3(私),1(本),丹陽幼稚園,愛知県一宮市あずら１丁目１８番１６号,4910835,2020-12-22,,237783,
A123310002001,A1(幼稚園),23(愛知),3(私),1(本),中田剱正幼稚園,愛知県一宮市北小渕字中田６０番地,4910013,2020-12-22,,237784,
A123310002010,A1(幼稚園),23(愛知),3(私),1(本),西成幼稚園,愛知県一宮市春明字中切生７－２,4910003,2020-12-22,,237785,
A123310002029,A1(幼稚園),23(愛知),3(私),1(本),愛知文教女子短期大学附属一宮ひがし幼稚園,愛知県一宮市千秋町小山字北川田１５２２－７,4910814,2020-12-22,,237786,
A123310002038,A1(幼稚園),23(愛知),3(私),1(本),今伊勢真光幼稚園,愛知県一宮市今伊勢町馬寄字西切戸７－１,4910051,2020-12-22,,237787,
A123310002047,A1(幼稚園),23(愛知),3(私),1(本),龍明寺幼稚園,愛知県一宮市大和町毛受字浜田２８‐２,4910932,2020-12-22,,237788,
A123310002056,A1(幼稚園),23(愛知),3(私),1(本),学校法人矢作学園矢作白鳥幼稚園,愛知県岡崎市東本郷町字川原田３９番地,4440945,2020-12-22,,237789,
A123310002065,A1(幼稚園),23(愛知),3(私),1(本),むつみみやこ幼稚園,愛知県岡崎市野畑町字花ノ木原５０番地,4440211,2020-12-22,,237790,
A123310002074,A1(幼稚園),23(愛知),3(私),1(本),学校法人神戸学園瀬戸ひなご幼稚園,愛知県瀬戸市紺屋田町９３－４１,4890035,2020-12-22,,237796,
A123310002083,A1(幼稚園),23(愛知),3(私),1(本),雪の聖母幼稚園,愛知県瀬戸市東長根町９１,4890871,2020-12-22,,237797,
A123310002092,A1(幼稚園),23(愛知),3(私),1(本),マリア幼稚園,愛知県瀬戸市苗場町８,4890983,2020-12-22,,237798,
A123310002109,A1(幼稚園),23(愛知),3(私),1(本),真貴幼稚園,愛知県瀬戸市原山台７丁目１３番１号,4890888,2020-12-22,,237799,
A123310002118,A1(幼稚園),23(愛知),3(私),1(本),菱野幼稚園,愛知県瀬戸市萩山台７－１３－１,4890886,2020-12-22,,237800,
A123310002127,A1(幼稚園),23(愛知),3(私),1(本),はちまん幼稚園,愛知県瀬戸市八幡台４丁目１４番１号,4890861,2020-12-22,,237801,
A123310002136,A1(幼稚園),23(愛知),3(私),1(本),学校法人光和学園瀬戸幼稚園,愛知県瀬戸市すみれ台４－４０－５,4890904,2020-12-22,,237802,
A123310002145,A1(幼稚園),23(愛知),3(私),1(本),長根幼稚園,愛知県半田市長根町１－１６,4750074,2020-12-22,,237811,
A123310002154,A1(幼稚園),23(愛知),3(私),1(本),つばさ幼稚園,愛知県半田市岩滑西町４－４０,4750966,2020-12-22,,237812,
A123310002163,A1(幼稚園),23(愛知),3(私),9(廃),勝川幼稚園,愛知県春日井市旭町１ー２８,4860929,2020-12-22,2026-05-01,237822,
A123310002172,A1(幼稚園),23(愛知),3(私),1(本),高蔵寺幼稚園,愛知県春日井市高蔵寺町４丁目２３番地の８,4870013,2020-12-22,,237823,
A123310002181,A1(幼稚園),23(愛知),3(私),1(本),学校法人神戸学園ひなご幼稚園,愛知県春日井市神領町１－２６－６,4860821,2020-12-22,,237824,
A123310002190,A1(幼稚園),23(愛知),3(私),9(廃),春日マリア幼稚園,愛知県春日井市六軒屋町西３丁目９番地の６,4860839,2020-12-22,2023-05-01,237825,
A123310002207,A1(幼稚園),23(愛知),3(私),1(本),いとう幼稚園,愛知県春日井市大泉寺町１５４－４,4860812,2020-12-22,,237826,
A123310002216,A1(幼稚園),23(愛知),3(私),9(廃),春日井いずみ幼稚園,愛知県春日井市大留町５－２４－２９,4870024,2020-12-22,2024-05-01,237827,A223310002322
A123310002225,A1(幼稚園),23(愛知),3(私),1(本),認定こども園ぶどうの木美園幼稚園,愛知県春日井市鳥居松町７－４１－１,4860844,2020-12-22,,237828,
A123310002234,A1(幼稚園),23(愛知),3(私),1(本),月見幼稚園,愛知県春日井市月見町５５９７－３,4860835,2020-12-22,,237829,
A123310002243,A1(幼稚園),23(愛知),3(私),1(本),第二ひばり幼稚園,愛知県春日井市藤山台１０－８－２,4870035,2020-12-22,,237830,
A123310002252,A1(幼稚園),23(愛知),3(私),1(本),味美幼稚園,愛知県春日井市味美町３－１５５,4860968,2020-12-22,,237831,
A123310002261,A1(幼稚園),23(愛知),3(私),1(本),菊武幼稚園,愛知県春日井市柏原町１－６０,4860913,2020-12-22,,237832,
A123310002270,A1(幼稚園),23(愛知),3(私),1(本),藤山台幼稚園,愛知県春日井市藤山台１－４－１,4870035,2020-12-22,,237834,
A123310002289,A1(幼稚園),23(愛知),3(私),1(本),三ツ星幼稚園,愛知県春日井市如意申町６－１７－１,4860918,2020-12-22,,237836,
A123310002298,A1(幼稚園),23(愛知),3(私),9(廃),桃の花幼稚園,愛知県春日井市桃山町３－２９５－４,4860802,2020-12-22,2022-05-01,237838,
A123310002305,A1(幼稚園),23(愛知),3(私),1(本),牛山幼稚園,愛知県春日井市牛山町字柳坪２０８２－１,4860901,2020-12-22,,237839,
A123310002314,A1(幼稚園),23(愛知),3(私),9(廃),中央台幼稚園,愛知県春日井市中央台３－１－３,4870011,2020-12-22,2021-05-27,237840,A223310001886
A123310002323,A1(幼稚園),23(愛知),3(私),1(本),こまどり幼稚園,愛知県春日井市藤山台５－２－１,4870035,2020-12-22,,237841,
A123310002332,A1(幼稚園),23(愛知),3(私),1(本),ナザレ幼稚園,愛知県春日井市桃山町１－３０－２,4860802,2020-12-22,,237842,
A123310002341,A1(幼稚園),23(愛知),3(私),1(本),桜ケ丘幼稚園,愛知県春日井市篠木町７－２６００－１０２,4860851,2020-12-22,,237843,
A123310002350,A1(幼稚園),23(愛知),3(私),1(本),ひかり第一幼稚園,愛知県春日井市高森台７－４－１,4870032,2020-12-22,,237844,
A123310002369,A1(幼稚園),23(愛知),3(私),1(本),ひがしの幼稚園,愛知県春日井市東野町６－９－１,4860817,2020-12-22,,237845,
A123310002378,A1(幼稚園),23(愛知),3(私),1(本),豊川幼稚園,愛知県豊川市幸町１２４番地,4420046,2020-12-22,,237851,
A123310002387,A1(幼稚園),23(愛知),3(私),1(本),愛知双葉幼稚園,愛知県豊川市下野川町２－１０,4420877,2020-12-22,,237852,
A123310002396,A1(幼稚園),23(愛知),3(私),1(本),西明寺幼稚園,愛知県豊川市八幡町寺前１番地,4420857,2020-12-22,,237853,
A123310002403,A1(幼稚園),23(愛知),3(私),1(本),光明寺幼稚園,愛知県豊川市西豊町１－６９,4420024,2020-12-22,,237854,
A123310002412,A1(幼稚園),23(愛知),3(私),1(本),花井幼稚園,愛知県豊川市新宿町１－９５－３,4420043,2020-12-22,,237857,
A123310002421,A1(幼稚園),23(愛知),3(私),9(廃),津島幼稚園,愛知県津島市舟戸町４０,4960843,2020-12-22,2022-05-01,237866,
A123310002430,A1(幼稚園),23(愛知),3(私),1(本),津島西幼稚園,愛知県津島市神明町２０番地,4960851,2020-12-22,,237867,
A123310002449,A1(幼稚園),23(愛知),3(私),1(本),双葉幼稚園,愛知県津島市西柳原町１ー５３,4960047,2020-12-22,,237868,
A123310002458,A1(幼稚園),23(愛知),3(私),1(本),百島幼稚園,愛知県津島市百島町字牛屋４１番地,4960019,2020-12-22,,237871,
A123310002467,A1(幼稚園),23(愛知),3(私),1(本),暁星幼稚園,愛知県刈谷市東陽町４丁目３７番地,4480842,2020-12-22,,237891,
A123310002476,A1(幼稚園),23(愛知),3(私),1(本),刈谷大和幼稚園,愛知県刈谷市一里山町中本山１１６,4480002,2020-12-22,,237892,
A123310002485,A1(幼稚園),23(愛知),3(私),1(本),学校法人まふみ学園まふみ幼稚園,愛知県豊田市東梅坪町３－５－１,4710071,2020-12-22,,237904,
A123310002494,A1(幼稚園),23(愛知),3(私),1(本),美里幼稚園,愛知県豊田市美里４丁目３番地の２,4710805,2020-12-22,,237905,
A123310002500,A1(幼稚園),23(愛知),3(私),1(本),豊田大和幼稚園,愛知県豊田市今町１丁目１９番地１,4710823,2020-12-22,,237908,
A123310002519,A1(幼稚園),23(愛知),3(私),1(本),豊田星ケ丘幼稚園,愛知県豊田市中田町西山１４７番地,4730927,2020-12-22,,237910,
A123310002528,A1(幼稚園),23(愛知),3(私),1(本),安城学園愛知学泉短期大学附属幼稚園,愛知県安城市小堤町４－２５,4460036,2020-12-22,,237911,
A123310002537,A1(幼稚園),23(愛知),3(私),1(本),愛知学泉大学附属幼稚園,愛知県安城市安城町栗の木４１－１,4460026,2020-12-22,,237912,
A123310002546,A1(幼稚園),23(愛知),3(私),1(本),石橋幼稚園,愛知県安城市里町足取３番地,4460001,2020-12-22,,237913,
A123310002555,A1(幼稚園),23(愛知),3(私),1(本),ともえ幼稚園,愛知県安城市今本町１－６－３０,4460008,2020-12-22,,237914,
A123310002564,A1(幼稚園),23(愛知),3(私),9(廃),二本木幼稚園,愛知県安城市美園町２丁目４番地５,4460076,2020-12-22,2022-05-01,237916,
A123310002573,A1(幼稚園),23(愛知),3(私),1(本),愛知学泉大学付属桜井幼稚園,愛知県安城市桜井町桜西三丁目１９番地１,4441154,2020-12-22,,237918,
A123310002582,A1(幼稚園),23(愛知),3(私),1(本),ながら幼稚園,愛知県西尾市上永良町井ノ下３,4450017,2020-12-22,,237927,
A123310002591,A1(幼稚園),23(愛知),3(私),1(本),木船幼稚園,愛知県蒲郡市蒲郡町荒子８１－１７,4430006,2020-12-22,,237936,
A123310002608,A1(幼稚園),23(愛知),3(私),1(本),蒲郡あけぼの幼稚園,愛知県蒲郡市鹿島町エボシ形１３－１,4430037,2020-12-22,,237937,
A123310002617,A1(幼稚園),23(愛知),3(私),1(本),蒲郡あさひこ幼稚園,愛知県蒲郡市三谷町塚前６０－１,4430021,2020-12-22,,237938,
A123310002626,A1(幼稚園),23(愛知),3(私),1(本),名古屋経済大学附属市邨幼稚園,愛知県犬山市内久保１４－１,4840047,2020-12-22,,237946,
A123310002635,A1(幼稚園),23(愛知),3(私),1(本),光明幼稚園,愛知県犬山市大字犬山字東古券２６３,4840083,2020-12-22,,237947,
A123310002644,A1(幼稚園),23(愛知),3(私),1(本),杉の子幼稚園,愛知県犬山市大字犬山字南古券２３２,4840084,2020-12-22,,237948,
A123310002653,A1(幼稚園),23(愛知),3(私),1(本),光明第二幼稚園,愛知県犬山市前原西５丁目１－１,4840064,2020-12-22,,237949,
A123310002662,A1(幼稚園),23(愛知),3(私),1(本),常滑大和幼稚園,愛知県常滑市金山字深谷６４番地,4790003,2020-12-22,,237956,
A123310002671,A1(幼稚園),23(愛知),3(私),1(本),江南幼稚園,愛知県江南市大間町南大間１１－１,4838252,2020-12-22,,237966,
A123310002680,A1(幼稚園),23(愛知),3(私),1(本),すみれ幼稚園,愛知県江南市飛高町夫見添６３番地,4838339,2020-12-22,,237967,
A123310002699,A1(幼稚園),23(愛知),3(私),9(廃),みどりの風幼稚園,愛知県江南市慈光堂町南１９２,4838402,2020-12-22,2024-05-01,237970,A223310002359
A123310002706,A1(幼稚園),23(愛知),3(私),1(本),金剛幼稚園,愛知県一宮市開明字郷中５８,4940001,2020-12-22,,237976,
A123310002715,A1(幼稚園),23(愛知),3(私),1(本),尾西幼稚園,愛知県一宮市蓮池字上長池１０番地,4940019,2020-12-22,,237977,
A123310002724,A1(幼稚園),23(愛知),3(私),9(廃),金剛プラザ幼稚園,愛知県一宮市小信中島上郷西１,4940007,2020-12-22,2022-05-01,237978,
A123310002733,A1(幼稚園),23(愛知),3(私),1(本),学校法人小牧美鳥学園美鳥幼稚園,愛知県小牧市岩崎１９２８－１,4850011,2020-12-22,,237986,
A123310002742,A1(幼稚園),23(愛知),3(私),1(本),小牧幼稚園,愛知県小牧市中央２－２００,4850029,2020-12-22,,237987,
A123310002751,A1(幼稚園),23(愛知),3(私),1(本),市之久田幼稚園,愛知県小牧市市之久田１－３４５,4850034,2020-12-22,,237989,
A123310002760,A1(幼稚園),23(愛知),3(私),1(本),名北ゼンヌ幼稚園,愛知県小牧市大字林字西山１８３１番地２,4850805,2020-12-22,,237990,
A123310002779,A1(幼稚園),23(愛知),3(私),1(本),学校法人小牧美鳥学園美鳥第二幼稚園,愛知県小牧市小牧原１－４３,4850011,2020-12-22,,237992,
A123310002788,A1(幼稚園),23(愛知),3(私),1(本),学校法人福厳寺学園太陽幼稚園,愛知県小牧市大字大草５２２３－１,4850802,2020-12-22,,237993,
A123310002797,A1(幼稚園),23(愛知),3(私),1(本),あおぞら幼稚園,愛知県小牧市桃ヶ丘２丁目２３番地,4850813,2020-12-22,,237994,
A123310002804,A1(幼稚園),23(愛知),3(私),1(本),桃花台ひまわり幼稚園,愛知県小牧市篠岡一丁目４４番地,4850815,2020-12-22,,237995,
A123310002813,A1(幼稚園),23(愛知),3(私),1(本),愛知文教女子短期大学附属ぶんきょう幼稚園,愛知県稲沢市西町２－３５－１７,4928218,2020-12-22,,238001,
A123310002822,A1(幼稚園),23(愛知),3(私),1(本),しんわ幼稚園,愛知県稲沢市高御堂５－１４８,4928213,2020-12-22,,238003,
A123310002831,A1(幼稚園),23(愛知),3(私),1(本),大里双葉幼稚園,愛知県稲沢市井之口北畑町２２６番地,4928151,2020-12-22,,238004,
A123310002840,A1(幼稚園),23(愛知),3(私),1(本),学校法人中村学園上野台幼稚園,愛知県東海市富木島西長口７０,4760011,2020-12-22,,238021,
A123310002859,A1(幼稚園),23(愛知),3(私),9(廃),葵名和幼稚園,愛知県東海市名和町一枚畑３５,4760002,2020-12-22,2022-05-01,238023,
A123310002868,A1(幼稚園),23(愛知),3(私),1(本),雨尾幼稚園,愛知県東海市大田町西ノ脇２９－１３,4770031,2020-12-22,,238024,
A123310002877,A1(幼稚園),23(愛知),3(私),1(本),東海めぐみ幼稚園,愛知県東海市荒尾町神田１５－３,4760003,2020-12-22,,238025,
A123310002886,A1(幼稚園),23(愛知),3(私),1(本),至学館大学附属幼稚園,愛知県大府市横根町名高山５５,4748651,2020-12-22,,238031,
A123310002895,A1(幼稚園),23(愛知),3(私),9(廃),認定こども園ジーニアス幼稚園,愛知県大府市森岡町１－３,4740038,2020-12-22,2022-05-01,238033,
A123310002902,A1(幼稚園),23(愛知),3(私),1(本),大府大和幼稚園,愛知県大府市横根町平地２８８,4740011,2020-12-22,,238034,
A123310002911,A1(幼稚園),23(愛知),3(私),1(本),長浦聖母幼稚園,愛知県知多市長浦３－２９,4780042,2020-12-22,,238043,
A123310002920,A1(幼稚園),23(愛知),3(私),1(本),まさ美幼稚園,愛知県知多市つつじが丘４－１５,4780054,2020-12-22,,238044,
A123310002939,A1(幼稚園),23(愛知),3(私),1(本),まさみが丘幼稚園,愛知県知多市旭南５丁目１１２番地,4780034,2020-12-22,,238045,
A123310002948,A1(幼稚園),23(愛知),3(私),1(本),はなの木幼稚園,愛知県知立市昭和５－９,4720011,2020-12-22,,238051,
A123310002957,A1(幼稚園),23(愛知),3(私),1(本),知立幼稚園,愛知県知立市山屋敷町富士塚１番地９７,4720022,2020-12-22,,238052,
A123310002966,A1(幼稚園),23(愛知),3(私),1(本),桜木幼稚園,愛知県知立市中町花山１５－３,4720033,2020-12-22,,238053,
A123310002975,A1(幼稚園),23(愛知),3(私),1(本),長篠幼稚園,愛知県知立市長篠町新田東２３－２,4720045,2020-12-22,,238055,
A123310002984,A1(幼稚園),23(愛知),3(私),1(本),東春暁幼稚園,愛知県尾張旭市旭前町４－６－１,4880855,2020-12-22,,238062,
A123310002993,A1(幼稚園),23(愛知),3(私),1(本),旭富士幼稚園,愛知県尾張旭市旭ヶ丘町森８７,4880082,2020-12-22,,238063,
A123310003000,A1(幼稚園),23(愛知),3(私),1(本),しらぎく幼稚園,愛知県尾張旭市北本地ヶ原町３の３８,4880043,2020-12-22,,238064,
A123310003019,A1(幼稚園),23(愛知),3(私),1(本),愛英本地幼稚園,愛知県尾張旭市南本地ケ原町１－２６,4880044,2020-12-22,,238065,
A123310003028,A1(幼稚園),23(愛知),3(私),1(本),学校法人昇龍学園高浜ひかり幼稚園,愛知県高浜市清水町６－６－３６,4441312,2020-12-22,,238071,
A123310003037,A1(幼稚園),23(愛知),3(私),1(本),岩倉幼稚園,愛知県岩倉市中央町１丁目４５番地１,4820023,2020-12-22,,238082,
A123310003046,A1(幼稚園),23(愛知),3(私),1(本),曽野幼稚園,愛知県岩倉市曽野町宮前４０２,4820003,2020-12-22,,238083,
A123310003055,A1(幼稚園),23(愛知),3(私),1(本),名古屋短期大学桜花学園大学附属幼稚園,愛知県豊明市栄町武侍４８,4701161,2020-12-22,,238092,
A123310003064,A1(幼稚園),23(愛知),3(私),9(廃),暁幼稚園,愛知県豊明市栄町大原３７,4701161,2020-12-22,2026-05-01,238093,
A123310003073,A1(幼稚園),23(愛知),3(私),1(本),星の城幼稚園,愛知県豊明市二村台４－２０,4701131,2020-12-22,,238094,
A123310003082,A1(幼稚園),23(愛知),3(私),9(廃),豊明幼稚園,愛知県豊明市沓掛町山新田１０－１５,4701101,2020-12-22,2025-05-01,238096,
A123310003091,A1(幼稚園),23(愛知),3(私),1(本),東郷旭丘幼稚園,愛知県愛知郡東郷町大字春木字塩田１７９６－３,4700162,2020-12-22,,238101,
A123310003108,A1(幼稚園),23(愛知),3(私),1(本),日進旭丘幼稚園,愛知県日進市野方町西島１７０の１,4700123,2020-12-22,,238108,
A123310003117,A1(幼稚園),23(愛知),3(私),1(本),ハイランド白山幼稚園,愛知県日進市五色園４－２８０１,4700105,2020-12-22,,238109,
A123310003126,A1(幼稚園),23(愛知),3(私),1(本),日進ベタニヤ幼稚園,愛知県日進市岩崎町石兼３７,4700131,2020-12-22,,238110,
A123310003135,A1(幼稚園),23(愛知),3(私),1(本),はくさん幼稚園,愛知県日進市藤枝町西外面３５,4700112,2020-12-22,,238111,
A123310003144,A1(幼稚園),23(愛知),3(私),1(本),さつき幼稚園,愛知県長久手市岩作東島１０６,4801103,2020-12-22,,238116,
A123310003153,A1(幼稚園),23(愛知),3(私),1(本),愛知たいよう幼稚園,愛知県長久手市蟹原１６０１,4801142,2020-12-22,,238117,
A123310003162,A1(幼稚園),23(愛知),3(私),1(本),自然幼稚園,愛知県長久手市根嶽２９－７,4801148,2020-12-22,,238118,
A123310003171,A1(幼稚園),23(愛知),3(私),1(本),天使幼稚園,愛知県西春日井郡豊山町大字豊場字神戸１７８－１,4800202,2020-12-22,,238126,
A123310003180,A1(幼稚園),23(愛知),3(私),1(本),師勝幼稚園,愛知県北名古屋市井瀬木１０８６,4810014,2020-12-22,,238131,
A123310003199,A1(幼稚園),23(愛知),3(私),1(本),名古屋芸術大学附属クリエ幼稚園,愛知県北名古屋市熊之庄射矢重９５,4810006,2020-12-22,,238132,
A123310003206,A1(幼稚園),23(愛知),3(私),1(本),栄和幼稚園,愛知県北名古屋市二子字栄和２０,4810013,2020-12-22,,238133,
A123310003215,A1(幼稚園),23(愛知),3(私),1(本),師勝はなの樹幼稚園,愛知県北名古屋市鹿田字東花之木１７５１－７,4810004,2020-12-22,,238134,
A123310003224,A1(幼稚園),23(愛知),3(私),1(本),西春幼稚園,愛知県北名古屋市西之保棒地３７,4810033,2020-12-22,,238141,
A123310003233,A1(幼稚園),23(愛知),3(私),1(本),大口幼稚園,愛知県丹羽郡大口町高橋２－１２４番地,4800131,2020-12-22,,238161,
A123310003242,A1(幼稚園),23(愛知),3(私),1(本),ラ・モーナ幼稚園,愛知県丹羽郡大口町河北３－１,4800121,2020-12-22,,238162,
A123310003251,A1(幼稚園),23(愛知),3(私),1(本),扶桑幼稚園,愛知県丹羽郡扶桑町大字南山名字馬場３１,4800105,2020-12-22,,238166,
A123310003260,A1(幼稚園),23(愛知),3(私),1(本),木曽川花園幼稚園,愛知県一宮市木曽川町黒田宝光寺３７,4930001,2020-12-22,,238171,
A123310003279,A1(幼稚園),23(愛知),3(私),9(廃),きそがわ幼稚園,愛知県一宮市木曽川町外割田字郷中川田２１２,4930007,2020-12-22,2021-05-27,238172,A223310001877
A123310003288,A1(幼稚園),23(愛知),3(私),1(本),祖父江幼稚園,愛知県稲沢市祖父江町祖父江下沼２２０,4950001,2020-12-22,,238176,
A123310003297,A1(幼稚園),23(愛知),3(私),9(廃),六輪幼稚園,愛知県稲沢市平和町下起南９６番地,4901323,2020-12-22,2022-05-01,238181,
A123310003304,A1(幼稚園),23(愛知),3(私),9(廃),七宝幼稚園,愛知県あま市七宝町安松８丁目９２番地,4970011,2020-12-22,2023-05-01,238186,
A123310003313,A1(幼稚園),23(愛知),3(私),1(本),中川幼稚園,愛知県あま市七宝町伊福隅田５６,4970005,2020-12-22,,238188,
A123310003322,A1(幼稚園),23(愛知),3(私),1(本),青山幼稚園,愛知県あま市七宝町沖之島五反田２８－１,4970001,2020-12-22,,238189,
A123310003331,A1(幼稚園),23(愛知),3(私),1(本),木田幼稚園,愛知県あま市木田南一丁目２番地５,4901222,2020-12-22,,238196,
A123310003340,A1(幼稚園),23(愛知),3(私),9(廃),明和幼稚園,愛知県あま市中橋宮前１８,4901226,2020-12-22,2024-05-01,238197,A223310002377
A123310003359,A1(幼稚園),23(愛知),3(私),1(本),甚目寺幼稚園,愛知県あま市今宿山伏一１６,4901104,2020-12-22,,238201,
A123310003368,A1(幼稚園),23(愛知),3(私),1(本),大治いずみ幼稚園,愛知県海部郡大治町大字砂子字高越１７１６,4901143,2020-12-22,,238207,
A123310003377,A1(幼稚園),23(愛知),3(私),1(本),ずいよう幼稚園,愛知県海部郡大治町北間島宮西３５,4901132,2020-12-22,,238209,
A123310003386,A1(幼稚園),23(愛知),3(私),9(廃),須成東幼稚園,愛知県海部郡蟹江町大字須成字上真菰ヶ坪２４４０番地,4970031,2020-12-22,2022-05-01,238217,
A123310003395,A1(幼稚園),23(愛知),3(私),1(本),はばたき幼稚園,愛知県海部郡蟹江町本町８丁目２９番地,4970034,2020-12-22,,238218,
A123310003402,A1(幼稚園),23(愛知),3(私),1(本),とみよし幼稚園,愛知県愛西市大野町山１８２１番地,4960922,2020-12-22,,238236,
A123310003411,A1(幼稚園),23(愛知),3(私),9(廃),天王幼稚園,愛知県愛西市柚木町中田面３７２番地,4960904,2020-12-22,2025-05-01,238237,
A123310003420,A1(幼稚園),23(愛知),3(私),9(廃),諏訪幼稚園,愛知県愛西市諏訪町郷東１０９,4968011,2020-12-22,2025-05-01,238251,
A123310003439,A1(幼稚園),23(愛知),3(私),1(本),はずみやこ幼稚園,愛知県西尾市一色町大塚大坪５６－１,4440402,2020-12-22,,238281,
A123310003448,A1(幼稚園),23(愛知),3(私),1(本),幸田あけぼの第一幼稚園,愛知県額田郡幸田町大字大草字長根野５８－１,4440103,2020-12-22,,238296,
A123310003457,A1(幼稚園),23(愛知),3(私),1(本),幸田あけぼの第二幼稚園,愛知県額田郡幸田町大字深溝字緑台３１番地,4440124,2020-12-22,,238297,
A123310003466,A1(幼稚園),23(愛知),3(私),1(本),学校法人白菊学園たつみ第二幼稚園,愛知県額田郡幸田町大字坂崎字上田１１番４,4440104,2020-12-22,,238298,
A123310003475,A1(幼稚園),23(愛知),3(私),1(本),あさひこ幼稚園,愛知県岡崎市桑原町字大沢２９－７,4442141,2020-12-22,,238301,
A123310003484,A1(幼稚園),23(愛知),3(私),1(本),三好桃山幼稚園,愛知県みよし市西陣取山２６－１,4700221,2020-12-22,,238306,
A123310003493,A1(幼稚園),23(愛知),3(私),9(廃),三好文化幼稚園,愛知県みよし市三好町弥栄４０－１,4700224,2020-12-22,2024-05-01,238307,A223310002368
A123310003509,A1(幼稚園),23(愛知),3(私),1(本),東山幼稚園,愛知県みよし市三好町東山４３５,4700224,2020-12-22,,238308,
A123310003518,A1(幼稚園),23(愛知),3(私),1(本),ベル三好幼稚園,愛知県みよし市三好丘４－１－４,4700202,2020-12-22,,238309,
A123310003527,A1(幼稚園),23(愛知),3(私),1(本),名古屋柳城短期大学附属三好丘聖マーガレット幼稚園,愛知県みよし市三好丘桜一丁目９番地,4700204,2020-12-22,,238310,
A123310003536,A1(幼稚園),23(愛知),3(私),1(本),学校法人藤岡学園飯野ひかり幼稚園,愛知県豊田市藤岡飯野町池下１０７０－３,4700451,2020-12-22,,238312,
A123310003545,A1(幼稚園),23(愛知),3(私),1(本),豊田花園幼稚園,愛知県豊田市花園町塩倉１３－３,4730924,2020-12-22,,238315,
A123310003554,A1(幼稚園),23(愛知),3(私),1(本),松平大和幼稚園,愛知県豊田市岩倉町柿田１－１,4442225,2020-12-22,,238412,
A123310003563,A1(幼稚園),23(愛知),3(私),1(本),ベル豊田幼稚園,愛知県豊田市五ケ丘７－２７－２,4710814,2020-12-22,,238413,
A123310003572,A1(幼稚園),23(愛知),3(私),1(本),ひらしば幼稚園,愛知県豊田市陣中町１丁目１３番地,4710079,2020-12-22,,238414,
A123310003581,A1(幼稚園),23(愛知),3(私),1(本),青木幼稚園,愛知県豊田市青木町２丁目５６番地２,4700335,2020-12-22,,238415,
A123310003590,A1(幼稚園),23(愛知),3(私),1(本),まこと第二幼稚園,愛知県みよし市莇生町池下８－１,4700206,2020-12-22,,238421,
A223210000004,A2(こども),23(愛知),2(公),9(廃),常滑市立青海こども園,愛知県常滑市金山字油手６番地,4790003,2020-12-22,2026-05-01,23A030,
A223210000013,A2(こども),23(愛知),2(公),1(本),豊橋市立こじかこども園,愛知県豊橋市植田町字一本木１１６－１５１,4418134,2020-12-22,,23A151,
A223210000022,A2(こども),23(愛知),2(公),1(本),岡崎市立梅園こども園,愛知県岡崎市梅園町字２丁目６番地１,4440031,2020-12-22,,23A152,
A223210000031,A2(こども),23(愛知),2(公),1(本),岡崎市立広幡こども園,愛知県岡崎市広幡町１１番地４,4440066,2020-12-22,,23A153,
A223210000040,A2(こども),23(愛知),2(公),1(本),岡崎市立矢作こども園,愛知県岡崎市矢作町字西河原４９番地,4440943,2020-12-22,,23A154,
A223210000059,A2(こども),23(愛知),2(公),9(廃),安城市立さくのこども園,愛知県安城市篠目町４丁目２２－２１,4460073,2020-12-22,2021-05-27,23A155,A223310001939
A223210000068,A2(こども),23(愛知),2(公),9(廃),安城市立安城こども園,愛知県安城市相生町１８ー７,4460037,2020-12-22,2021-05-27,23A156,A223310001920
A223210000077,A2(こども),23(愛知),2(公),1(本),刈谷市立刈谷幼児園,愛知県刈谷市司町３－１５,4480834,2020-12-22,,23A157,
A223210000086,A2(こども),23(愛知),2(公),1(本),刈谷市立小高原幼児園,愛知県刈谷市原崎町１－１０１,4480039,2020-12-22,,23A158,
A223210000095,A2(こども),23(愛知),2(公),1(本),刈谷市立衣浦幼児園,愛知県刈谷市天王町３－２４,4480824,2020-12-22,,23A159,
A223210000102,A2(こども),23(愛知),2(公),1(本),刈谷市立住吉幼児園,愛知県刈谷市神田町２丁目３番地８,4480851,2020-12-22,,23A160,
A223210000111,A2(こども),23(愛知),2(公),1(本),刈谷市立かりがね幼児園,愛知県刈谷市恩田町４－１５６－２,4480013,2020-12-22,,23A161,
A223210000120,A2(こども),23(愛知),2(公),1(本),刈谷市立平成幼児園,愛知県刈谷市一ツ木町５丁目１６番地１,4480003,2020-12-22,,23A162,
A223210000139,A2(こども),23(愛知),2(公),1(本),刈谷市立富士松南幼児園,愛知県刈谷市今川町山脇５８,4480005,2020-12-22,,23A163,
A223210000148,A2(こども),23(愛知),2(公),1(本),刈谷市立富士松北幼児園,愛知県刈谷市東境町飯島３３,4480007,2020-12-22,,23A164,
A223210000157,A2(こども),23(愛知),2(公),1(本),刈谷市立小垣江幼児園,愛知県刈谷市小垣江町西王地２８－１,4480813,2020-12-22,,23A165,
A223210000166,A2(こども),23(愛知),2(公),1(本),刈谷市立双葉幼児園,愛知県刈谷市半城土中町３丁目１３番地２,4480805,2020-12-22,,23A166,
A223210000175,A2(こども),23(愛知),2(公),1(本),刈谷市立日高幼児園,愛知県刈谷市日高町１－２０１,4480046,2020-12-22,,23A167,
A223210000184,A2(こども),23(愛知),2(公),9(廃),刈谷市立重原幼児園,愛知県刈谷市重原本町１－５,4480023,2020-12-22,2021-05-27,23A168,A223210000102
A223210000193,A2(こども),23(愛知),2(公),1(本),刈谷市立東刈谷幼児園,愛知県刈谷市東刈谷町３－８,4480807,2020-12-22,,23A169,
A223210000200,A2(こども),23(愛知),2(公),1(本),刈谷市立小垣江東幼児園,愛知県刈谷市小垣江町上沢渡３３,4480813,2020-12-22,,23A170,
A223210000219,A2(こども),23(愛知),2(公),1(本),刈谷市立井ケ谷幼児園,愛知県刈谷市井ケ谷町下前田５４,4480001,2020-12-22,,23A171,
A223210000228,A2(こども),23(愛知),2(公),1(本),刈谷市立朝日幼児園,愛知県刈谷市野田町新上納３０１,4480803,2020-12-22,,23A172,
A223210000237,A2(こども),23(愛知),2(公),1(本),津島市立新開こども園,愛知県津島市新開町５－６,4960071,2020-12-22,,23A173,
A223210002039,A2(こども),23(愛知),2(公),1(本),城ケ入こども園,愛知県安城市城ヶ入町丸根３,4441206,2022-05-01,,,
A223210002048,A2(こども),23(愛知),2(公),1(本),東部こども園,愛知県安城市大岡町源覚４５番地,4460017,2022-05-01,,,
A223210002057,A2(こども),23(愛知),2(公),1(本),高棚こども園,愛知県安城市高棚町郷１８１,4460053,2022-05-01,,,
A223210002066,A2(こども),23(愛知),2(公),1(本),えのきこども園,愛知県安城市榎前町北榎５－１,4441214,2022-05-01,,,
A223210002075,A2(こども),23(愛知),2(公),1(本),三ツ川こども園,愛知県安城市寺領町願明８５,4441166,2022-05-01,,,
A223210002084,A2(こども),23(愛知),2(公),1(本),幼保連携型認定こども園知多市立梅が丘こども園,愛知県知多市梅が丘一丁目８９番地の１,4780016,2025-05-01,,,
A223210002093,A2(こども),23(愛知),2(公),1(本),津島市立共存園保育所,愛知県津島市東洋町２丁目３４番地,4960832,2026-05-01,,,
A223310000002,A2(こども),23(愛知),3(私),1(本),認定丘の上こども園,愛知県名古屋市緑区高根山１－１６０１,4598013,2020-12-22,,23A021,
A223310000011,A2(こども),23(愛知),3(私),1(本),認定こども園葵第二幼稚園,愛知県名古屋市南区白水町２６,4570818,2020-12-22,,23A023,
A223310000020,A2(こども),23(愛知),3(私),1(本),幼保連携型認定こども園名古屋東幼稚園,愛知県名古屋市名東区亀の井２－２１０,4650094,2020-12-22,,23A024,
A223310000039,A2(こども),23(愛知),3(私),1(本),豊橋才能教育こども園,愛知県豊橋市東小鷹野一丁目１５番地の８,4400012,2020-12-22,,23A025,
A223310000048,A2(こども),23(愛知),3(私),1(本),希望が丘こども園,愛知県豊橋市大岩町字大穴１１７番地の３,4413147,2020-12-22,,23A026,
A223310000057,A2(こども),23(愛知),3(私),1(本),挙母ルーテル幼稚園,愛知県豊田市桜町１－７９,4710029,2020-12-22,,23A027,
A223310000066,A2(こども),23(愛知),3(私),1(本),中山松元幼稚園,愛知県豊田市西中山町後田９３－６,4700431,2020-12-22,,23A028,
A223310000075,A2(こども),23(愛知),3(私),1(本),あさひがおかこども園,愛知県春日井市田楽町１５５０,4860808,2020-12-22,,23A029,
A223310000084,A2(こども),23(愛知),3(私),1(本),曽野第二幼稚園子どもの庭保育園,愛知県岩倉市稲荷町大摩４６番地　岩倉市稲荷町大摩４５番地１,4820012,2020-12-22,,23A031,
A223310000093,A2(こども),23(愛知),3(私),1(本),岩倉北幼稚園,愛知県岩倉市神野町平久田３１番地,4820033,2020-12-22,,23A032,
A223310000100,A2(こども),23(愛知),3(私),1(本),ゆうか幼稚園,愛知県岩倉市東町掛目１５８番地,4820041,2020-12-22,,23A033,
A223310000119,A2(こども),23(愛知),3(私),1(本),認定こども園弥富はばたき幼稚園,愛知県弥富市森津７丁目２６番地,4980036,2020-12-22,,23A034,
A223310000128,A2(こども),23(愛知),3(私),1(本),幼保連携型認定こども園大治幼稚園,愛知県海部郡大治町大字西條字土井ノ池３５番地の２,4901144,2020-12-22,,23A035,
A223310000137,A2(こども),23(愛知),3(私),1(本),千草こども園,愛知県名古屋市千種区下方町３ー３ー１,4640096,2020-12-22,,23A036,
A223310000146,A2(こども),23(愛知),3(私),1(本),富士見の森こども園,愛知県名古屋市千種区富士見台１－２２,4640015,2020-12-22,,23A037,
A223310000155,A2(こども),23(愛知),3(私),1(本),幼保連携型認定こども園寺子屋大の木,愛知県名古屋市西区大野木二丁目１３５,4520803,2020-12-22,,23A038,
A223310000164,A2(こども),23(愛知),3(私),1(本),オアシスこども園,愛知県名古屋市西区大野木四丁目４３,4520803,2020-12-22,,23A039,
A223310000173,A2(こども),23(愛知),3(私),1(本),南山ルンビニー園,愛知県名古屋市昭和区南山町５,4660835,2020-12-22,,23A040,
A223310000182,A2(こども),23(愛知),3(私),1(本),黎明保育園,愛知県名古屋市瑞穂区河岸町３－３６,4670844,2020-12-22,,23A041,
A223310000191,A2(こども),23(愛知),3(私),1(本),名古屋ドレミこども園,愛知県名古屋市港区秋葉二丁目１１０,4550857,2020-12-22,,23A042,
A223310000208,A2(こども),23(愛知),3(私),1(本),幼保連携型認定こども園道徳保育園,愛知県名古屋市南区観音町６－２０,4570845,2020-12-22,,23A043,
A223310000217,A2(こども),23(愛知),3(私),1(本),白水保育園,愛知県名古屋市南区鶴見通１－３－１１,4570807,2020-12-22,,23A044,
A223310000226,A2(こども),23(愛知),3(私),1(本),幼保連携型認定こども園スカイ,愛知県名古屋市守山区桔梗平一丁目４０８－１,4630814,2020-12-22,,23A045,
A223310000235,A2(こども),23(愛知),3(私),1(本),幼保連携型認定こども園フェアリーイースト保育園,愛知県名古屋市守山区桜坂三丁目１８０７番地,4630018,2020-12-22,,23A046,
A223310000244,A2(こども),23(愛知),3(私),1(本),キリクこども園,愛知県名古屋市守山区大字上志段味字樹木１６６３,4630001,2020-12-22,,23A048,
A223310000253,A2(こども),23(愛知),3(私),1(本),めぐみ保育園,愛知県名古屋市緑区有松町大字桶狭間字愛宕西２３－７３,4580916,2020-12-22,,23A049,
A223310000262,A2(こども),23(愛知),3(私),1(本),滝の水保育園,愛知県名古屋市緑区滝ノ水一丁目３０１,4580021,2020-12-22,,23A050,
A223310000271,A2(こども),23(愛知),3(私),1(本),認定こども園神の倉清凉保育園,愛知県名古屋市緑区東神の倉三丁目１８０３,4580808,2020-12-22,,23A051,
A223310000280,A2(こども),23(愛知),3(私),1(本),岩田こども園,愛知県豊橋市中岩田一丁目１４の２３,4400832,2020-12-22,,23A052,
A223310000299,A2(こども),23(愛知),3(私),1(本),緑が丘こども園,愛知県豊橋市細谷町字荒神松９,4413113,2020-12-22,,23A053,
A223310000306,A2(こども),23(愛知),3(私),1(本),明照保育園,愛知県豊橋市牟呂中村町６の１,4418093,2020-12-22,,23A054,
A223310000315,A2(こども),23(愛知),3(私),1(本),おおさきこども園,愛知県豊橋市大崎町字平地２３,4418073,2020-12-22,,23A055,
A223310000324,A2(こども),23(愛知),3(私),1(本),三宝こども園,愛知県豊橋市下地町三丁目３の１,4400085,2020-12-22,,23A056,
A223310000333,A2(こども),23(愛知),3(私),1(本),波の音こども園,愛知県常滑市塩田町１丁目１５５番地,4790813,2020-12-22,,23A057,
A223310000342,A2(こども),23(愛知),3(私),1(本),高坂こども園,愛知県名古屋市天白区高坂町７４番地,4680025,2020-12-22,,23A058,
A223310000351,A2(こども),23(愛知),3(私),1(本),風の丘こども園,愛知県常滑市飛香台２丁目１１番地の１,4790868,2020-12-22,,23A059,
A223310000360,A2(こども),23(愛知),3(私),1(本),翼幼保園,愛知県高浜市神明町二丁目８番地２,4441305,2020-12-22,,23A060,
A223310000379,A2(こども),23(愛知),3(私),1(本),しらほ宮根台保育園,愛知県名古屋市千種区宮根台１丁目５番６号,4640008,2020-12-22,,23A301,
A223310000388,A2(こども),23(愛知),3(私),1(本),ひだまりｋｉｄｓ茶屋ヶ坂こども園,愛知県名古屋市千種区茶屋が坂１－１３－６,4640092,2020-12-22,,23A302,
A223310000397,A2(こども),23(愛知),3(私),1(本),幼保連携型認定こども園ジョイフルドーム前こども園,愛知県名古屋市東区大幸一丁目１－１１,4610043,2020-12-22,,23A321,
A223310000404,A2(こども),23(愛知),3(私),9(廃),あおいこども園,愛知県名古屋市東区筒井一丁目１２番３８号,4610003,2020-12-22,2022-05-01,23A322,A223310000404
A223310000413,A2(こども),23(愛知),3(私),1(本),上飯田みらいこども園,愛知県名古屋市北区上飯田通２－３２,4620808,2020-12-22,,23A331,
A223310000422,A2(こども),23(愛知),3(私),1(本),幼保連携型認定こども園若松幼稚園,愛知県名古屋市北区清水五丁目２７番１４号,4620844,2020-12-22,,23A332,
A223310000431,A2(こども),23(愛知),3(私),1(本),認定こども園光和幼稚園,愛知県名古屋市北区光音寺町２丁目６８番地,4620053,2020-12-22,,23A333,
A223310000440,A2(こども),23(愛知),3(私),1(本),幼保連携型認定こども園寺子屋まんぼう,愛知県名古屋市西区貴生町１６４－１,4520816,2020-12-22,,23A351,
A223310000459,A2(こども),23(愛知),3(私),1(本),新生保育園,愛知県名古屋市西区天神山町３番７号,4510065,2020-12-22,,23A352,
A223310000468,A2(こども),23(愛知),3(私),1(本),すくすくこども園,愛知県名古屋市西区宝地町３５０,4520808,2020-12-22,,23A353,
A223310000477,A2(こども),23(愛知),3(私),1(本),にじいろこどもえん,愛知県名古屋市西区笠取町４丁目６０番地,4680002,2020-12-22,,23A354,
A223310000486,A2(こども),23(愛知),3(私),1(本),比良すみれこども園,愛知県名古屋市西区比良二丁目１７５番,4520802,2020-12-22,,23A355,
A223310000495,A2(こども),23(愛知),3(私),1(本),稲葉地こども園,愛知県名古屋市中村区稲葉地町３丁目２０番地,4530841,2020-12-22,,23A371,
A223310000501,A2(こども),23(愛知),3(私),1(本),豊岡保育園,愛知県名古屋市瑞穂区内方町２－４,4670068,2020-12-22,,23A421,
A223310000510,A2(こども),23(愛知),3(私),1(本),お茶の花こども園,愛知県名古屋市瑞穂区弥富通４丁目４５番地,4670064,2020-12-22,,23A422,
A223310000529,A2(こども),23(愛知),3(私),1(本),明野保育園,愛知県名古屋市熱田区明野町１０番１１号,4560071,2020-12-22,,23A441,
A223310000538,A2(こども),23(愛知),3(私),1(本),おひさまこどもえん,愛知県名古屋市中川区富田町大字榎津字西ナコラ２９５－５,4540953,2020-12-22,,23A451,
A223310000547,A2(こども),23(愛知),3(私),1(本),幼保連携型認定こども園ひおき保育園,愛知県名古屋市中川区西日置一丁目５－１４,4540004,2020-12-22,,23A452,
A223310000556,A2(こども),23(愛知),3(私),1(本),認定こども園清凉保育園,愛知県名古屋市中川区五女子町４丁目３２番地１,4540034,2020-12-22,,23A453,
A223310000565,A2(こども),23(愛知),3(私),1(本),すみれこども園,愛知県名古屋市中川区水里三丁目４８番地,4540963,2020-12-22,,23A454,
A223310000574,A2(こども),23(愛知),3(私),1(本),あおぞらこどもえん,愛知県名古屋市中川区富田町大字榎津字西新海１２３５番地,4540953,2020-12-22,,23A455,
A223310000583,A2(こども),23(愛知),3(私),1(本),千音寺すみれこども園,愛知県名古屋市中川区富田町大字千音寺字赤星裏４５５９,4540971,2020-12-22,,23A456,
A223310000592,A2(こども),23(愛知),3(私),1(本),戸田桜台こども園,愛知県名古屋市中川区供米田２丁目１５０９番地,4540984,2020-12-22,,23A457,
A223310000609,A2(こども),23(愛知),3(私),1(本),だいちのこどもえん,愛知県名古屋市中川区野田３丁目３９番,4540912,2020-12-22,,23A458,
A223310000618,A2(こども),23(愛知),3(私),1(本),認定こども園いしん保育園,愛知県名古屋市港区惟信町２丁目２８番地の１,4550823,2020-12-22,,23A471,
A223310000627,A2(こども),23(愛知),3(私),1(本),あいめいこども園,愛知県名古屋市港区七番町５番地の３,4550001,2020-12-22,,23A472,
A223310000636,A2(こども),23(愛知),3(私),1(本),親愛保育園,愛知県名古屋市港区本宮町３－１８,4550064,2020-12-22,,23A473,
A223310000645,A2(こども),23(愛知),3(私),1(本),たからうらこども園,愛知県名古屋市港区多加良浦町５－２５,4550825,2020-12-22,,23A474,
A223310000654,A2(こども),23(愛知),3(私),1(本),曽池ひかり幼稚園,愛知県名古屋市南区曽池町２－４０,4570042,2020-12-22,,23A491,
A223310000663,A2(こども),23(愛知),3(私),1(本),明円ひかり園,愛知県名古屋市南区明円町１８３,4570022,2020-12-22,,23A492,
A223310000672,A2(こども),23(愛知),3(私),1(本),幼保連携型認定こども園大生幼児園,愛知県名古屋市南区西又兵ヱ町３－７４,4570835,2020-12-22,,23A493,
A223310000681,A2(こども),23(愛知),3(私),1(本),葵第一幼稚園,愛知県名古屋市南区浜田町１丁目１５番地の４,4570822,2020-12-22,,23A494,
A223310000690,A2(こども),23(愛知),3(私),1(本),小桜幼稚園,愛知県名古屋市南区鳥栖１－６－２,4570006,2020-12-22,,23A495,
A223310000707,A2(こども),23(愛知),3(私),1(本),もりの風こども園,愛知県名古屋市守山区吉根字太鼓ケ根３２３１－２９,4630004,2020-12-22,,23A511,
A223310000716,A2(こども),23(愛知),3(私),1(本),ふたばみのり園,愛知県名古屋市守山区小幡二丁目１０－１８,4630011,2020-12-22,,23A512,
A223310000725,A2(こども),23(愛知),3(私),1(本),もみじこども園,愛知県名古屋市守山区笹ヶ根一丁目１００３,4630812,2020-12-22,,23A513,
A223310000734,A2(こども),23(愛知),3(私),1(本),青山保育園,愛知県名古屋市守山区青山台６２８番地１８,4630805,2020-12-22,,23A514,
A223310000743,A2(こども),23(愛知),3(私),1(本),みそのラファエルこども園,愛知県名古屋市緑区鳴海町乙子山１,4580801,2020-12-22,,23A531,
A223310000752,A2(こども),23(愛知),3(私),1(本),おにぎりが空,愛知県名古屋市緑区桶狭間西５０１番地,4580929,2020-12-22,,23A532,
A223310000761,A2(こども),23(愛知),3(私),1(本),水広保育園,愛知県名古屋市緑区諸の木三丁目８０２,4580818,2020-12-22,,23A533,
A223310000770,A2(こども),23(愛知),3(私),1(本),幼保連携型認定こども園茶屋とくしげ保育園,愛知県名古屋市緑区元徳重二丁目１０３番地,4580811,2020-12-22,,23A534,
A223310000789,A2(こども),23(愛知),3(私),1(本),みらいの風こども園,愛知県名古屋市緑区篠の風一丁目１０１,4580015,2020-12-22,,23A535,
A223310000798,A2(こども),23(愛知),3(私),1(本),しおみが丘保育園,愛知県名古屋市緑区潮見が丘一丁目４８番１号,4580037,2020-12-22,,23A536,
A223310000805,A2(こども),23(愛知),3(私),1(本),春華しろつち保育園,愛知県名古屋市緑区白土１９３０番地,4580836,2020-12-22,,23A537,
A223310000814,A2(こども),23(愛知),3(私),1(本),りたの芽,愛知県名古屋市緑区桶狭間清水山１８０６番地,4580921,2020-12-22,,23A538,
A223310000823,A2(こども),23(愛知),3(私),1(本),陽だまりこども園,愛知県名古屋市名東区高針二丁目１８０１,4650061,2020-12-22,,23A551,
A223310000832,A2(こども),23(愛知),3(私),1(本),椙山女学園大学附属椙山こども園,愛知県名古屋市名東区にじが丘一丁目１２番４,4650078,2020-12-22,,23A552,
A223310000841,A2(こども),23(愛知),3(私),1(本),名古屋植田ヶ丘こども園,愛知県名古屋市天白区植田本町二丁目１３１０,4680007,2020-12-22,,23A571,
A223310000850,A2(こども),23(愛知),3(私),1(本),むかい山こども園,愛知県豊橋市向山町字庚申下１番地の１,4400864,2020-12-22,,23A601,
A223310000869,A2(こども),23(愛知),3(私),1(本),認定こども園老津保育園,愛知県豊橋市老津町字宮脇８番地の１,4413301,2020-12-22,,23A602,
A223310000878,A2(こども),23(愛知),3(私),1(本),幼保連携型認定こども園二川幼稚園,愛知県豊橋市大岩町字東郷内１２－１,4413142,2020-12-22,,23A603,
A223310000887,A2(こども),23(愛知),3(私),1(本),認定こども園牛川育英幼稚園,愛知県豊橋市牛川町字浪ノ上１０,4400016,2020-12-22,,23A604,
A223310000896,A2(こども),23(愛知),3(私),1(本),幼保連携型認定こども園正林寺保育園,愛知県豊橋市南松山町１０４,4400877,2020-12-22,,23A605,
A223310000903,A2(こども),23(愛知),3(私),1(本),高師東こども園,愛知県豊橋市西幸町字古並５１－６,4418113,2020-12-22,,23A606,
A223310000912,A2(こども),23(愛知),3(私),1(本),希望が丘第二こども園,愛知県豊橋市旭町１６４番地,4400057,2020-12-22,,23A607,
A223310000921,A2(こども),23(愛知),3(私),1(本),恵日こども園,愛知県豊橋市東田町字西郷１１４－２,4400062,2020-12-22,,23A608,
A223310000930,A2(こども),23(愛知),3(私),1(本),大村こども園,愛知県豊橋市大村町字松ノ木田２－２,4400081,2020-12-22,,23A609,
A223310000949,A2(こども),23(愛知),3(私),1(本),認定こども園円通寺保育園,愛知県豊橋市上野町字上原１０１番地１,4418157,2020-12-22,,23A610,
A223310000958,A2(こども),23(愛知),3(私),1(本),豊橋旭こども園,愛知県豊橋市向山町字七面８９番地の２,4400864,2020-12-22,,23A611,
A223310000967,A2(こども),23(愛知),3(私),1(本),幼保連携型認定こども園悟真寺幼稚園,愛知県豊橋市関屋町２１３,4400891,2020-12-22,,23A612,
A223310000976,A2(こども),23(愛知),3(私),1(本),認定こども園昭和保育園,愛知県豊橋市東田町字西脇１０２の３,4400062,2020-12-22,,23A613,
A223310000985,A2(こども),23(愛知),3(私),1(本),幼保連携型認定こども園東部保育園,愛知県豊橋市多米町字大門２の１,4400021,2020-12-22,,23A614,
A223310000994,A2(こども),23(愛知),3(私),1(本),幼保連携型認定こども園九品寺幼稚園,愛知県一宮市真清田２－１４－７,4910043,2020-12-22,,23A671,
A223310001001,A2(こども),23(愛知),3(私),1(本),おおの子どもの庭,愛知県一宮市浅井町大野字郷西３２番地２,4910143,2020-12-22,,23A672,
A223310001010,A2(こども),23(愛知),3(私),1(本),住吉こども園,愛知県半田市堀崎町一丁目５４番地,4750851,2020-12-22,,23A711,
A223310001029,A2(こども),23(愛知),3(私),1(本),柏井保育園,愛知県春日井市柏井５丁目３４４番地,4860927,2020-12-22,,23A721,
A223310001038,A2(こども),23(愛知),3(私),1(本),認定こども園オリーブの木第二美園こども園,愛知県春日井市松河戸町五丁目８番８,4860932,2020-12-22,,23A722,
A223310001047,A2(こども),23(愛知),3(私),1(本),幼保連携型認定こども園中央大和幼稚園,愛知県春日井市神屋町字御手洗２２９８－６７３,4800304,2020-12-22,,23A723,
A223310001056,A2(こども),23(愛知),3(私),1(本),認定こども園豊川東幼稚園,愛知県豊川市末広通３丁目２９,4420029,2020-12-22,,23A751,
A223310001065,A2(こども),23(愛知),3(私),1(本),美園こども園,愛知県豊川市美園二丁目１１番地３７,4410106,2020-12-22,,23A752,
A223310001074,A2(こども),23(愛知),3(私),1(本),幼保連携型認定こども園昭和幼稚園,愛知県津島市葉苅町稲葉３３－２,4960009,2020-12-22,,23A761,
A223310001083,A2(こども),23(愛知),3(私),1(本),真こども園,愛知県津島市神尾町字江西８４番地,4960013,2020-12-22,,23A762,
A223310001092,A2(こども),23(愛知),3(私),1(本),唐臼こども園,愛知県津島市唐臼町郷裏５５番地,4960026,2020-12-22,,23A763,
A223310001109,A2(こども),23(愛知),3(私),1(本),神守こども園,愛知県津島市神守町字古道８番地４,4960005,2020-12-22,,23A764,
A223310001118,A2(こども),23(愛知),3(私),1(本),神島田こども園,愛知県津島市中一色町東郷４,4960025,2020-12-22,,23A765,
A223310001127,A2(こども),23(愛知),3(私),1(本),あたごこども園,愛知県津島市東愛宕町２丁目８３番地,4960035,2020-12-22,,23A766,
A223310001136,A2(こども),23(愛知),3(私),1(本),ふじなみこども園,愛知県津島市寺前町２丁目５５,4960042,2020-12-22,,23A767,
A223310001145,A2(こども),23(愛知),3(私),1(本),三和第一保育園,愛知県津島市大縄町９丁目４３番地,4960876,2020-12-22,,23A768,
A223310001154,A2(こども),23(愛知),3(私),1(本),三和第二保育園,愛知県津島市城山町１丁目１番地,4960862,2020-12-22,,23A769,
A223310001163,A2(こども),23(愛知),3(私),1(本),ユリアへきなんこども園,愛知県碧南市松本町７３番地,4470878,2020-12-22,,23A771,
A223310001172,A2(こども),23(愛知),3(私),1(本),ユリアなわてこども園,愛知県碧南市縄手町５丁目６１番地,4470021,2020-12-22,,23A772,
A223310001181,A2(こども),23(愛知),3(私),1(本),幼保連携型認定こども園美山幼稚園,愛知県豊田市深田町４丁目７番地、豊田市美山町４－４７－１,4710841,2020-12-22,,23A791,
A223310001190,A2(こども),23(愛知),3(私),1(本),幼保連携型認定こども園保見ヶ丘幼稚園,愛知県豊田市保見ヶ丘５丁目１番地１,4700353,2020-12-22,,23A792,
A223310001207,A2(こども),23(愛知),3(私),1(本),幼保連携型認定こども園井上幼稚園,愛知県豊田市井上町９丁目６０番地１,4700372,2020-12-22,,23A793,
A223310001216,A2(こども),23(愛知),3(私),1(本),幼保連携型認定こども園五ヶ丘大和幼稚園,愛知県豊田市五ヶ丘２丁目１９番地１,4710814,2020-12-22,,23A794,
A223310001225,A2(こども),23(愛知),3(私),1(本),幼保連携型認定こども園豊田聖霊幼稚園,愛知県豊田市聖心町４－１０－６,4710844,2020-12-22,,23A795,
A223310001234,A2(こども),23(愛知),3(私),1(本),幼保連携型認定こども園浄水松元幼稚園,愛知県豊田市浄水町一丁目４３番地３,4700343,2020-12-22,,23A796,
A223310001243,A2(こども),23(愛知),3(私),1(本),幼保連携型認定こども園豊田東丘幼稚園,愛知県豊田市宝来町４－７５８－２７４,4710809,2020-12-22,,23A797,
A223310001252,A2(こども),23(愛知),3(私),1(本),幼保連携型認定こども園林丘幼稚園,愛知県豊田市大林町１０－１５－２,4730902,2020-12-22,,23A798,
A223310001261,A2(こども),23(愛知),3(私),1(本),竜神こども園,愛知県豊田市竜神町神田６０,4730907,2020-12-22,,23A799,
A223310001270,A2(こども),23(愛知),3(私),1(本),名古屋柳城短期大学附属豊田幼稚園,愛知県豊田市市木町３－１９－７,4710006,2020-12-22,,23A800,
A223310001289,A2(こども),23(愛知),3(私),1(本),うねべこども園,愛知県豊田市畝部西町伊勢神１－１,4701219,2020-12-22,,23A801,
A223310001298,A2(こども),23(愛知),3(私),1(本),堤こども園,愛知県豊田市本田町本田１,4730938,2020-12-22,,23A802,
A223310001305,A2(こども),23(愛知),3(私),1(本),東保見こども園,愛知県豊田市保見ヶ丘４－６－１,4700353,2020-12-22,,23A803,
A223310001314,A2(こども),23(愛知),3(私),1(本),丸山こども園,愛知県豊田市丸山町３－３０,4710832,2020-12-22,,23A804,
A223310001323,A2(こども),23(愛知),3(私),1(本),みずほこども園,愛知県豊田市瑞穂町２－５,4710863,2020-12-22,,23A805,
A223310001332,A2(こども),23(愛知),3(私),1(本),竹村こども園,愛知県豊田市中町経塚４,4730904,2020-12-22,,23A806,
A223310001341,A2(こども),23(愛知),3(私),1(本),寿恵野こども園,愛知県豊田市鴛鴨町畔畑２２７,4701207,2020-12-22,,23A807,
A223310001350,A2(こども),23(愛知),3(私),1(本),東海こども園,愛知県豊田市神池町２－１２３６,4710804,2020-12-22,,23A808,
A223310001369,A2(こども),23(愛知),3(私),1(本),青松こども園,愛知県豊田市朝日ヶ丘６－４１,4710858,2020-12-22,,23A809,
A223310001378,A2(こども),23(愛知),3(私),1(本),てらべクリエイティブこども園,愛知県安城市百石町１－２２－１２,4460044,2020-12-22,,23A811,
A223310001387,A2(こども),23(愛知),3(私),1(本),根崎こども園,愛知県安城市根崎町西根６４番地１,4441211,2020-12-22,,23A812,
A223310001396,A2(こども),23(愛知),3(私),1(本),慈恵幼稚園,愛知県安城市西別所町中新田１８,4460012,2020-12-22,,23A813,
A223310001403,A2(こども),23(愛知),3(私),1(本),子宝保育園,愛知県安城市今池町１丁目２４番１８号,4460071,2020-12-22,,23A814,
A223310001412,A2(こども),23(愛知),3(私),1(本),第二慈恵幼稚園,愛知県安城市高棚町芦池２２３－２,4460053,2020-12-22,,23A815,
A223310001421,A2(こども),23(愛知),3(私),1(本),幼保連携型認定こども園西尾中央幼稚園,愛知県西尾市永吉町６３３番地,4450871,2020-12-22,,23A821,
A223310001430,A2(こども),23(愛知),3(私),1(本),幼保連携型認定こども園ｍｉｒａｉと～ぶこども園,愛知県西尾市貝吹町油ノ木６１－３,4450013,2020-12-22,,23A822,
A223310001449,A2(こども),23(愛知),3(私),1(本),鹿島こども園,愛知県蒲郡市鹿島町長田３４－１,4430037,2020-12-22,,23A826,
A223310001458,A2(こども),23(愛知),3(私),1(本),こども園あるこ,愛知県常滑市虹の丘６丁目１１番地の１,4790849,2020-12-22,,23A836,
A223310001467,A2(こども),23(愛知),3(私),1(本),認定江南こども園グレイス,愛知県江南市後飛保町神明野４６,4838347,2020-12-22,,23A841,
A223310001476,A2(こども),23(愛知),3(私),1(本),旭ヶ丘第二こども園,愛知県小牧市光ケ丘３－５１,4850811,2020-12-22,,23A846,
A223310001485,A2(こども),23(愛知),3(私),1(本),とやまこども園,愛知県小牧市大字南外山４２１番地,4850024,2020-12-22,,23A847,
A223310001494,A2(こども),23(愛知),3(私),1(本),和光こども園,愛知県稲沢市駅前三丁目７－２２,4928143,2020-12-22,,23A856,
A223310001500,A2(こども),23(愛知),3(私),1(本),幼保連携型認定こども園栴檀保育園,愛知県稲沢市稲葉２丁目４番７号,4928219,2020-12-22,,23A857,
A223310001519,A2(こども),23(愛知),3(私),1(本),葵名和幼稚園,愛知県東海市名和町一枚畑１５－３９,4760002,2020-12-22,,23A866,
A223310001528,A2(こども),23(愛知),3(私),1(本),幼保連携型認定こども園明佳幼稚園,愛知県東海市加木屋町北平井５４,4770032,2020-12-22,,23A867,
A223310001537,A2(こども),23(愛知),3(私),1(本),幼保連携型認定こども園大東くちなしの花こども園,愛知県大府市大東町４丁目１０２番地,4740023,2020-12-22,,23A876,
A223310001546,A2(こども),23(愛知),3(私),1(本),幼保連携型認定こども園パレットこども園,愛知県大府市長草町前新切９－１,4740052,2020-12-22,,23A877,
A223310001555,A2(こども),23(愛知),3(私),1(本),明愛幼稚園,愛知県知多市八幡字西水代１２５ー１,4780001,2020-12-22,,23A886,
A223310001564,A2(こども),23(愛知),3(私),1(本),幼保連携型認定こども園たかとりこども園,愛知県高浜市向山町２－１－１５,4441313,2020-12-22,,23A906,
A223310001573,A2(こども),23(愛知),3(私),1(本),幼保連携型認定こども園たかはまこども園,愛知県高浜市青木町６丁目１－９４,4441325,2020-12-22,,23A907,
A223310001582,A2(こども),23(愛知),3(私),1(本),幼保連携型認定双峰こども園リジョイス幼稚園,愛知県豊明市二村台２－９－１,4701131,2020-12-22,,23A921,
A223310001591,A2(こども),23(愛知),3(私),1(本),香久山幼稚園,愛知県日進市香久山１丁目１７０１番地,4700134,2020-12-22,,23A926,
A223310001608,A2(こども),23(愛知),3(私),1(本),幼保連携型認定こども園和合あかつき幼稚園,愛知県日進市南ヶ丘２丁目１番地１４,4700114,2020-12-22,,23A927,
A223310001617,A2(こども),23(愛知),3(私),1(本),田原赤石こども園,愛知県田原市赤石３丁目５番地,4413422,2020-12-22,,23A931,
A223310001626,A2(こども),23(愛知),3(私),1(本),蔵王こども園,愛知県田原市田原町大沢３番地２９３,4413421,2020-12-22,,23A932,
A223310001635,A2(こども),23(愛知),3(私),1(本),童浦こども園,愛知県田原市片浜町前畑７９－１,4413404,2020-12-22,,23A933,
A223310001644,A2(こども),23(愛知),3(私),1(本),勝幡さくら園,愛知県愛西市勝幡町塩畑２６３３番地５,4968001,2020-12-22,,23A936,
A223310001653,A2(こども),23(愛知),3(私),1(本),幼保連携型認定こども園丸島保育園,愛知県愛西市二子町上丸島９２番地,4968035,2020-12-22,,23A937,
A223310001662,A2(こども),23(愛知),3(私),1(本),幼保連携型認定こども園白百合保育園,愛知県愛西市江西町街道西９５－４,4968044,2020-12-22,,23A938,
A223310001671,A2(こども),23(愛知),3(私),1(本),幼保連携型認定こども園立南保育園,愛知県愛西市山路町荒山５９番地,4960942,2020-12-22,,23A939,
A223310001680,A2(こども),23(愛知),3(私),1(本),ゆめのもりこどもえん,愛知県清須市春日八幡裏４８,4520961,2020-12-22,,23A941,
A223310001699,A2(こども),23(愛知),3(私),1(本),幼保連携型認定こども園愛知医療学院大学附属ゆうあいこども園,愛知県清須市一場５５８番地２,4520931,2020-12-22,,23A942,
A223310001706,A2(こども),23(愛知),3(私),1(本),認定こども園森のくまっこ,愛知県北名古屋市熊之庄城ノ屋敷２９３０番地,4810006,2020-12-22,,23A951,
A223310001715,A2(こども),23(愛知),3(私),1(本),七宝こども園,愛知県あま市七宝町伊福薬師１６番地,4970005,2020-12-22,,23A961,
A223310001724,A2(こども),23(愛知),3(私),1(本),ひかりこどもえん,愛知県あま市新居屋辻畑２２番地,4901105,2020-12-22,,23A962,
A223310001733,A2(こども),23(愛知),3(私),1(本),美和こども園,愛知県あま市金岩枝村３６番地,4901221,2020-12-22,,23A963,
A223310001742,A2(こども),23(愛知),3(私),1(本),蟹江幼稚園,愛知県海部郡蟹江町大字新千秋字後東８２,4970043,2020-12-22,,23A971,
A223310001751,A2(こども),23(愛知),3(私),1(本),幼保連携型認定こども園飛島保育園,愛知県海部郡飛島村元起三丁目２８番地,4901437,2020-12-22,,23A972,
A223310001760,A2(こども),23(愛知),3(私),1(本),知多大和幼稚園,愛知県知多郡美浜町大字河和字亀ケ坪８５－１,4702404,2020-12-22,,23A973,
A223310001779,A2(こども),23(愛知),3(私),1(本),幸田みやこ認定こども園,愛知県額田郡幸田町大字六栗字呉服１番地１,4440122,2020-12-22,,23A974,
A223310001788,A2(こども),23(愛知),3(私),1(本),北中根こども園,愛知県知多郡武豊町字北中根六丁目６,4702385,2020-12-22,,23A975,
A223310001797,A2(こども),23(愛知),3(私),1(本),幼保連携型認定こども園東ヶ丘幼稚園,愛知県知多郡東浦町緒川東仙台８－５,4702102,2020-12-22,,23A976,
A223310001804,A2(こども),23(愛知),3(私),1(本),いしざかやまこどもえん,愛知県知多郡阿久比町大字植大字石坂３７,4702216,2020-12-22,,23A977,
A223310001813,A2(こども),23(愛知),3(私),1(本),五反田幼稚園,愛知県名古屋市中川区大当郎二丁目１６０４,4540943,2021-05-27,,23A459,
A223310001822,A2(こども),23(愛知),3(私),1(本),認定こども園ＫｉｄｓＢＡＳＥ,愛知県名古屋市中川区福島一丁目１１０,4540965,2021-05-27,,23A460,
A223310001831,A2(こども),23(愛知),3(私),1(本),御田クローバーこども園,愛知県名古屋市中村区岩塚町４－１０－１,4530862,2021-05-27,,23A372,
A223310001840,A2(こども),23(愛知),3(私),1(本),笠寺幼児園,愛知県名古屋市南区笠寺町字大門６３,4570051,2021-05-27,,23A496,
A223310001859,A2(こども),23(愛知),3(私),1(本),こばとこども園,愛知県豊橋市牧野町１２５番地の１,4418112,2021-05-27,,23A615,
A223310001868,A2(こども),23(愛知),3(私),1(本),幼保連携型認定こども園北方幼稚園,愛知県一宮市北方町北方字中土取１８８番地,4938001,2021-05-27,,23A673,
A223310001877,A2(こども),23(愛知),3(私),1(本),幼保連携型認定こども園きそがわ幼稚園,愛知県一宮市木曽川町外割田堀田１１０,4930007,2021-05-27,,23A674,
A223310001886,A2(こども),23(愛知),3(私),1(本),中央台幼稚園,愛知県春日井市中央台３丁目１－３,4870011,2021-05-27,,23A724,
A223310001895,A2(こども),23(愛知),3(私),1(本),猿渡保育園,愛知県知立市弘法町弘法山４番地１,4720046,2021-05-27,,23A892,
A223310001902,A2(こども),23(愛知),3(私),1(本),幼保連携型認定こども園はなのもりこどもえん,愛知県清須市西枇杷島町城並１丁目９番１７,4520011,2021-05-27,,23A943,
A223310001911,A2(こども),23(愛知),3(私),1(本),幼保連携型認定北なごや中部こども園,愛知県北名古屋市鹿田西村前１００番地,4810004,2021-05-27,,23A952,
A223310001920,A2(こども),23(愛知),3(私),1(本),安城こども園,愛知県安城市相生町１８－７,4460037,2021-05-27,,23A816,
A223310001939,A2(こども),23(愛知),3(私),1(本),さくのこども園,愛知県安城市篠目町４－２２ー２１,4460073,2021-05-27,,23A817,
A223310001948,A2(こども),23(愛知),3(私),1(本),安城北部こども園,愛知県安城市大東町２５－４０,4460065,2021-05-27,,23A818,
A223310001957,A2(こども),23(愛知),3(私),1(本),東栄こども園,愛知県安城市東栄町３－８０９－９,4460007,2021-05-27,,23A819,
A223310001966,A2(こども),23(愛知),3(私),1(本),きぼうのこどもえん,愛知県名古屋市西区中小田井三丁目１７３番地,4520822,2022-05-01,,,
A223310001975,A2(こども),23(愛知),3(私),1(本),ななつの宝こども園,愛知県名古屋市中川区葉池町２丁目１９番地,4540844,2022-05-01,,,
A223310001984,A2(こども),23(愛知),3(私),1(本),なないろこどもえん,愛知県名古屋市中川区富田町大字千音寺字諸桑３２０５番地,4540971,2022-05-01,,,
A223310001993,A2(こども),23(愛知),3(私),1(本),つしま幼稚園,愛知県津島市舟戸町４０番地１,4960843,2022-05-01,,,
A223310002000,A2(こども),23(愛知),3(私),1(本),幼保連携型認定こども園ひまわり,愛知県碧南市碧南市大堤町１丁目１１番地,4470025,2022-05-01,,,
A223310002019,A2(こども),23(愛知),3(私),2(分),第二青松こども園,愛知県豊田市朝日ヶ丘６－４５,4710858,2021-05-27,,23A999,
A223310002028,A2(こども),23(愛知),3(私),1(本),たかねこども園,愛知県豊田市和会町鳥手１６７,4701216,2022-05-01,,,
A223310002082,A2(こども),23(愛知),3(私),1(本),にほんぎ幼稚園,愛知県安城市美園町２丁目４番地５,4460076,2022-05-01,,,
A223310002091,A2(こども),23(愛知),3(私),1(本),熊味こども園,愛知県西尾市八ツ面町熊子山８番地,4450082,2022-05-01,,,
A223310002108,A2(こども),23(愛知),3(私),1(本),へいわこども園,愛知県稲沢市平和町横池中之町１３８番地,4901315,2022-05-01,,,
A223310002117,A2(こども),23(愛知),3(私),1(本),認定こども園ジーニアス幼稚園,愛知県大府市森岡町１－３,4740038,2022-05-01,,,
A223310002126,A2(こども),23(愛知),3(私),1(本),あかばねこども園,愛知県田原市赤羽根町天神２１番地,4413502,2022-05-01,,,
A223310002135,A2(こども),23(愛知),3(私),1(本),幼保連携型認定こども園須成東幼稚園,愛知県海部郡蟹江町桜四丁目２２４番地,4970031,2022-05-01,,,
A223310002144,A2(こども),23(愛知),3(私),1(本),あおいこども園,愛知県名古屋市東区筒井一丁目１２番３８号,4610003,2022-05-01,,,
A223310002153,A2(こども),23(愛知),3(私),1(本),スマイリーこども園さとまち,愛知県安城市里町御坊主１５３,4460001,2023-05-01,,,
A223310002162,A2(こども),23(愛知),3(私),1(本),知多クロスこども園,愛知県知多市八幡字笹廻間４３の１番地,4780001,2023-05-01,,,
A223310002171,A2(こども),23(愛知),3(私),1(本),キッズツリーハウス認定こども園本郷,愛知県日進市本郷町鴻土５－１,4700121,2023-05-01,,,
A223310002180,A2(こども),23(愛知),3(私),1(本),七宝幼稚園,愛知県あま市七宝町安松８丁目９２番地,4970011,2023-05-01,,,
A223310002199,A2(こども),23(愛知),3(私),1(本),春日マリアこども園,愛知県春日井市六軒屋町西３丁目９番地６,4860839,2023-05-01,,,
A223310002206,A2(こども),23(愛知),3(私),1(本),幼保連携型認定こども園明星幼稚園,愛知県名古屋市東区代官町２２－１７,4610002,2023-05-01,,,
A223310002215,A2(こども),23(愛知),3(私),1(本),弥富幼稚園,愛知県名古屋市瑞穂区岳見町４－４１,4670043,2023-05-01,,,
A223310002224,A2(こども),23(愛知),3(私),1(本),吉田みやこ認定こども園,愛知県西尾市吉良町松木田３０,4440516,2023-05-01,,,
A223310002233,A2(こども),23(愛知),3(私),1(本),桜井こども園,愛知県安城市小川町清水道４番地１,4441162,2023-05-01,,,
A223310002242,A2(こども),23(愛知),3(私),1(本),光徳保育園,愛知県安城市御幸本町６番１７号,4460032,2023-05-01,,,
A223310002251,A2(こども),23(愛知),3(私),1(本),幼保連携型認定こども園太陽わごうこども園,愛知県愛知郡東郷町大字和合字東蚊谷１３０番地,4700153,2023-05-01,,,
A223310002260,A2(こども),23(愛知),3(私),1(本),東郷せいぶこども園,愛知県愛知郡東郷町兵庫１－３－２,4700166,2023-05-01,,,
A223310002279,A2(こども),23(愛知),3(私),1(本),みやこ幼稚園,愛知県岡崎市上地町道ノ後３０,4440824,2023-05-01,,,
A223310002288,A2(こども),23(愛知),3(私),1(本),やはぎみやこ認定こども園,愛知県岡崎市富永町字平田１０番地１,4440946,2023-05-01,,,
A223310002297,A2(こども),23(愛知),3(私),1(本),上庄夏の空こども園,愛知県豊橋市岩田町字上庄８５,4400832,2024-05-01,,,
A223310002304,A2(こども),23(愛知),3(私),1(本),幼保連携型認定こども園豊橋中央幼稚園,愛知県豊橋市新吉町６,4400871,2024-05-01,,,
A223310002313,A2(こども),23(愛知),3(私),1(本),幼保連携型認定こども園ブライトこども園安城桜町,愛知県安城市桜町７－１４,4460041,2024-05-01,,,
A223310002322,A2(こども),23(愛知),3(私),1(本),春日井いずみこども園,愛知県春日井市大留町５丁目２４番地２９,4870024,2024-05-01,,,
A223310002331,A2(こども),23(愛知),3(私),1(本),幼保連携型認定こども園浄水ひかりこども園,愛知県豊田市浄水町一丁目４３番地２,4700343,2024-05-01,,,
A223310002340,A2(こども),23(愛知),3(私),1(本),幼保連携型認定こども園杜のひかりこども園,愛知県豊田市大清水町大清水１００－１,4700342,2024-05-01,,,
A223310002359,A2(こども),23(愛知),3(私),1(本),幼保連携型認定こども園みどりの風幼稚園,愛知県江南市慈光堂町南１９２,4838402,2024-05-01,,,
A223310002368,A2(こども),23(愛知),3(私),1(本),三好文化こども園,愛知県みよし市明知町後田５９番１,4700214,2024-05-01,,,
A223310002377,A2(こども),23(愛知),3(私),1(本),幼保連携型認定こども園明和幼稚園,愛知県あま市中橋宮前１８,4901226,2024-05-01,,,
A223310002386,A2(こども),23(愛知),3(私),1(本),認定こども園なごや遊花幼稚園,愛知県名古屋市中村区栄生町９番３０号,4530033,2024-05-01,,,
A223310002395,A2(こども),23(愛知),3(私),1(本),平手幼稚園,愛知県名古屋市緑区平手北２－１１１３,4580008,2024-05-01,,,
A223310002402,A2(こども),23(愛知),3(私),1(本),和光こども園,愛知県名古屋市中川区東起町１－１４－１,4540935,2024-05-01,,,
A223310002411,A2(こども),23(愛知),3(私),1(本),草平保育園,愛知県愛西市草平町中切１９番地,4968015,2024-05-01,,,
A223310002420,A2(こども),23(愛知),3(私),1(本),幼保連携型認定こども園石ヶ瀬保育園,愛知県大府市大府町ウド６９番地の１,4740051,2024-05-01,,,
A223310002439,A2(こども),23(愛知),3(私),1(本),旭キンダーの丘幼稚園,愛知県名古屋市瑞穂区田辺通３丁目２０番地,4670027,2025-05-01,,,
A223310002448,A2(こども),23(愛知),3(私),1(本),認定こども園マハヤナ幼稚園,愛知県名古屋市南区呼続三丁目１１番２３号,4570014,2025-05-01,,,
A223310002457,A2(こども),23(愛知),3(私),1(本),幼保連携型認定こども園山崎幼稚園,愛知県名古屋市南区呼続二丁目２０番１１号,4570014,2025-05-01,,,
A223310002466,A2(こども),23(愛知),3(私),1(本),いけがみだいようちえん,愛知県名古屋市緑区池上台二丁目１９４番地,4580044,2025-05-01,,,
A223310002475,A2(こども),23(愛知),3(私),1(本),認定こども園健峰幼稚園,愛知県名古屋市名東区小池町６５,4650047,2025-05-01,,,
A223310002484,A2(こども),23(愛知),3(私),1(本),幼保連携型認定こども園豊明幼稚園,愛知県豊明市沓掛町山新田１０－１５,4701101,2025-05-01,,,
A223310002493,A2(こども),23(愛知),3(私),1(本),諏訪幼稚園,愛知県愛西市諏訪町郷東１０９番地,4968011,2025-05-01,,,
A223310002500,A2(こども),23(愛知),3(私),1(本),幼保連携型認定こども園天王幼稚園,愛知県愛西市柚木町中田面３７２番地,4960904,2025-05-01,,,
A223310002519,A2(こども),23(愛知),3(私),1(本),オアシスあじまこども園,愛知県名古屋市北区楠味鋺五丁目１５０１番地,4620014,2025-05-01,,,
A223310002528,A2(こども),23(愛知),3(私),1(本),かなでこどもえん,愛知県名古屋市中川区東中島町一丁目４１番地４,4540866,2025-05-01,,,
A223310002537,A2(こども),23(愛知),3(私),1(本),おおぞらこども園,愛知県名古屋市港区土古町二丁目２３番地,4550068,2025-05-01,,,
A223310002546,A2(こども),23(愛知),3(私),1(本),こざかいこども園,愛知県豊川市伊奈町南山新田１４４番地１,4410105,2025-05-01,,,
A223310002555,A2(こども),23(愛知),3(私),1(本),幼保連携型認定こども園こじまこども園,愛知県豊田市金谷町７－３０,4710876,2025-05-01,,,
A223310002564,A2(こども),23(愛知),3(私),1(本),麦のうさぎ保育園,愛知県安城市堀内町カラ桶１７番,4441155,2025-05-01,,,
A223310002573,A2(こども),23(愛知),3(私),1(本),幼保連携型認定こども園ユリアいぶんこども園,愛知県西尾市道光寺町天王下３０番地２,4450811,2025-05-01,,,
A223310002582,A2(こども),23(愛知),3(私),1(本),幼保連携型認定こども園矢田わくわくこども園,愛知県西尾市国森町郷蔵南５２番地,4440312,2025-05-01,,,
A223310002591,A2(こども),23(愛知),3(私),1(本),千代田保育園,愛知県稲沢市坂田町貴船１３番地,4928454,2025-05-01,,,
A223310002607,A2(こども),23(愛知),3(私),1(本),幼保連携型認定こども園徳風こども園,愛知県知立市新地町西新地６８番地,4720041,2025-05-01,,,
A223310002616,A2(こども),23(愛知),3(私),1(本),認定こども園ひのではばたきこども園,愛知県弥富市平島中四丁目２６６,4980032,2025-05-01,,,
A223310002625,A2(こども),23(愛知),3(私),1(本),幼保連携型認定こども園東貴船幼稚園,愛知県名古屋市名東区貴船３丁目２００１,4650058,2026-05-01,,,
A223310002634,A2(こども),23(愛知),3(私),1(本),認定こども園上社幼稚園,愛知県名古屋市名東区上社５丁目３０１番地,4650025,2026-05-01,,,
A223310002643,A2(こども),23(愛知),3(私),1(本),かちがわ幼稚園,愛知県春日井市旭町１丁目２８番地,4860929,2026-05-01,,,
A223310002652,A2(こども),23(愛知),3(私),1(本),幼保連携型認定こども園暁幼稚園,愛知県豊明市栄町大原３７,4701161,2026-05-01,,,
A223310002661,A2(こども),23(愛知),3(私),1(本),オアシスはとおかこども園,愛知県名古屋市北区鳩岡二丁目１８－７,4620024,2026-05-01,,,
A223310002670,A2(こども),23(愛知),3(私),1(本),富田こばと保育園,愛知県名古屋市中川区服部三丁目６０１番地４,4540976,2026-05-01,,,
A223310002689,A2(こども),23(愛知),3(私),1(本),茶屋こばと保育園,愛知県名古屋市港区西茶屋１－３５－６,4550858,2026-05-01,,,
A223310002698,A2(こども),23(愛知),3(私),1(本),明治こども園,愛知県名古屋市南区豊１－２４－３,4570863,2026-05-01,,,
A223310002705,A2(こども),23(愛知),3(私),1(本),新砂田こども園,愛知県名古屋市緑区砂田二丁目５１２,4580807,2026-05-01,,,
A223310002714,A2(こども),23(愛知),3(私),1(本),しんほそぐちこども園,愛知県名古屋市緑区細口２－８０７,4580006,2026-05-01,,,
A223310002723,A2(こども),23(愛知),3(私),1(本),まつがね保育園,愛知県名古屋市緑区松が根台２２１,4580843,2026-05-01,,,
A223310002732,A2(こども),23(愛知),3(私),1(本),ゆめいろこども園,愛知県名古屋市名東区牧の原一丁目１３０３,4650072,2026-05-01,,,
A223310002741,A2(こども),23(愛知),3(私),1(本),天伯こども園,愛知県豊橋市天伯町字豊受１ー１２,4418122,2026-05-01,,,
A223310002750,A2(こども),23(愛知),3(私),1(本),幼保連携型認定こども園長栄保育園,愛知県豊橋市一色町天獏１５－１,4418148,2026-05-01,,,
B123110000014,B1(小学校),23(愛知),1(国),1(本),愛知教育大学附属岡崎小学校,愛知県岡崎市六供町八貫１５,4440072,2020-12-22,,230001,
B123110000023,B1(小学校),23(愛知),1(国),1(本),愛知教育大学附属名古屋小学校,愛知県名古屋市東区大幸南１－１２６,4610047,2020-12-22,,230002,
B123210000003,B1(小学校),23(愛知),2(公),9(廃),名古屋市立内山小学校,愛知県名古屋市千種区内山１－４－１５,4640075,2020-12-22,2026-05-01,230011,
B123210000012,B1(小学校),23(愛知),2(公),1(本),名古屋市立春岡小学校,愛知県名古屋市千種区春岡２－５－３８,4640848,2020-12-22,,230012,
B123210000021,B1(小学校),23(愛知),2(公),1(本),名古屋市立千種小学校,愛知県名古屋市千種区千種三丁目２番５号,4640858,2020-12-22,,230013,
B123210000030,B1(小学校),23(愛知),2(公),1(本),名古屋市立千石小学校,愛知県名古屋市千種区千種１－１－５２,4640858,2020-12-22,,230014,
B123210000049,B1(小学校),23(愛知),2(公),1(本),名古屋市立高見小学校,愛知県名古屋市千種区高見１丁目７番１号,4640073,2020-12-22,,230015,
B123210000058,B1(小学校),23(愛知),2(公),9(廃),名古屋市立大和小学校,愛知県名古屋市千種区松軒１－４－９,4640084,2020-12-22,2026-05-01,230016,
B123210000067,B1(小学校),23(愛知),2(公),1(本),名古屋市立田代小学校,愛知県名古屋市千種区観月町２丁目４１番地,4640831,2020-12-22,,230017,
B123210000076,B1(小学校),23(愛知),2(公),1(本),名古屋市立自由ケ丘小学校,愛知県名古屋市千種区自由ケ丘２－１５－２４,4640044,2020-12-22,,230018,
B123210000085,B1(小学校),23(愛知),2(公),1(本),名古屋市立上野小学校,愛知県名古屋市千種区上野２－６－１,4640082,2020-12-22,,230019,
B123210000094,B1(小学校),23(愛知),2(公),1(本),名古屋市立富士見台小学校,愛知県名古屋市千種区富士見台２－１,4640015,2020-12-22,,230020,
B123210000101,B1(小学校),23(愛知),2(公),1(本),名古屋市立東山小学校,愛知県名古屋市千種区橋本町３丁目２０番地,4640035,2020-12-22,,230021,
B123210000110,B1(小学校),23(愛知),2(公),1(本),名古屋市立星ケ丘小学校,愛知県名古屋市千種区星ヶ丘１－４,4640801,2020-12-22,,230022,
B123210000129,B1(小学校),23(愛知),2(公),1(本),名古屋市立宮根小学校,愛知県名古屋市千種区宮根台２－１０－１９,4640008,2020-12-22,,230023,
B123210000138,B1(小学校),23(愛知),2(公),1(本),名古屋市立見付小学校,愛知県名古屋市千種区見附町３－１－３,4640817,2020-12-22,,230024,
B123210000147,B1(小学校),23(愛知),2(公),1(本),名古屋市立千代田橋小学校,愛知県名古屋市千種区千代田橋二丁目３番７号,4640011,2020-12-22,,230025,
B123210000156,B1(小学校),23(愛知),2(公),1(本),名古屋市立旭丘小学校,愛知県名古屋市東区徳川町１６０１番地,4610023,2020-12-22,,230041,
B123210000165,B1(小学校),23(愛知),2(公),1(本),名古屋市立明倫小学校,愛知県名古屋市東区出来町１－８－１,4610032,2020-12-22,,230042,
B123210000174,B1(小学校),23(愛知),2(公),1(本),名古屋市立筒井小学校,愛知県名古屋市東区筒井１－１５－２８,4610003,2020-12-22,,230043,
B123210000183,B1(小学校),23(愛知),2(公),1(本),名古屋市立東桜小学校,愛知県名古屋市東区東桜１－１３－１,4610005,2020-12-22,,230044,
B123210000192,B1(小学校),23(愛知),2(公),1(本),名古屋市立矢田小学校,愛知県名古屋市東区矢田南４－４－１,4610048,2020-12-22,,230045,
B123210000209,B1(小学校),23(愛知),2(公),1(本),名古屋市立山吹小学校,愛知県名古屋市東区橦木町２－２４,4610014,2020-12-22,,230046,
B123210000218,B1(小学校),23(愛知),2(公),1(本),名古屋市立東白壁小学校,愛知県名古屋市東区白壁５－７,4610011,2020-12-22,,230047,
B123210000227,B1(小学校),23(愛知),2(公),1(本),名古屋市立葵小学校,愛知県名古屋市東区葵１丁目５番１号,4610004,2020-12-22,,230048,
B123210000236,B1(小学校),23(愛知),2(公),1(本),名古屋市立砂田橋小学校,愛知県名古屋市東区砂田橋３－１－１３,4610045,2020-12-22,,230049,
B123210000245,B1(小学校),23(愛知),2(公),1(本),名古屋市立飯田小学校,愛知県名古屋市北区平安２－７－１４,4620819,2020-12-22,,230061,
B123210000254,B1(小学校),23(愛知),2(公),1(本),名古屋市立大杉小学校,愛知県名古屋市北区大杉三丁目９－２１,4620837,2020-12-22,,230062,
B123210000263,B1(小学校),23(愛知),2(公),1(本),名古屋市立清水小学校,愛知県名古屋市北区清水５－３－１,4620844,2020-12-22,,230063,
B123210000272,B1(小学校),23(愛知),2(公),1(本),名古屋市立杉村小学校,愛知県名古屋市北区長田町３－６２,4620834,2020-12-22,,230064,
B123210000281,B1(小学校),23(愛知),2(公),1(本),名古屋市立名北小学校,愛知県名古屋市北区下飯田町１－３４,4620865,2020-12-22,,230065,
B123210000290,B1(小学校),23(愛知),2(公),1(本),名古屋市立金城小学校,愛知県名古屋市北区金城３－１１－６,4620847,2020-12-22,,230066,
B123210000307,B1(小学校),23(愛知),2(公),1(本),名古屋市立東志賀小学校,愛知県名古屋市北区志賀町４－６０,4620037,2020-12-22,,230067,
B123210000316,B1(小学校),23(愛知),2(公),1(本),名古屋市立城北小学校,愛知県名古屋市北区鳩岡２－８－４３,4620024,2020-12-22,,230068,
B123210000325,B1(小学校),23(愛知),2(公),1(本),名古屋市立光城小学校,愛知県名古屋市北区光音寺町４－１,4620053,2020-12-22,,230069,
B123210000334,B1(小学校),23(愛知),2(公),1(本),名古屋市立六郷小学校,愛知県名古屋市北区大曽根三丁目１５番８２号,4620825,2020-12-22,,230070,
B123210000343,B1(小学校),23(愛知),2(公),1(本),名古屋市立楠小学校,愛知県名古屋市北区池花町３０９,4620005,2020-12-22,,230071,
B123210000352,B1(小学校),23(愛知),2(公),1(本),名古屋市立味鋺小学校,愛知県名古屋市北区楠味鋺３丁目１２６番地,4620014,2020-12-22,,230072,
B123210000361,B1(小学校),23(愛知),2(公),1(本),名古屋市立西味鋺小学校,愛知県名古屋市北区西味鋺２－５２６,4620016,2020-12-22,,230073,
B123210000370,B1(小学校),23(愛知),2(公),1(本),名古屋市立六郷北小学校,愛知県名古屋市北区山田４－１４－５６,4620810,2020-12-22,,230074,
B123210000389,B1(小学校),23(愛知),2(公),1(本),名古屋市立楠西小学校,愛知県名古屋市北区会所町８９,4620061,2020-12-22,,230075,
B123210000398,B1(小学校),23(愛知),2(公),1(本),名古屋市立川中小学校,愛知県名古屋市北区福徳町５－５２,4620052,2020-12-22,,230076,
B123210000405,B1(小学校),23(愛知),2(公),1(本),名古屋市立宮前小学校,愛知県名古屋市北区上飯田南町４－１－２,4620804,2020-12-22,,230077,
B123210000414,B1(小学校),23(愛知),2(公),1(本),名古屋市立如意小学校,愛知県名古屋市北区如意３丁目１３１,4620007,2020-12-22,,230078,
B123210000423,B1(小学校),23(愛知),2(公),1(本),名古屋市立辻小学校,愛知県名古屋市北区辻町１丁目３２番地の４,4620032,2020-12-22,,230079,
B123210000432,B1(小学校),23(愛知),2(公),1(本),名古屋市立榎小学校,愛知県名古屋市西区押切１－１２－２５,4510063,2020-12-22,,230091,
B123210000441,B1(小学校),23(愛知),2(公),1(本),名古屋市立栄生小学校,愛知県名古屋市西区栄生１－２７－２６,4510052,2020-12-22,,230093,
B123210000450,B1(小学校),23(愛知),2(公),1(本),名古屋市立上名古屋小学校,愛知県名古屋市西区上名古屋３－４－１８,4510025,2020-12-22,,230094,
B123210000469,B1(小学校),23(愛知),2(公),1(本),名古屋市立城西小学校,愛知県名古屋市西区城西３－１４－２５,4510031,2020-12-22,,230095,
B123210000478,B1(小学校),23(愛知),2(公),1(本),名古屋市立児玉小学校,愛知県名古屋市西区児玉二丁目３番３３号,4510066,2020-12-22,,230096,
B123210000487,B1(小学校),23(愛知),2(公),1(本),名古屋市立枇杷島小学校,愛知県名古屋市西区枇杷島３－１６－３３,4510053,2020-12-22,,230097,
B123210000496,B1(小学校),23(愛知),2(公),1(本),名古屋市立南押切小学校,愛知県名古屋市西区則武新町二丁目１４－３,4510051,2020-12-22,,230098,
B123210000502,B1(小学校),23(愛知),2(公),1(本),名古屋市立庄内小学校,愛知県名古屋市西区新福寺町二丁目５－１,4510083,2020-12-22,,230101,
B123210000511,B1(小学校),23(愛知),2(公),1(本),名古屋市立稲生小学校,愛知県名古屋市西区香呑町２－８４,4510015,2020-12-22,,230102,
B123210000520,B1(小学校),23(愛知),2(公),1(本),名古屋市立山田小学校,愛知県名古屋市西区八筋町３８１－１,4520815,2020-12-22,,230103,
B123210000539,B1(小学校),23(愛知),2(公),1(本),名古屋市立平田小学校,愛知県名古屋市西区西原町８８,4520848,2020-12-22,,230104,
B123210000548,B1(小学校),23(愛知),2(公),1(本),名古屋市立比良小学校,愛知県名古屋市西区比良２－１７５,4520802,2020-12-22,,230105,
B123210000557,B1(小学校),23(愛知),2(公),1(本),名古屋市立大野木小学校,愛知県名古屋市西区大野木３ー１７,4520803,2020-12-22,,230106,
B123210000566,B1(小学校),23(愛知),2(公),1(本),名古屋市立浮野小学校,愛知県名古屋市西区浮野町９８,4520846,2020-12-22,,230107,
B123210000575,B1(小学校),23(愛知),2(公),1(本),名古屋市立比良西小学校,愛知県名古屋市西区玉池町３４７番地,4520812,2020-12-22,,230108,
B123210000584,B1(小学校),23(愛知),2(公),1(本),名古屋市立中小田井小学校,愛知県名古屋市西区中小田井２丁目１８９番地,4520822,2020-12-22,,230109,
B123210000593,B1(小学校),23(愛知),2(公),1(本),名古屋市立なごや小学校,愛知県名古屋市西区幅下１丁目７－１７,4510041,2020-12-22,,230110,
B123210000600,B1(小学校),23(愛知),2(公),1(本),名古屋市立中村小学校,愛知県名古屋市中村区中村町１－７２,4530053,2020-12-22,,230122,
B123210000619,B1(小学校),23(愛知),2(公),1(本),名古屋市立豊臣小学校,愛知県名古屋市中村区森末町２－１,4530052,2020-12-22,,230123,
B123210000628,B1(小学校),23(愛知),2(公),1(本),名古屋市立牧野小学校,愛知県名古屋市中村区竹橋町３－４,4530016,2020-12-22,,230127,
B123210000637,B1(小学校),23(愛知),2(公),1(本),名古屋市立米野小学校,愛知県名古屋市中村区権現通１－２８,4530807,2020-12-22,,230128,
B123210000646,B1(小学校),23(愛知),2(公),1(本),名古屋市立日比津小学校,愛知県名古屋市中村区高道町２－１－３０,4530037,2020-12-22,,230129,
B123210000655,B1(小学校),23(愛知),2(公),1(本),名古屋市立諏訪小学校,愛知県名古屋市中村区諏訪町２－６－７,4530062,2020-12-22,,230130,
B123210000664,B1(小学校),23(愛知),2(公),1(本),名古屋市立柳小学校,愛知県名古屋市中村区烏森町２－２５,4530855,2020-12-22,,230131,
B123210000673,B1(小学校),23(愛知),2(公),1(本),名古屋市立稲葉地小学校,愛知県名古屋市中村区靖国町３－２０,4530065,2020-12-22,,230132,
B123210000682,B1(小学校),23(愛知),2(公),1(本),名古屋市立稲西小学校,愛知県名古屋市中村区稲西町８８番地,4530849,2020-12-22,,230133,
B123210000691,B1(小学校),23(愛知),2(公),1(本),名古屋市立日吉小学校,愛知県名古屋市中村区城主町１－１,4530819,2020-12-22,,230134,
B123210000708,B1(小学校),23(愛知),2(公),1(本),名古屋市立千成小学校,愛知県名古屋市中村区日ノ宮１－１２０,4530823,2020-12-22,,230135,
B123210000717,B1(小学校),23(愛知),2(公),1(本),名古屋市立岩塚小学校,愛知県名古屋市中村区岩塚町４ー１７,4530862,2020-12-22,,230136,
B123210000726,B1(小学校),23(愛知),2(公),1(本),名古屋市立八社小学校,愛知県名古屋市中村区八社一丁目１９９番地の２,4530863,2020-12-22,,230138,
B123210000735,B1(小学校),23(愛知),2(公),1(本),名古屋市立ほのか小学校,愛知県名古屋市中村区松原町５－５,4530021,2020-12-22,,230139,
B123210000744,B1(小学校),23(愛知),2(公),1(本),名古屋市立笹島小学校,愛知県名古屋市中村区名駅四丁目１９番１号,4500002,2020-12-22,,230140,
B123210000753,B1(小学校),23(愛知),2(公),9(廃),名古屋市立名城小学校,愛知県名古屋市中区丸の内３－３－３５,4600002,2020-12-22,2023-05-01,230151,B123210009674
B123210000762,B1(小学校),23(愛知),2(公),9(廃),名古屋市立御園小学校,愛知県名古屋市中区錦１－９－１,4600003,2020-12-22,2023-05-01,230152,B123210009674
B123210000771,B1(小学校),23(愛知),2(公),1(本),名古屋市立栄小学校,愛知県名古屋市中区栄１－２８－１,4600008,2020-12-22,,230153,
B123210000780,B1(小学校),23(愛知),2(公),1(本),名古屋市立新栄小学校,愛知県名古屋市中区新栄３－１５－５１,4600007,2020-12-22,,230154,
B123210000799,B1(小学校),23(愛知),2(公),1(本),名古屋市立松原小学校,愛知県名古屋市中区松原３－５－３,4600017,2020-12-22,,230155,
B123210000806,B1(小学校),23(愛知),2(公),1(本),名古屋市立橘小学校,愛知県名古屋市中区橘１－１３－１２,4600016,2020-12-22,,230156,
B123210000815,B1(小学校),23(愛知),2(公),1(本),名古屋市立平和小学校,愛知県名古屋市中区平和１－１４－３,4600021,2020-12-22,,230157,
B123210000824,B1(小学校),23(愛知),2(公),1(本),名古屋市立老松小学校,愛知県名古屋市中区千代田１－９－３６,4600012,2020-12-22,,230158,
B123210000833,B1(小学校),23(愛知),2(公),1(本),名古屋市立千早小学校,愛知県名古屋市中区新栄１－４４－３６,4600007,2020-12-22,,230159,
B123210000842,B1(小学校),23(愛知),2(公),1(本),名古屋市立大須小学校,愛知県名古屋市中区大須１－３１－４,4600011,2020-12-22,,230160,
B123210000851,B1(小学校),23(愛知),2(公),1(本),名古屋市立正木小学校,愛知県名古屋市中区正木１ー１７ー３３,4600024,2020-12-22,,230161,
B123210000860,B1(小学校),23(愛知),2(公),1(本),名古屋市立鶴舞小学校,愛知県名古屋市昭和区鶴舞１－１－８５,4660064,2020-12-22,,230171,
B123210000879,B1(小学校),23(愛知),2(公),1(本),名古屋市立吹上小学校,愛知県名古屋市昭和区吹上町１－２２,4660002,2020-12-22,,230172,
B123210000888,B1(小学校),23(愛知),2(公),1(本),名古屋市立村雲小学校,愛知県名古屋市昭和区村雲町２６－１６,4660052,2020-12-22,,230173,
B123210000897,B1(小学校),23(愛知),2(公),1(本),名古屋市立松栄小学校,愛知県名古屋市昭和区長戸町２－１,4660848,2020-12-22,,230174,
B123210000904,B1(小学校),23(愛知),2(公),1(本),名古屋市立御器所小学校,愛知県名古屋市昭和区明月町１－３２,4660034,2020-12-22,,230175,
B123210000913,B1(小学校),23(愛知),2(公),1(本),名古屋市立広路小学校,愛知県名古屋市昭和区川原通８－２１－２,4660853,2020-12-22,,230176,
B123210000922,B1(小学校),23(愛知),2(公),1(本),名古屋市立川原小学校,愛知県名古屋市昭和区萩原町２－１,4660852,2020-12-22,,230177,
B123210000931,B1(小学校),23(愛知),2(公),1(本),名古屋市立八事小学校,愛知県名古屋市昭和区五軒家町２５,4660838,2020-12-22,,230178,
B123210000940,B1(小学校),23(愛知),2(公),1(本),名古屋市立滝川小学校,愛知県名古屋市昭和区滝川町１３１,4660826,2020-12-22,,230179,
B123210000959,B1(小学校),23(愛知),2(公),1(本),名古屋市立白金小学校,愛知県名古屋市昭和区白金２－２－５,4660058,2020-12-22,,230180,
B123210000968,B1(小学校),23(愛知),2(公),1(本),名古屋市立伊勝小学校,愛知県名古屋市昭和区伊勝町２－１００,4660805,2020-12-22,,230181,
B123210000977,B1(小学校),23(愛知),2(公),2(分),名古屋市立川原小学校分校,愛知県名古屋市昭和区折戸町四丁目１６番地,4660858,2020-12-22,,230182,
B123210000986,B1(小学校),23(愛知),2(公),1(本),名古屋市立弥富小学校,愛知県名古屋市瑞穂区日向町４－２３－１,4670047,2020-12-22,,230201,
B123210000995,B1(小学校),23(愛知),2(公),1(本),名古屋市立御劔小学校,愛知県名古屋市瑞穂区亀城町５－４－１,4670876,2020-12-22,,230202,
B123210001002,B1(小学校),23(愛知),2(公),1(本),名古屋市立堀田小学校,愛知県名古屋市瑞穂区新開２４－１３,4670856,2020-12-22,,230203,
B123210001011,B1(小学校),23(愛知),2(公),1(本),名古屋市立汐路小学校,愛知県名古屋市瑞穂区御莨町１－２,4670006,2020-12-22,,230204,
B123210001020,B1(小学校),23(愛知),2(公),1(本),名古屋市立高田小学校,愛知県名古屋市瑞穂区宝田町４－１,4670866,2020-12-22,,230205,
B123210001039,B1(小学校),23(愛知),2(公),1(本),名古屋市立瑞穂小学校,愛知県名古屋市瑞穂区牧町２－４６,4670816,2020-12-22,,230206,
B123210001048,B1(小学校),23(愛知),2(公),1(本),名古屋市立井戸田小学校,愛知県名古屋市瑞穂区姫宮町１－４６,4670834,2020-12-22,,230207,
B123210001057,B1(小学校),23(愛知),2(公),1(本),名古屋市立穂波小学校,愛知県名古屋市瑞穂区河岸一丁目１番３８号,4670845,2020-12-22,,230208,
B123210001066,B1(小学校),23(愛知),2(公),1(本),名古屋市立豊岡小学校,愛知県名古屋市瑞穂区膳棚町３－６０,4670013,2020-12-22,,230209,
B123210001075,B1(小学校),23(愛知),2(公),1(本),名古屋市立陽明小学校,愛知県名古屋市瑞穂区密柑山町１－１,4670041,2020-12-22,,230210,
B123210001084,B1(小学校),23(愛知),2(公),1(本),名古屋市立中根小学校,愛知県名古屋市瑞穂区井の元町５０,4670057,2020-12-22,,230211,
B123210001093,B1(小学校),23(愛知),2(公),1(本),名古屋市立高蔵小学校,愛知県名古屋市熱田区花町７ー３３,4560011,2020-12-22,,230221,
B123210001100,B1(小学校),23(愛知),2(公),1(本),名古屋市立旗屋小学校,愛知県名古屋市熱田区夜寒町５番１号,4560021,2020-12-22,,230222,
B123210001119,B1(小学校),23(愛知),2(公),1(本),名古屋市立千年小学校,愛知県名古屋市熱田区千年２－３８－２６,4560054,2020-12-22,,230223,
B123210001128,B1(小学校),23(愛知),2(公),1(本),名古屋市立船方小学校,愛知県名古屋市熱田区四番２－１０－４３,4560051,2020-12-22,,230224,
B123210001137,B1(小学校),23(愛知),2(公),1(本),名古屋市立白鳥小学校,愛知県名古屋市熱田区白鳥２－１３－１２,4560035,2020-12-22,,230225,
B123210001146,B1(小学校),23(愛知),2(公),1(本),名古屋市立野立小学校,愛知県名古屋市熱田区青池町２－２１,4560075,2020-12-22,,230226,
B123210001155,B1(小学校),23(愛知),2(公),1(本),名古屋市立大宝小学校,愛知県名古屋市熱田区大宝３－８－４３,4560062,2020-12-22,,230227,
B123210001164,B1(小学校),23(愛知),2(公),1(本),名古屋市立広見小学校,愛知県名古屋市中川区広住町４－４１,4540007,2020-12-22,,230241,
B123210001173,B1(小学校),23(愛知),2(公),1(本),名古屋市立露橋小学校,愛知県名古屋市中川区露橋１－９－４１,4540022,2020-12-22,,230242,
B123210001182,B1(小学校),23(愛知),2(公),1(本),名古屋市立愛知小学校,愛知県名古屋市中川区豊成町１－３５,4540803,2020-12-22,,230243,
B123210001191,B1(小学校),23(愛知),2(公),1(本),名古屋市立八熊小学校,愛知県名古屋市中川区八熊１－８－３０,4540013,2020-12-22,,230244,
B123210001208,B1(小学校),23(愛知),2(公),1(本),名古屋市立昭和橋小学校,愛知県名古屋市中川区中野新町７－５１－１,4540837,2020-12-22,,230245,
B123210001217,B1(小学校),23(愛知),2(公),1(本),名古屋市立常磐小学校,愛知県名古屋市中川区小本１丁目１５－２,4540828,2020-12-22,,230246,
B123210001226,B1(小学校),23(愛知),2(公),1(本),名古屋市立八幡小学校,愛知県名古屋市中川区八熊通５－４,4540035,2020-12-22,,230247,
B123210001235,B1(小学校),23(愛知),2(公),1(本),名古屋市立荒子小学校,愛知県名古屋市中川区中郷四丁目２３４番地,4540921,2020-12-22,,230248,
B123210001244,B1(小学校),23(愛知),2(公),1(本),名古屋市立正色小学校,愛知県名古屋市中川区下之一色町字権野１０７,4540945,2020-12-22,,230249,
B123210001253,B1(小学校),23(愛知),2(公),1(本),名古屋市立篠原小学校,愛知県名古屋市中川区丸米町１－５５,4540834,2020-12-22,,230250,
B123210001262,B1(小学校),23(愛知),2(公),1(本),名古屋市立戸田小学校,愛知県名古屋市中川区戸田二丁目２１１４,4540962,2020-12-22,,230251,
B123210001271,B1(小学校),23(愛知),2(公),1(本),名古屋市立豊治小学校,愛知県名古屋市中川区かの里１－２５０１,4540957,2020-12-22,,230252,
B123210001280,B1(小学校),23(愛知),2(公),1(本),名古屋市立千音寺小学校,愛知県名古屋市中川区千音寺四丁目１４７番地,4540977,2020-12-22,,230253,
B123210001299,B1(小学校),23(愛知),2(公),1(本),名古屋市立長須賀小学校,愛知県名古屋市中川区前田西町１－１００１,4540941,2020-12-22,,230254,
B123210001306,B1(小学校),23(愛知),2(公),1(本),名古屋市立万場小学校,愛知県名古屋市中川区万場４－１１０６,4540997,2020-12-22,,230255,
B123210001315,B1(小学校),23(愛知),2(公),1(本),名古屋市立野田小学校,愛知県名古屋市中川区野田１丁目５４５,4540912,2020-12-22,,230256,
B123210001324,B1(小学校),23(愛知),2(公),1(本),名古屋市立明正小学校,愛知県名古屋市中川区戸田明正３丁目１００１,4540961,2020-12-22,,230257,
B123210001333,B1(小学校),23(愛知),2(公),1(本),名古屋市立玉川小学校,愛知県名古屋市中川区玉川町２－１,4540058,2020-12-22,,230258,
B123210001342,B1(小学校),23(愛知),2(公),1(本),名古屋市立赤星小学校,愛知県名古屋市中川区赤星三丁目３０２番地,4540978,2020-12-22,,230259,
B123210001351,B1(小学校),23(愛知),2(公),1(本),名古屋市立中島小学校,愛知県名古屋市中川区中島新町２－４０１,4540932,2020-12-22,,230260,
B123210001360,B1(小学校),23(愛知),2(公),1(本),名古屋市立西中島小学校,愛知県名古屋市中川区西中島２－３０１,4540934,2020-12-22,,230261,
B123210001379,B1(小学校),23(愛知),2(公),1(本),名古屋市立五反田小学校,愛知県名古屋市中川区一色新町１－６０１,4540946,2020-12-22,,230262,
B123210001388,B1(小学校),23(愛知),2(公),1(本),名古屋市立春田小学校,愛知県名古屋市中川区東春田２－２４３,4540983,2020-12-22,,230263,
B123210001397,B1(小学校),23(愛知),2(公),1(本),名古屋市立西前田小学校,愛知県名古屋市中川区前田西町３－１００１,4540941,2020-12-22,,230264,
B123210001404,B1(小学校),23(愛知),2(公),1(本),名古屋市立東築地小学校,愛知県名古屋市港区東築地町２６番地,4550023,2020-12-22,,230281,
B123210001413,B1(小学校),23(愛知),2(公),1(本),名古屋市立中川小学校,愛知県名古屋市港区辰巳町３７－６,4550003,2020-12-22,,230282,
B123210001422,B1(小学校),23(愛知),2(公),1(本),名古屋市立成章小学校,愛知県名古屋市港区東土古町１－３,4550061,2020-12-22,,230283,
B123210001431,B1(小学校),23(愛知),2(公),1(本),名古屋市立大手小学校,愛知県名古屋市港区大手町３ー２８,4550046,2020-12-22,,230284,
B123210001440,B1(小学校),23(愛知),2(公),1(本),名古屋市立港西小学校,愛知県名古屋市港区十一屋三丁目５５番地,4550831,2020-12-22,,230285,
B123210001459,B1(小学校),23(愛知),2(公),1(本),名古屋市立稲永小学校,愛知県名古屋市港区稲永町４－６－３５,4550842,2020-12-22,,230286,
B123210001468,B1(小学校),23(愛知),2(公),1(本),名古屋市立小碓小学校,愛知県名古屋市港区土古町４－５９,4550068,2020-12-22,,230287,
B123210001477,B1(小学校),23(愛知),2(公),1(本),名古屋市立西築地小学校,愛知県名古屋市港区浜１－２－３３,4550036,2020-12-22,,230288,
B123210001486,B1(小学校),23(愛知),2(公),1(本),名古屋市立高木小学校,愛知県名古屋市港区高木町３－２０,4550821,2020-12-22,,230289,
B123210001495,B1(小学校),23(愛知),2(公),1(本),名古屋市立南陽小学校,愛知県名古屋市港区東茶屋２－３２８,4550851,2020-12-22,,230290,
B123210001501,B1(小学校),23(愛知),2(公),1(本),名古屋市立港楽小学校,愛知県名古屋市港区港楽２－３－３６,4550014,2020-12-22,,230293,
B123210001510,B1(小学校),23(愛知),2(公),1(本),名古屋市立明徳小学校,愛知県名古屋市港区小碓３－２５９,4550801,2020-12-22,,230294,
B123210001529,B1(小学校),23(愛知),2(公),1(本),名古屋市立西福田小学校,愛知県名古屋市港区西福田５－１６０１,4550874,2020-12-22,,230295,
B123210001538,B1(小学校),23(愛知),2(公),1(本),名古屋市立野跡小学校,愛知県名古屋市港区野跡１－４－１１,4550845,2020-12-22,,230296,
B123210001547,B1(小学校),23(愛知),2(公),1(本),名古屋市立東海小学校,愛知県名古屋市港区九番町１－１－３,4550008,2020-12-22,,230297,
B123210001556,B1(小学校),23(愛知),2(公),1(本),名古屋市立当知小学校,愛知県名古屋市港区当知３－２４０１,4550804,2020-12-22,,230298,
B123210001565,B1(小学校),23(愛知),2(公),1(本),名古屋市立福田小学校,愛知県名古屋市港区七反野一丁目１２０７番地,4550884,2020-12-22,,230299,
B123210001574,B1(小学校),23(愛知),2(公),1(本),名古屋市立正保小学校,愛知県名古屋市港区正保町５－２２,4550074,2020-12-22,,230300,
B123210001583,B1(小学校),23(愛知),2(公),1(本),名古屋市立神宮寺小学校,愛知県名古屋市港区神宮寺２－５０１,4550834,2020-12-22,,230301,
B123210001592,B1(小学校),23(愛知),2(公),1(本),名古屋市立福春小学校,愛知県名古屋市港区春田野１－２９０１,4550873,2020-12-22,,230303,
B123210001609,B1(小学校),23(愛知),2(公),1(本),名古屋市立豊田小学校,愛知県名古屋市南区豊田１－１９－２３,4570841,2020-12-22,,230311,
B123210001618,B1(小学校),23(愛知),2(公),1(本),名古屋市立明治小学校,愛知県名古屋市南区明治二丁目３番５０号,4570861,2020-12-22,,230312,
B123210001627,B1(小学校),23(愛知),2(公),1(本),名古屋市立伝馬小学校,愛知県名古屋市南区豊二丁目３８番９号,4570863,2020-12-22,,230313,
B123210001636,B1(小学校),23(愛知),2(公),1(本),名古屋市立呼続小学校,愛知県名古屋市南区呼続４－１７－１０,4570014,2020-12-22,,230314,
B123210001645,B1(小学校),23(愛知),2(公),1(本),名古屋市立白水小学校,愛知県名古屋市南区松下町２－１,4570808,2020-12-22,,230315,
B123210001654,B1(小学校),23(愛知),2(公),1(本),名古屋市立柴田小学校,愛知県名古屋市南区白水町１９,4570818,2020-12-22,,230316,
B123210001663,B1(小学校),23(愛知),2(公),1(本),名古屋市立桜小学校,愛知県名古屋市南区桜台２－１３－３８,4570005,2020-12-22,,230317,
B123210001672,B1(小学校),23(愛知),2(公),1(本),名古屋市立菊住小学校,愛知県名古屋市南区駈上１－１２－３７,4570007,2020-12-22,,230318,
B123210001681,B1(小学校),23(愛知),2(公),1(本),名古屋市立道徳小学校,愛知県名古屋市南区道徳新町５－４３,4570847,2020-12-22,,230319,
B123210001690,B1(小学校),23(愛知),2(公),1(本),名古屋市立笠寺小学校,愛知県名古屋市南区本星崎町本城７６５,4570056,2020-12-22,,230320,
B123210001707,B1(小学校),23(愛知),2(公),1(本),名古屋市立星崎小学校,愛知県名古屋市南区南野３－１６３,4570068,2020-12-22,,230321,
B123210001716,B1(小学校),23(愛知),2(公),1(本),名古屋市立大生小学校,愛知県名古屋市南区西又兵ヱ町３－７６,4570835,2020-12-22,,230322,
B123210001725,B1(小学校),23(愛知),2(公),1(本),名古屋市立宝小学校,愛知県名古屋市南区中割町２－５,4570826,2020-12-22,,230323,
B123210001734,B1(小学校),23(愛知),2(公),1(本),名古屋市立大磯小学校,愛知県名古屋市南区北内町５－１,4570049,2020-12-22,,230324,
B123210001743,B1(小学校),23(愛知),2(公),1(本),名古屋市立千鳥小学校,愛知県名古屋市南区三吉町６－１,4570805,2020-12-22,,230325,
B123210001752,B1(小学校),23(愛知),2(公),1(本),名古屋市立春日野小学校,愛知県名古屋市南区春日野町９－１,4570034,2020-12-22,,230326,
B123210001761,B1(小学校),23(愛知),2(公),1(本),名古屋市立笠東小学校,愛知県名古屋市南区芝町１１３,4570023,2020-12-22,,230327,
B123210001770,B1(小学校),23(愛知),2(公),1(本),名古屋市立宝南小学校,愛知県名古屋市南区堤起町３－４８,4570825,2020-12-22,,230328,
B123210001789,B1(小学校),23(愛知),2(公),1(本),名古屋市立守山小学校,愛知県名古屋市守山区西島町６－２７,4630015,2020-12-22,,230341,
B123210001798,B1(小学校),23(愛知),2(公),1(本),名古屋市立小幡小学校,愛知県名古屋市守山区小幡１－３－４,4630011,2020-12-22,,230342,
B123210001805,B1(小学校),23(愛知),2(公),1(本),名古屋市立廿軒家小学校,愛知県名古屋市守山区更屋敷１６番１６号,4630064,2020-12-22,,230343,
B123210001814,B1(小学校),23(愛知),2(公),1(本),名古屋市立大森小学校,愛知県名古屋市守山区大森４－４０１,4630021,2020-12-22,,230344,
B123210001823,B1(小学校),23(愛知),2(公),1(本),名古屋市立瀬古小学校,愛知県名古屋市守山区瀬古東三丁目１３０３番地,4630090,2020-12-22,,230345,
B123210001832,B1(小学校),23(愛知),2(公),1(本),名古屋市立鳥羽見小学校,愛知県名古屋市守山区鳥羽見二丁目１７番６号,4630076,2020-12-22,,230346,
B123210001841,B1(小学校),23(愛知),2(公),1(本),名古屋市立志段味東小学校,愛知県名古屋市守山区大字上志段味字道光３２３－２,4630001,2020-12-22,,230347,
B123210001850,B1(小学校),23(愛知),2(公),1(本),名古屋市立志段味西小学校,愛知県名古屋市守山区深沢２－１７７,4630811,2020-12-22,,230348,
B123210001869,B1(小学校),23(愛知),2(公),1(本),名古屋市立白沢小学校,愛知県名古屋市守山区白沢町２３３番地,4630092,2020-12-22,,230349,
B123210001878,B1(小学校),23(愛知),2(公),1(本),名古屋市立苗代小学校,愛知県名古屋市守山区苗代２－１０－６,4630046,2020-12-22,,230350,
B123210001887,B1(小学校),23(愛知),2(公),1(本),名古屋市立本地丘小学校,愛知県名古屋市守山区本地が丘９０８,4630031,2020-12-22,,230351,
B123210001896,B1(小学校),23(愛知),2(公),1(本),名古屋市立二城小学校,愛知県名古屋市守山区鳥神町２４８番地,4630088,2020-12-22,,230352,
B123210001903,B1(小学校),23(愛知),2(公),1(本),名古屋市立天子田小学校,愛知県名古屋市守山区天子田２－１５０１,4630037,2020-12-22,,230353,
B123210001912,B1(小学校),23(愛知),2(公),1(本),名古屋市立森孝東小学校,愛知県名古屋市守山区森孝東１－４４２,4630033,2020-12-22,,230354,
B123210001921,B1(小学校),23(愛知),2(公),1(本),名古屋市立森孝西小学校,愛知県名古屋市守山区森孝１－１１０８,4630035,2020-12-22,,230355,
B123210001930,B1(小学校),23(愛知),2(公),1(本),名古屋市立西城小学校,愛知県名古屋市守山区西城２－１４－３,4630084,2020-12-22,,230356,
B123210001949,B1(小学校),23(愛知),2(公),1(本),名古屋市立大森北小学校,愛知県名古屋市守山区御膳洞３２１,4630029,2020-12-22,,230357,
B123210001958,B1(小学校),23(愛知),2(公),1(本),名古屋市立小幡北小学校,愛知県名古屋市守山区小幡北１８０１,4630008,2020-12-22,,230358,
B123210001967,B1(小学校),23(愛知),2(公),1(本),名古屋市立吉根小学校,愛知県名古屋市守山区吉根１－１６０１,4630004,2020-12-22,,230359,
B123210001976,B1(小学校),23(愛知),2(公),1(本),名古屋市立下志段味小学校,愛知県名古屋市守山区桜坂一丁目１５０２番地,4630018,2020-12-22,,230360,
B123210001985,B1(小学校),23(愛知),2(公),1(本),名古屋市立鳴海小学校,愛知県名古屋市緑区鳴海町字矢切９８番地,4580801,2020-12-22,,230371,
B123210001994,B1(小学校),23(愛知),2(公),1(本),名古屋市立緑小学校,愛知県名古屋市緑区鳴海町前之輪２４,4580834,2020-12-22,,230372,
B123210002001,B1(小学校),23(愛知),2(公),1(本),名古屋市立鳴海東部小学校,愛知県名古屋市緑区平手北二丁目９０１,4580008,2020-12-22,,230373,
B123210002010,B1(小学校),23(愛知),2(公),1(本),名古屋市立東丘小学校,愛知県名古屋市緑区鳴海町字有松裏９,4580824,2020-12-22,,230374,
B123210002029,B1(小学校),23(愛知),2(公),1(本),名古屋市立平子小学校,愛知県名古屋市緑区平子が丘２３６番地,4580826,2020-12-22,,230375,
B123210002038,B1(小学校),23(愛知),2(公),1(本),名古屋市立鳴子小学校,愛知県名古屋市緑区鳴子町２－６９,4580041,2020-12-22,,230376,
B123210002047,B1(小学校),23(愛知),2(公),1(本),名古屋市立大高小学校,愛知県名古屋市緑区大高台３－２６０１,4598001,2020-12-22,,230377,
B123210002056,B1(小学校),23(愛知),2(公),1(本),名古屋市立有松小学校,愛知県名古屋市緑区有松２８０３番地,4580924,2020-12-22,,230378,
B123210002065,B1(小学校),23(愛知),2(公),1(本),名古屋市立片平小学校,愛知県名古屋市緑区鳴海町字片平１８,4580801,2020-12-22,,230379,
B123210002074,B1(小学校),23(愛知),2(公),1(本),名古屋市立太子小学校,愛知県名古屋市緑区太子２－２４２,4580823,2020-12-22,,230380,
B123210002083,B1(小学校),23(愛知),2(公),1(本),名古屋市立戸笠小学校,愛知県名古屋市緑区相川３－６０,4580011,2020-12-22,,230381,
B123210002092,B1(小学校),23(愛知),2(公),1(本),名古屋市立浦里小学校,愛知県名古屋市緑区浦里１－７７,4580847,2020-12-22,,230382,
B123210002109,B1(小学校),23(愛知),2(公),1(本),名古屋市立旭出小学校,愛知県名古屋市緑区旭出１－１０１,4580031,2020-12-22,,230383,
B123210002118,B1(小学校),23(愛知),2(公),1(本),名古屋市立黒石小学校,愛知県名古屋市緑区黒沢台２－１５３３,4580003,2020-12-22,,230384,
B123210002127,B1(小学校),23(愛知),2(公),1(本),名古屋市立長根台小学校,愛知県名古屋市緑区古鳴海２丁目１６１－１,4580047,2020-12-22,,230385,
B123210002136,B1(小学校),23(愛知),2(公),1(本),名古屋市立神の倉小学校,愛知県名古屋市緑区神の倉２－１９８,4580812,2020-12-22,,230386,
B123210002145,B1(小学校),23(愛知),2(公),1(本),名古屋市立桶狭間小学校,愛知県名古屋市緑区桶狭間巻山１９０８,4580920,2020-12-22,,230387,
B123210002154,B1(小学校),23(愛知),2(公),1(本),名古屋市立相原小学校,愛知県名古屋市緑区若田１－３０１,4580034,2020-12-22,,230388,
B123210002163,B1(小学校),23(愛知),2(公),1(本),名古屋市立桃山小学校,愛知県名古屋市緑区桃山４－３２７,4580002,2020-12-22,,230389,
B123210002172,B1(小学校),23(愛知),2(公),1(本),名古屋市立南陵小学校,愛知県名古屋市緑区桶狭間森前１３４８番地,4580910,2020-12-22,,230390,
B123210002181,B1(小学校),23(愛知),2(公),1(本),名古屋市立大高北小学校,愛知県名古屋市緑区大高町字町屋川１,4598001,2020-12-22,,230391,
B123210002190,B1(小学校),23(愛知),2(公),1(本),名古屋市立大高南小学校,愛知県名古屋市緑区南大高一丁目１００４番地,4598016,2020-12-22,,230392,
B123210002207,B1(小学校),23(愛知),2(公),1(本),名古屋市立徳重小学校,愛知県名古屋市緑区徳重２－８０１,4580815,2020-12-22,,230393,
B123210002216,B1(小学校),23(愛知),2(公),1(本),名古屋市立滝ノ水小学校,愛知県名古屋市緑区滝ノ水１－１９０１,4580021,2020-12-22,,230394,
B123210002225,B1(小学校),23(愛知),2(公),1(本),名古屋市立大清水小学校,愛知県名古屋市緑区大清水西９０１,4580806,2020-12-22,,230395,
B123210002234,B1(小学校),23(愛知),2(公),1(本),名古屋市立常安小学校,愛知県名古屋市緑区乗鞍１－２１０１,4580004,2020-12-22,,230396,
B123210002243,B1(小学校),23(愛知),2(公),1(本),名古屋市立小坂小学校,愛知県名古屋市緑区小坂１－１００１－２,4580022,2020-12-22,,230397,
B123210002252,B1(小学校),23(愛知),2(公),1(本),名古屋市立熊の前小学校,愛知県名古屋市緑区亀が洞１－９０１,4580804,2020-12-22,,230398,
B123210002261,B1(小学校),23(愛知),2(公),1(本),名古屋市立猪高小学校,愛知県名古屋市名東区丁田町３２番地,4650027,2020-12-22,,230401,
B123210002270,B1(小学校),23(愛知),2(公),1(本),名古屋市立香流小学校,愛知県名古屋市名東区香流二丁目１２０１,4650005,2020-12-22,,230402,
B123210002289,B1(小学校),23(愛知),2(公),1(本),名古屋市立高針小学校,愛知県名古屋市名東区高針２－１１０３,4650061,2020-12-22,,230403,
B123210002298,B1(小学校),23(愛知),2(公),1(本),名古屋市立西山小学校,愛知県名古屋市名東区西山本通２－３５,4650085,2020-12-22,,230404,
B123210002305,B1(小学校),23(愛知),2(公),1(本),名古屋市立名東小学校,愛知県名古屋市名東区亀の井３－１３４,4650094,2020-12-22,,230405,
B123210002314,B1(小学校),23(愛知),2(公),1(本),名古屋市立藤が丘小学校,愛知県名古屋市名東区藤が丘５４,4650032,2020-12-22,,230406,
B123210002323,B1(小学校),23(愛知),2(公),1(本),名古屋市立猪子石小学校,愛知県名古屋市名東区猪子石２－１２０１,4650021,2020-12-22,,230407,
B123210002332,B1(小学校),23(愛知),2(公),1(本),名古屋市立蓬来小学校,愛知県名古屋市名東区よもぎ台１－５０１,4650091,2020-12-22,,230408,
B123210002341,B1(小学校),23(愛知),2(公),1(本),名古屋市立梅森坂小学校,愛知県名古屋市名東区梅森坂４－２０１,4650065,2020-12-22,,230409,
B123210002350,B1(小学校),23(愛知),2(公),1(本),名古屋市立本郷小学校,愛知県名古屋市名東区本郷１丁目２３７番地,4650024,2020-12-22,,230410,
B123210002369,B1(小学校),23(愛知),2(公),1(本),名古屋市立貴船小学校,愛知県名古屋市名東区貴船３－２３０１,4650058,2020-12-22,,230411,
B123210002378,B1(小学校),23(愛知),2(公),1(本),名古屋市立上社小学校,愛知県名古屋市名東区上社五丁目１００２番地,4650025,2020-12-22,,230412,
B123210002387,B1(小学校),23(愛知),2(公),1(本),名古屋市立引山小学校,愛知県名古屋市名東区引山１－１１０５,4650002,2020-12-22,,230413,
B123210002396,B1(小学校),23(愛知),2(公),1(本),名古屋市立極楽小学校,愛知県名古屋市名東区高針台３－９０１,4650054,2020-12-22,,230414,
B123210002403,B1(小学校),23(愛知),2(公),1(本),名古屋市立平和が丘小学校,愛知県名古屋市名東区平和が丘１－１,4650097,2020-12-22,,230415,
B123210002412,B1(小学校),23(愛知),2(公),1(本),名古屋市立豊が丘小学校,愛知県名古屋市名東区豊が丘１５０１番地,4650035,2020-12-22,,230416,
B123210002421,B1(小学校),23(愛知),2(公),1(本),名古屋市立前山小学校,愛知県名古屋市名東区牧の里２－１５０１,4650068,2020-12-22,,230417,
B123210002430,B1(小学校),23(愛知),2(公),1(本),名古屋市立牧の原小学校,愛知県名古屋市名東区牧の原三丁目４０１,4650072,2020-12-22,,230418,
B123210002449,B1(小学校),23(愛知),2(公),1(本),名古屋市立北一社小学校,愛知県名古屋市名東区上菅１－１０１,4650014,2020-12-22,,230419,
B123210002458,B1(小学校),23(愛知),2(公),1(本),名古屋市立天白小学校,愛知県名古屋市天白区池場２－１１０９,4680055,2020-12-22,,230431,
B123210002467,B1(小学校),23(愛知),2(公),1(本),名古屋市立野並小学校,愛知県名古屋市天白区野並１－６０,4680045,2020-12-22,,230432,
B123210002476,B1(小学校),23(愛知),2(公),9(廃),名古屋市立高坂小学校,愛知県名古屋市天白区高坂町８９,4680025,2020-12-22,2024-05-01,230433,B123210009683
B123210002485,B1(小学校),23(愛知),2(公),1(本),名古屋市立八事東小学校,愛知県名古屋市天白区音聞山１８０１,4680063,2020-12-22,,230434,
B123210002494,B1(小学校),23(愛知),2(公),1(本),名古屋市立平針小学校,愛知県名古屋市天白区向ヶ丘１－６２０,4680012,2020-12-22,,230435,
B123210002500,B1(小学校),23(愛知),2(公),1(本),名古屋市立植田小学校,愛知県名古屋市天白区植田本町１－１２０１,4680007,2020-12-22,,230436,
B123210002519,B1(小学校),23(愛知),2(公),1(本),名古屋市立表山小学校,愛知県名古屋市天白区表山二丁目７０１,4680069,2020-12-22,,230437,
B123210002528,B1(小学校),23(愛知),2(公),9(廃),名古屋市立しまだ小学校,愛知県名古屋市天白区御前場町３５１,4680023,2020-12-22,2024-05-01,230438,B123210009683
B123210002537,B1(小学校),23(愛知),2(公),1(本),名古屋市立山根小学校,愛知県名古屋市天白区山根町１８９,4680038,2020-12-22,,230439,
B123210002546,B1(小学校),23(愛知),2(公),1(本),名古屋市立平針南小学校,愛知県名古屋市天白区平針南四丁目４０２番地,4680020,2020-12-22,,230440,
B123210002555,B1(小学校),23(愛知),2(公),1(本),名古屋市立相生小学校,愛知県名古屋市天白区境根町３６,4680035,2020-12-22,,230441,
B123210002564,B1(小学校),23(愛知),2(公),1(本),名古屋市立大坪小学校,愛知県名古屋市天白区大坪２－１６０１,4680072,2020-12-22,,230442,
B123210002573,B1(小学校),23(愛知),2(公),1(本),名古屋市立原小学校,愛知県名古屋市天白区原５－６０１,4680015,2020-12-22,,230443,
B123210002582,B1(小学校),23(愛知),2(公),1(本),名古屋市立植田南小学校,愛知県名古屋市天白区植田３－３０１,4680051,2020-12-22,,230444,
B123210002591,B1(小学校),23(愛知),2(公),1(本),名古屋市立平針北小学校,愛知県名古屋市天白区平針１－５０１,4680011,2020-12-22,,230445,
B123210002608,B1(小学校),23(愛知),2(公),1(本),名古屋市立植田北小学校,愛知県名古屋市天白区焼山２－１３０２,4680002,2020-12-22,,230446,
B123210002617,B1(小学校),23(愛知),2(公),1(本),名古屋市立植田東小学校,愛知県名古屋市天白区植田東３－１００３－１,4680006,2020-12-22,,230447,
B123210002626,B1(小学校),23(愛知),2(公),1(本),豊橋市立岩田小学校,愛知県豊橋市中岩田４丁目１－２,4400832,2020-12-22,,230501,
B123210002635,B1(小学校),23(愛知),2(公),1(本),豊橋市立東田小学校,愛知県豊橋市仁連木町１５,4400065,2020-12-22,,230502,
B123210002644,B1(小学校),23(愛知),2(公),1(本),豊橋市立八町小学校,愛知県豊橋市八町通五丁目５,4400806,2020-12-22,,230503,
B123210002653,B1(小学校),23(愛知),2(公),1(本),豊橋市立松葉小学校,愛知県豊橋市大橋通三丁目１０７番地,4400076,2020-12-22,,230504,
B123210002662,B1(小学校),23(愛知),2(公),1(本),豊橋市立花田小学校,愛知県豊橋市西羽田町２４７,4418081,2020-12-22,,230505,
B123210002671,B1(小学校),23(愛知),2(公),1(本),豊橋市立松山小学校,愛知県豊橋市西松山町４２,4400876,2020-12-22,,230506,
B123210002680,B1(小学校),23(愛知),2(公),1(本),豊橋市立新川小学校,愛知県豊橋市前田中町８－２３,4400872,2020-12-22,,230507,
B123210002699,B1(小学校),23(愛知),2(公),1(本),豊橋市立羽根井小学校,愛知県豊橋市羽根井本町１３１番地,4418029,2020-12-22,,230508,
B123210002706,B1(小学校),23(愛知),2(公),1(本),豊橋市立下地小学校,愛知県豊橋市下地町字宮前６８,4400086,2020-12-22,,230509,
B123210002715,B1(小学校),23(愛知),2(公),1(本),豊橋市立大村小学校,愛知県豊橋市大村町字地之神９番地,4400081,2020-12-22,,230510,
B123210002724,B1(小学校),23(愛知),2(公),1(本),豊橋市立津田小学校,愛知県豊橋市横須賀町宮元３－１,4400093,2020-12-22,,230511,
B123210002733,B1(小学校),23(愛知),2(公),1(本),豊橋市立牟呂小学校,愛知県豊橋市牟呂中村町１－４,4418093,2020-12-22,,230512,
B123210002742,B1(小学校),23(愛知),2(公),1(本),豊橋市立吉田方小学校,愛知県豊橋市吉川町１１８,4418002,2020-12-22,,230513,
B123210002751,B1(小学校),23(愛知),2(公),1(本),豊橋市立高師小学校,愛知県豊橋市上野町上原１００番地,4418157,2020-12-22,,230514,
B123210002760,B1(小学校),23(愛知),2(公),1(本),豊橋市立福岡小学校,愛知県豊橋市橋良町平野１－１,4418063,2020-12-22,,230515,
B123210002779,B1(小学校),23(愛知),2(公),1(本),豊橋市立磯辺小学校,愛知県豊橋市駒形町字丸山６１番地,4418145,2020-12-22,,230516,
B123210002788,B1(小学校),23(愛知),2(公),1(本),豊橋市立大崎小学校,愛知県豊橋市大崎町字西里中２０番地の１,4418073,2020-12-22,,230517,
B123210002797,B1(小学校),23(愛知),2(公),1(本),豊橋市立野依小学校,愛知県豊橋市野依町字諏訪１２５,4418124,2020-12-22,,230518,
B123210002804,B1(小学校),23(愛知),2(公),1(本),豊橋市立植田小学校,愛知県豊橋市植田町字池堀田１５,4418134,2020-12-22,,230519,
B123210002813,B1(小学校),23(愛知),2(公),1(本),豊橋市立牛川小学校,愛知県豊橋市牛川町中郷６－１,4400016,2020-12-22,,230520,
B123210002822,B1(小学校),23(愛知),2(公),1(本),豊橋市立下条小学校,愛知県豊橋市下条東町字西浦４１,4400002,2020-12-22,,230521,
B123210002831,B1(小学校),23(愛知),2(公),1(本),豊橋市立多米小学校,愛知県豊橋市多米中町２－２７－１,4400027,2020-12-22,,230522,
B123210002840,B1(小学校),23(愛知),2(公),1(本),豊橋市立岩西小学校,愛知県豊橋市西口町字西ノ口２５番地の４,4400841,2020-12-22,,230523,
B123210002859,B1(小学校),23(愛知),2(公),1(本),豊橋市立旭小学校,愛知県豊橋市旭町字旭４０９,4400057,2020-12-22,,230524,
B123210002868,B1(小学校),23(愛知),2(公),1(本),豊橋市立栄小学校,愛知県豊橋市北山町東浦４６－４,4418105,2020-12-22,,230525,
B123210002877,B1(小学校),23(愛知),2(公),1(本),豊橋市立天伯小学校,愛知県豊橋市天伯町字高田山１３６－１,4418122,2020-12-22,,230526,
B123210002886,B1(小学校),23(愛知),2(公),1(本),豊橋市立大清水小学校,愛知県豊橋市南大清水町元町７８,4418132,2020-12-22,,230527,
B123210002895,B1(小学校),23(愛知),2(公),1(本),豊橋市立向山小学校,愛知県豊橋市向山西町５－１,4400861,2020-12-22,,230528,
B123210002902,B1(小学校),23(愛知),2(公),1(本),豊橋市立前芝小学校,愛知県豊橋市前芝町字西堤３０番地,4410152,2020-12-22,,230529,
B123210002911,B1(小学校),23(愛知),2(公),1(本),豊橋市立西郷小学校,愛知県豊橋市石巻萩平町字城脇１６４－２,4411103,2020-12-22,,230530,
B123210002920,B1(小学校),23(愛知),2(公),1(本),豊橋市立玉川小学校,愛知県豊橋市石巻本町字野添１０番地,4411115,2020-12-22,,230531,
B123210002939,B1(小学校),23(愛知),2(公),1(本),豊橋市立嵩山小学校,愛知県豊橋市嵩山町字宮下７８－１,4411111,2020-12-22,,230532,
B123210002948,B1(小学校),23(愛知),2(公),1(本),豊橋市立石巻小学校,愛知県豊橋市石巻町西浦１６番地,4411112,2020-12-22,,230533,
B123210002957,B1(小学校),23(愛知),2(公),1(本),豊橋市立谷川小学校,愛知県豊橋市中原町字東ノ谷１番地の３,4413106,2020-12-22,,230534,
B123210002966,B1(小学校),23(愛知),2(公),1(本),豊橋市立小沢小学校,愛知県豊橋市小島町字荒巻８１－１,4413122,2020-12-22,,230535,
B123210002975,B1(小学校),23(愛知),2(公),1(本),豊橋市立細谷小学校,愛知県豊橋市細谷町字中ノ島４７番地の１,4413113,2020-12-22,,230536,
B123210002984,B1(小学校),23(愛知),2(公),1(本),豊橋市立二川小学校,愛知県豊橋市二川町字北裏８０,4413151,2020-12-22,,230537,
B123210002993,B1(小学校),23(愛知),2(公),1(本),豊橋市立豊南小学校,愛知県豊橋市東赤沢町西横根１３０,4413212,2020-12-22,,230538,
B123210003000,B1(小学校),23(愛知),2(公),1(本),豊橋市立高根小学校,愛知県豊橋市西七根町字北浜辺１４７－１,4413202,2020-12-22,,230539,
B123210003019,B1(小学校),23(愛知),2(公),1(本),豊橋市立老津小学校,愛知県豊橋市老津町字宮脇１５番地の４,4413301,2020-12-22,,230540,
B123210003028,B1(小学校),23(愛知),2(公),1(本),豊橋市立杉山小学校,愛知県豊橋市杉山町字御園９－４,4413302,2020-12-22,,230541,
B123210003037,B1(小学校),23(愛知),2(公),1(本),豊橋市立賀茂小学校,愛知県豊橋市賀茂町字森信２４,4411101,2020-12-22,,230542,
B123210003046,B1(小学校),23(愛知),2(公),1(本),豊橋市立幸小学校,愛知県豊橋市西幸町笠松１８３,4418113,2020-12-22,,230543,
B123210003055,B1(小学校),23(愛知),2(公),1(本),豊橋市立鷹丘小学校,愛知県豊橋市西小鷹野３ー７－１,4400013,2020-12-22,,230544,
B123210003064,B1(小学校),23(愛知),2(公),1(本),豊橋市立豊小学校,愛知県豊橋市西岩田５－６－１,4400831,2020-12-22,,230545,
B123210003073,B1(小学校),23(愛知),2(公),1(本),豊橋市立芦原小学校,愛知県豊橋市芦原町嵩山地４２－１,4418155,2020-12-22,,230546,
B123210003082,B1(小学校),23(愛知),2(公),1(本),豊橋市立飯村小学校,愛知県豊橋市飯村南４－６－４,4400835,2020-12-22,,230547,
B123210003091,B1(小学校),23(愛知),2(公),1(本),豊橋市立富士見小学校,愛知県豊橋市富士見台２－１－５,4418135,2020-12-22,,230548,
B123210003108,B1(小学校),23(愛知),2(公),1(本),豊橋市立中野小学校,愛知県豊橋市橋良町向山６－４,4418063,2020-12-22,,230549,
B123210003117,B1(小学校),23(愛知),2(公),1(本),豊橋市立二川南小学校,愛知県豊橋市大岩町字前荒田１４５番地の２,4413147,2020-12-22,,230550,
B123210003126,B1(小学校),23(愛知),2(公),1(本),豊橋市立汐田小学校,愛知県豊橋市牟呂町字北汐田５０－１,4418087,2020-12-22,,230551,
B123210003135,B1(小学校),23(愛知),2(公),1(本),豊橋市立つつじが丘小学校,愛知県豊橋市佐藤五丁目１６－１,4400853,2020-12-22,,230552,
B123210003144,B1(小学校),23(愛知),2(公),1(本),岡崎市立梅園小学校,愛知県岡崎市稲熊町字４丁目６８番地１,4440071,2020-12-22,,230581,
B123210003153,B1(小学校),23(愛知),2(公),1(本),岡崎市立根石小学校,愛知県岡崎市欠町字石ケ崎１番地２,4440011,2020-12-22,,230582,
B123210003162,B1(小学校),23(愛知),2(公),1(本),岡崎市立男川小学校,愛知県岡崎市大平町字中道１７番地,4440007,2020-12-22,,230583,
B123210003171,B1(小学校),23(愛知),2(公),1(本),岡崎市立美合小学校,愛知県岡崎市岡町字南石原３０番地,4440005,2020-12-22,,230584,
B123210003180,B1(小学校),23(愛知),2(公),1(本),岡崎市立緑丘小学校,愛知県岡崎市美合町字沢渡１２番地,4440802,2020-12-22,,230615,
B123210003199,B1(小学校),23(愛知),2(公),1(本),岡崎市立羽根小学校,愛知県岡崎市羽根町字池脇２４番地２,4440813,2020-12-22,,230585,
B123210003206,B1(小学校),23(愛知),2(公),1(本),岡崎市立岡崎小学校,愛知県岡崎市針崎町字フロ１番地,4440827,2020-12-22,,230586,
B123210003215,B1(小学校),23(愛知),2(公),1(本),岡崎市立六名小学校,愛知県岡崎市六名三丁目２番地１,4440856,2020-12-22,,230587,
B123210003224,B1(小学校),23(愛知),2(公),1(本),岡崎市立三島小学校,愛知県岡崎市明大寺町字池上１番地,4440864,2020-12-22,,230588,
B123210003233,B1(小学校),23(愛知),2(公),1(本),岡崎市立竜美丘小学校,愛知県岡崎市竜美台一丁目１番地,4440873,2020-12-22,,230617,
B123210003242,B1(小学校),23(愛知),2(公),1(本),岡崎市立連尺小学校,愛知県岡崎市城北町４番地,4440064,2020-12-22,,230589,
B123210003251,B1(小学校),23(愛知),2(公),1(本),岡崎市立広幡小学校,愛知県岡崎市広幡町１１番地１,4440066,2020-12-22,,230590,
B123210003260,B1(小学校),23(愛知),2(公),1(本),岡崎市立井田小学校,愛知県岡崎市井田町字茨坪４番地３,4440077,2020-12-22,,230591,
B123210003279,B1(小学校),23(愛知),2(公),1(本),岡崎市立愛宕小学校,愛知県岡崎市伊賀町字愛宕山１番地,4440075,2020-12-22,,230592,
B123210003288,B1(小学校),23(愛知),2(公),1(本),岡崎市立福岡小学校,愛知県岡崎市福岡町字西市仲３番地,4440825,2020-12-22,,230593,
B123210003297,B1(小学校),23(愛知),2(公),1(本),岡崎市立竜谷小学校,愛知県岡崎市竜泉寺町字松本３４番地４,4443524,2020-12-22,,230594,
B123210003304,B1(小学校),23(愛知),2(公),1(本),岡崎市立藤川小学校,愛知県岡崎市藤川町字西町北４４番地,4443523,2020-12-22,,230595,
B123210003313,B1(小学校),23(愛知),2(公),1(本),岡崎市立山中小学校,愛知県岡崎市舞木町字天神越１番地,4443511,2020-12-22,,230596,
B123210003322,B1(小学校),23(愛知),2(公),1(本),岡崎市立本宿小学校,愛知県岡崎市本宿町字三本松入１４番地１,4443505,2020-12-22,,230597,
B123210003331,B1(小学校),23(愛知),2(公),1(本),岡崎市立生平小学校,愛知県岡崎市生平町字鶸場２５番地１,4443334,2020-12-22,,230598,
B123210003340,B1(小学校),23(愛知),2(公),1(本),岡崎市立秦梨小学校,愛知県岡崎市秦梨町字世土田２番地,4443343,2020-12-22,,230599,
B123210003359,B1(小学校),23(愛知),2(公),1(本),岡崎市立常磐南小学校,愛知県岡崎市田口町字岩本１２番地４,4443172,2020-12-22,,230600,
B123210003368,B1(小学校),23(愛知),2(公),1(本),岡崎市立常磐東小学校,愛知県岡崎市米河内町字惣作３２番地,4443167,2020-12-22,,230601,
B123210003377,B1(小学校),23(愛知),2(公),1(本),岡崎市立常磐小学校,愛知県岡崎市滝町字入ノ谷３番地４,4443173,2020-12-22,,230602,
B123210003386,B1(小学校),23(愛知),2(公),1(本),岡崎市立恵田小学校,愛知県岡崎市恵田町三月ケ入７１番地１,4442107,2020-12-22,,230603,
B123210003395,B1(小学校),23(愛知),2(公),1(本),岡崎市立奥殿小学校,愛知県岡崎市奥殿町字仲西７３番地２,4442108,2020-12-22,,230604,
B123210003402,B1(小学校),23(愛知),2(公),1(本),岡崎市立細川小学校,愛知県岡崎市細川町字石田４５番地,4442149,2020-12-22,,230605,
B123210003411,B1(小学校),23(愛知),2(公),1(本),岡崎市立岩津小学校,愛知県岡崎市岩津町字申堂２４番地２,4442144,2020-12-22,,230606,
B123210003420,B1(小学校),23(愛知),2(公),1(本),岡崎市立大樹寺小学校,愛知県岡崎市鴨田町字広元３１番地,4442121,2020-12-22,,230607,
B123210003439,B1(小学校),23(愛知),2(公),1(本),岡崎市立大門小学校,愛知県岡崎市大門四丁目４番地１,4442135,2020-12-22,,230616,
B123210003448,B1(小学校),23(愛知),2(公),1(本),岡崎市立矢作東小学校,愛知県岡崎市矢作町字切戸２８番地,4440943,2020-12-22,,230608,
B123210003457,B1(小学校),23(愛知),2(公),1(本),岡崎市立矢作北小学校,愛知県岡崎市橋目町字西遠山９番地２,4440908,2020-12-22,,230609,
B123210003466,B1(小学校),23(愛知),2(公),1(本),岡崎市立矢作西小学校,愛知県岡崎市字頭町字長合４０番地,4440905,2020-12-22,,230610,
B123210003475,B1(小学校),23(愛知),2(公),1(本),岡崎市立矢作南小学校,愛知県岡崎市大和町字西島１３番地,4440931,2020-12-22,,230611,
B123210003484,B1(小学校),23(愛知),2(公),1(本),岡崎市立六ツ美中部小学校,愛知県岡崎市下青野町字井戸尻７１番地,4440244,2020-12-22,,230612,
B123210003493,B1(小学校),23(愛知),2(公),1(本),岡崎市立六ツ美北部小学校,愛知県岡崎市土井町字炭焼２番地,4440204,2020-12-22,,230613,
B123210003509,B1(小学校),23(愛知),2(公),1(本),岡崎市立六ツ美南部小学校,愛知県岡崎市中島町字下井ノ上９番地１,4440226,2020-12-22,,230614,
B123210003518,B1(小学校),23(愛知),2(公),1(本),岡崎市立城南小学校,愛知県岡崎市城南町一丁目１１番地,4440835,2020-12-22,,230618,
B123210003527,B1(小学校),23(愛知),2(公),1(本),岡崎市立上地小学校,愛知県岡崎市上地三丁目３１番地,4440823,2020-12-22,,230619,
B123210003536,B1(小学校),23(愛知),2(公),1(本),岡崎市立小豆坂小学校,愛知県岡崎市戸崎町字藤狭１３番地５,4440841,2020-12-22,,230620,
B123210003545,B1(小学校),23(愛知),2(公),1(本),岡崎市立北野小学校,愛知県岡崎市北野町字山下１番地１,4440951,2020-12-22,,230621,
B123210003554,B1(小学校),23(愛知),2(公),1(本),岡崎市立六ツ美西部小学校,愛知県岡崎市赤渋町字道本３３番地,4440241,2020-12-22,,230622,
B123210003563,B1(小学校),23(愛知),2(公),1(本),岡崎市立豊富小学校,愛知県岡崎市樫山町字西之沢３番地,4443622,2020-12-22,,232002,
B123210003572,B1(小学校),23(愛知),2(公),1(本),岡崎市立夏山小学校,愛知県岡崎市夏山町字細田７番地１,4443621,2020-12-22,,232001,
B123210003581,B1(小学校),23(愛知),2(公),1(本),岡崎市立宮崎小学校,愛知県岡崎市石原町字古城９番地,4443601,2020-12-22,,232005,
B123210003590,B1(小学校),23(愛知),2(公),1(本),岡崎市立形埜小学校,愛知県岡崎市桜形町字中嶋１３番地,4443435,2020-12-22,,232007,
B123210003607,B1(小学校),23(愛知),2(公),1(本),岡崎市立下山小学校,愛知県岡崎市保久町字市場１６番地,4443442,2020-12-22,,232008,
B123210003616,B1(小学校),23(愛知),2(公),1(本),一宮市立宮西小学校,愛知県一宮市大宮４－５－３３,4910044,2020-12-22,,230651,
B123210003625,B1(小学校),23(愛知),2(公),1(本),一宮市立貴船小学校,愛知県一宮市貴船１丁目８番４６号,4910037,2020-12-22,,230652,
B123210003634,B1(小学校),23(愛知),2(公),1(本),一宮市立神山小学校,愛知県一宮市平和２－１２－７,4910905,2020-12-22,,230653,
B123210003643,B1(小学校),23(愛知),2(公),1(本),一宮市立大志小学校,愛知県一宮市大志２－７－６,4910852,2020-12-22,,230654,
B123210003652,B1(小学校),23(愛知),2(公),1(本),一宮市立向山小学校,愛知県一宮市向山町３－１,4910869,2020-12-22,,230655,
B123210003661,B1(小学校),23(愛知),2(公),1(本),一宮市立葉栗小学校,愛知県一宮市大毛字南出３０,4910132,2020-12-22,,230656,
B123210003670,B1(小学校),23(愛知),2(公),1(本),一宮市立西成小学校,愛知県一宮市西大海道字障子目３０,4910005,2020-12-22,,230658,
B123210003689,B1(小学校),23(愛知),2(公),1(本),一宮市立瀬部小学校,愛知県一宮市大字瀬部川原５５,4910001,2020-12-22,,230659,
B123210003698,B1(小学校),23(愛知),2(公),1(本),一宮市立赤見小学校,愛知県一宮市大赤見字清水２４６７番地,4910015,2020-12-22,,230660,
B123210003705,B1(小学校),23(愛知),2(公),1(本),一宮市立浅野小学校,愛知県一宮市浅野野口９５,4910871,2020-12-22,,230661,
B123210003714,B1(小学校),23(愛知),2(公),1(本),一宮市立丹陽小学校,愛知県一宮市三ツ井５－２２－１,4910827,2020-12-22,,230662,
B123210003723,B1(小学校),23(愛知),2(公),1(本),一宮市立丹陽西小学校,愛知県一宮市多加木１－１７－１,4910837,2020-12-22,,230663,
B123210003732,B1(小学校),23(愛知),2(公),1(本),一宮市立丹陽南小学校,愛知県一宮市丹陽町九日市場２６６６,4910824,2020-12-22,,230664,
B123210003741,B1(小学校),23(愛知),2(公),1(本),一宮市立浅井南小学校,愛知県一宮市浅井町東浅井字地蔵３８６,4910112,2020-12-22,,230665,
B123210003750,B1(小学校),23(愛知),2(公),1(本),一宮市立浅井北小学校,愛知県一宮市浅井町大野字南土山７５,4910143,2020-12-22,,230666,
B123210003769,B1(小学校),23(愛知),2(公),1(本),一宮市立北方小学校,愛知県一宮市北方町北方字宮浦４３,4938001,2020-12-22,,230667,
B123210003778,B1(小学校),23(愛知),2(公),1(本),一宮市立大和東小学校,愛知県一宮市大和町戸塚字薬師浦３２０,4910927,2020-12-22,,230668,
B123210003787,B1(小学校),23(愛知),2(公),1(本),一宮市立大和西小学校,愛知県一宮市大和町苅安賀字東北出３２４８,4910934,2020-12-22,,230669,
B123210003796,B1(小学校),23(愛知),2(公),1(本),一宮市立今伊勢小学校,愛知県一宮市今伊勢町新神戸字乾２６,4910052,2020-12-22,,230670,
B123210003803,B1(小学校),23(愛知),2(公),1(本),一宮市立奥小学校,愛知県一宮市奥町貴船前２４,4910201,2020-12-22,,230671,
B123210003812,B1(小学校),23(愛知),2(公),1(本),一宮市立萩原小学校,愛知県一宮市萩原町萩原字河原崎１５４４,4910353,2020-12-22,,230672,
B123210003821,B1(小学校),23(愛知),2(公),1(本),一宮市立中島小学校,愛知県一宮市萩原町西宮重字中光堂８５０番地,4910362,2020-12-22,,230673,
B123210003830,B1(小学校),23(愛知),2(公),1(本),一宮市立千秋小学校,愛知県一宮市千秋町佐野字北浦１３６,4910804,2020-12-22,,230674,
B123210003849,B1(小学校),23(愛知),2(公),1(本),一宮市立千秋南小学校,愛知県一宮市千秋町小山１３２９,4910814,2020-12-22,,230675,
B123210003858,B1(小学校),23(愛知),2(公),1(本),一宮市立富士小学校,愛知県一宮市富士２－５－１４,4910024,2020-12-22,,230676,
B123210003867,B1(小学校),23(愛知),2(公),1(本),一宮市立末広小学校,愛知県一宮市末広２－２０－１,4910918,2020-12-22,,230677,
B123210003876,B1(小学校),23(愛知),2(公),1(本),一宮市立西成東小学校,愛知県一宮市春明字中切１,4910003,2020-12-22,,230678,
B123210003885,B1(小学校),23(愛知),2(公),1(本),一宮市立今伊勢西小学校,愛知県一宮市今伊勢町馬寄字西平４－１,4910051,2020-12-22,,230679,
B123210003894,B1(小学校),23(愛知),2(公),1(本),一宮市立葉栗北小学校,愛知県一宮市光明寺字畳手５５番地,4910135,2020-12-22,,230680,
B123210003901,B1(小学校),23(愛知),2(公),1(本),一宮市立大和南小学校,愛知県一宮市大和町戸塚連田１－２,4910927,2020-12-22,,230681,
B123210003910,B1(小学校),23(愛知),2(公),1(本),一宮市立浅井中小学校,愛知県一宮市浅井町大日比野字東若栗６１番地,4910105,2020-12-22,,230682,
B123210003929,B1(小学校),23(愛知),2(公),1(本),一宮市立千秋東小学校,愛知県一宮市千秋町加納馬場字松下５４番地,4910811,2020-12-22,,230683,
B123210003938,B1(小学校),23(愛知),2(公),1(本),一宮市立起小学校,愛知県一宮市起字西生出３５,4940006,2020-12-22,,231172,
B123210003947,B1(小学校),23(愛知),2(公),1(本),一宮市立三条小学校,愛知県一宮市三条字苅１６番地,4940003,2020-12-22,,231173,
B123210003956,B1(小学校),23(愛知),2(公),1(本),一宮市立小信中島小学校,愛知県一宮市小信中島字南平口５９番地,4940007,2020-12-22,,231174,
B123210003965,B1(小学校),23(愛知),2(公),1(本),一宮市立朝日東小学校,愛知県一宮市明地字江端８,4940012,2020-12-22,,231175,
B123210003974,B1(小学校),23(愛知),2(公),1(本),一宮市立朝日西小学校,愛知県一宮市上祖父江字高須賀１８,4940014,2020-12-22,,231176,
B123210003983,B1(小学校),23(愛知),2(公),1(本),一宮市立開明小学校,愛知県一宮市開明字城堀２０,4940001,2020-12-22,,231171,
B123210003992,B1(小学校),23(愛知),2(公),1(本),一宮市立大徳小学校,愛知県一宮市西五城字荒子中切２６－１,4940005,2020-12-22,,231177,
B123210004009,B1(小学校),23(愛知),2(公),1(本),一宮市立黒田小学校,愛知県一宮市木曽川町黒田字古城２６番地２,4930001,2020-12-22,,231651,
B123210004018,B1(小学校),23(愛知),2(公),1(本),一宮市立木曽川西小学校,愛知県一宮市木曽川町玉ノ井字道路寺７－３,4930004,2020-12-22,,231652,
B123210004027,B1(小学校),23(愛知),2(公),1(本),一宮市立木曽川東小学校,愛知県一宮市木曽川町黒田八ノ通り１４１番地１,4930001,2020-12-22,,231653,
B123210004036,B1(小学校),23(愛知),2(公),1(本),瀬戸市立陶原小学校,愛知県瀬戸市原山町１‐３,4890889,2020-12-22,,230711,
B123210004045,B1(小学校),23(愛知),2(公),1(本),瀬戸市立效範小学校,愛知県瀬戸市效範町１－１,4890917,2020-12-22,,230715,
B123210004054,B1(小学校),23(愛知),2(公),1(本),瀬戸市立水野小学校,愛知県瀬戸市小田妻２－２２,4890067,2020-12-22,,230718,
B123210004063,B1(小学校),23(愛知),2(公),1(本),瀬戸市立水南小学校,愛知県瀬戸市東松山町１５４番地,4890069,2020-12-22,,230719,
B123210004072,B1(小学校),23(愛知),2(公),1(本),瀬戸市立幡山東小学校,愛知県瀬戸市八幡町４５５番地,4890862,2020-12-22,,230720,
B123210004081,B1(小学校),23(愛知),2(公),1(本),瀬戸市立幡山西小学校,愛知県瀬戸市幡西町２０３,4890938,2020-12-22,,230721,
B123210004090,B1(小学校),23(愛知),2(公),1(本),瀬戸市立下品野小学校,愛知県瀬戸市品野町６－２２３,4801207,2020-12-22,,230722,
B123210004107,B1(小学校),23(愛知),2(公),1(本),瀬戸市立品野台小学校,愛知県瀬戸市上品野町１２３４,4801214,2020-12-22,,230723,
B123210004116,B1(小学校),23(愛知),2(公),1(本),瀬戸市立掛川小学校,愛知県瀬戸市下半田川町５９２－４１,4801202,2020-12-22,,230724,
B123210004125,B1(小学校),23(愛知),2(公),1(本),瀬戸市立長根小学校,愛知県瀬戸市東長根町１６６,4890871,2020-12-22,,230725,
B123210004134,B1(小学校),23(愛知),2(公),9(廃),瀬戸市立原山小学校,愛知県瀬戸市原山台３－９８,4890888,2020-12-22,2026-05-01,230726,B123210009692
B123210004143,B1(小学校),23(愛知),2(公),1(本),瀬戸市立東山小学校,愛知県瀬戸市東山町７１,4890988,2020-12-22,,230727,
B123210004152,B1(小学校),23(愛知),2(公),9(廃),瀬戸市立萩山小学校,愛知県瀬戸市萩山台２－２２,4890886,2020-12-22,2026-05-01,230728,B123210009692
B123210004161,B1(小学校),23(愛知),2(公),9(廃),瀬戸市立八幡小学校,愛知県瀬戸市八幡台３丁目１番地,4890861,2020-12-22,2026-05-01,230729,B123210009692
B123210004170,B1(小学校),23(愛知),2(公),1(本),瀬戸市立西陵小学校,愛知県瀬戸市すみれ台１－７７,4890904,2020-12-22,,230730,
B123210004189,B1(小学校),23(愛知),2(公),1(本),瀬戸市立にじの丘小学校,愛知県瀬戸市中山町１番地５７,4890835,2020-12-22,,230731,
B123210004198,B1(小学校),23(愛知),2(公),1(本),半田市立半田小学校,愛知県半田市勘内町１,4750877,2020-12-22,,230751,
B123210004205,B1(小学校),23(愛知),2(公),1(本),半田市立さくら小学校,愛知県半田市東洋町一丁目１２番地の１,4750817,2020-12-22,,230764,
B123210004214,B1(小学校),23(愛知),2(公),1(本),半田市立岩滑小学校,愛知県半田市岩滑高山町５－５５,4750962,2020-12-22,,230752,
B123210004223,B1(小学校),23(愛知),2(公),1(本),半田市立雁宿小学校,愛知県半田市清城町１－５－２,4750917,2020-12-22,,230760,
B123210004232,B1(小学校),23(愛知),2(公),1(本),半田市立乙川小学校,愛知県半田市乙川北側町１－１,4750047,2020-12-22,,230753,
B123210004241,B1(小学校),23(愛知),2(公),1(本),半田市立横川小学校,愛知県半田市大伝根町１－１１－１,4750071,2020-12-22,,230763,
B123210004250,B1(小学校),23(愛知),2(公),1(本),半田市立乙川東小学校,愛知県半田市花田町３－１,4750088,2020-12-22,,230754,
B123210004269,B1(小学校),23(愛知),2(公),1(本),半田市立亀崎小学校,愛知県半田市亀崎月見町３－１０,4750022,2020-12-22,,230755,
B123210004278,B1(小学校),23(愛知),2(公),1(本),半田市立有脇小学校,愛知県半田市有脇町６－３７,4750017,2020-12-22,,230756,
B123210004287,B1(小学校),23(愛知),2(公),1(本),半田市立成岩小学校,愛知県半田市成岩本町２－１,4750848,2020-12-22,,230757,
B123210004296,B1(小学校),23(愛知),2(公),1(本),半田市立宮池小学校,愛知県半田市南二ツ坂町２－１－１,4750926,2020-12-22,,230761,
B123210004303,B1(小学校),23(愛知),2(公),1(本),半田市立板山小学校,愛知県半田市四方木町３７－１,4750939,2020-12-22,,230759,
B123210004312,B1(小学校),23(愛知),2(公),2(分),半田市立板山小学校ならわ学園分校,愛知県半田市鴉根町３－４０－１,4750932,2020-12-22,,230762,
B123210004321,B1(小学校),23(愛知),2(公),1(本),半田市立花園小学校,愛知県半田市花園町３－５－１,4750833,2020-12-22,,230758,
B123210004330,B1(小学校),23(愛知),2(公),1(本),春日井市立味美小学校,愛知県春日井市味美町３－４１,4860968,2020-12-22,,230781,
B123210004349,B1(小学校),23(愛知),2(公),1(本),春日井市立白山小学校,愛知県春日井市味美白山町２－３－１,4860969,2020-12-22,,230782,
B123210004358,B1(小学校),23(愛知),2(公),1(本),春日井市立勝川小学校,愛知県春日井市若草通２－１－１,4860914,2020-12-22,,230783,
B123210004367,B1(小学校),23(愛知),2(公),1(本),春日井市立春日井小学校,愛知県春日井市宮町字宮町３番地,4860904,2020-12-22,,230784,
B123210004376,B1(小学校),23(愛知),2(公),1(本),春日井市立篠木小学校,愛知県春日井市篠木町５－１３１３－３,4860851,2020-12-22,,230785,
B123210004385,B1(小学校),23(愛知),2(公),1(本),春日井市立鷹来小学校,愛知県春日井市田楽町１８４５,4860808,2020-12-22,,230786,
B123210004394,B1(小学校),23(愛知),2(公),1(本),春日井市立牛山小学校,愛知県春日井市牛山町２１５０,4860901,2020-12-22,,230787,
B123210004401,B1(小学校),23(愛知),2(公),1(本),春日井市立鳥居松小学校,愛知県春日井市月見町４５,4860835,2020-12-22,,230788,
B123210004410,B1(小学校),23(愛知),2(公),1(本),春日井市立小野小学校,愛知県春日井市小野町５－７０,4860926,2020-12-22,,230789,
B123210004429,B1(小学校),23(愛知),2(公),1(本),春日井市立八幡小学校,愛知県春日井市春見町２３－２,4860837,2020-12-22,,230790,
B123210004438,B1(小学校),23(愛知),2(公),1(本),春日井市立坂下小学校,愛知県春日井市坂下町５－３２４,4800305,2020-12-22,,230791,
B123210004447,B1(小学校),23(愛知),2(公),1(本),春日井市立西尾小学校,愛知県春日井市西尾町６－６,4800302,2020-12-22,,230792,
B123210004456,B1(小学校),23(愛知),2(公),1(本),春日井市立高座小学校,愛知県春日井市高蔵寺町北４－７７７－１,4870016,2020-12-22,,230793,
B123210004465,B1(小学校),23(愛知),2(公),1(本),春日井市立不二小学校,愛知県春日井市出川町３－１４－１,4870025,2020-12-22,,230794,
B123210004474,B1(小学校),23(愛知),2(公),1(本),春日井市立玉川小学校,愛知県春日井市玉野町１６８７,4870004,2020-12-22,,230795,
B123210004483,B1(小学校),23(愛知),2(公),1(本),春日井市立藤山台小学校,愛知県春日井市藤山台３－２,4870035,2020-12-22,,230796,
B123210004492,B1(小学校),23(愛知),2(公),1(本),春日井市立神領小学校,愛知県春日井市神領町１丁目１番地８,4860821,2020-12-22,,230797,
B123210004508,B1(小学校),23(愛知),2(公),1(本),春日井市立山王小学校,愛知県春日井市勝川新町１－４９,4860941,2020-12-22,,230798,
B123210004517,B1(小学校),23(愛知),2(公),1(本),春日井市立松原小学校,愛知県春日井市東野町１－９,4860817,2020-12-22,,230800,
B123210004526,B1(小学校),23(愛知),2(公),1(本),春日井市立岩成台小学校,愛知県春日井市岩成台６－３,4870033,2020-12-22,,230801,
B123210004535,B1(小学校),23(愛知),2(公),1(本),春日井市立西山小学校,愛知県春日井市西山町１５７５－６,4860803,2020-12-22,,230802,
B123210004544,B1(小学校),23(愛知),2(公),1(本),春日井市立高森台小学校,愛知県春日井市高森台８－１,4870032,2020-12-22,,230804,
B123210004553,B1(小学校),23(愛知),2(公),1(本),春日井市立柏原小学校,愛知県春日井市柏原町５－１５,4860913,2020-12-22,,230805,
B123210004562,B1(小学校),23(愛知),2(公),1(本),春日井市立大手小学校,愛知県春日井市大手町３－２４－１,4860807,2020-12-22,,230806,
B123210004571,B1(小学校),23(愛知),2(公),1(本),春日井市立中央台小学校,愛知県春日井市中央台８－３,4870011,2020-12-22,,230807,
B123210004580,B1(小学校),23(愛知),2(公),1(本),春日井市立岩成台西小学校,愛知県春日井市岩成台８－１,4870033,2020-12-22,,230808,
B123210004599,B1(小学校),23(愛知),2(公),1(本),春日井市立松山小学校,愛知県春日井市如意申町１－８－１,4860918,2020-12-22,,230809,
B123210004606,B1(小学校),23(愛知),2(公),1(本),春日井市立上条小学校,愛知県春日井市弥生町５２７７－１,4860838,2020-12-22,,230810,
B123210004615,B1(小学校),23(愛知),2(公),1(本),春日井市立神屋小学校,愛知県春日井市神屋町８６０番地,4800304,2020-12-22,,230811,
B123210004624,B1(小学校),23(愛知),2(公),1(本),春日井市立東野小学校,愛知県春日井市東野町４－１３,4860817,2020-12-22,,230812,
B123210004633,B1(小学校),23(愛知),2(公),1(本),春日井市立北城小学校,愛知県春日井市金ヶ口町１５５０,4860813,2020-12-22,,230813,
B123210004642,B1(小学校),23(愛知),2(公),1(本),春日井市立東高森台小学校,愛知県春日井市高森台７－３,4870032,2020-12-22,,230814,
B123210004651,B1(小学校),23(愛知),2(公),1(本),春日井市立石尾台小学校,愛知県春日井市石尾台６－２,4870006,2020-12-22,,230815,
B123210004660,B1(小学校),23(愛知),2(公),1(本),春日井市立篠原小学校,愛知県春日井市熊野町北１－１,4860820,2020-12-22,,230816,
B123210004679,B1(小学校),23(愛知),2(公),1(本),春日井市立押沢台小学校,愛知県春日井市押沢台２－７,4870005,2020-12-22,,230817,
B123210004688,B1(小学校),23(愛知),2(公),1(本),春日井市立丸田小学校,愛知県春日井市六軒屋町西１ー１５ー１,4860839,2020-12-22,,230818,
B123210004697,B1(小学校),23(愛知),2(公),1(本),春日井市立出川小学校,愛知県春日井市出川町８－３－１,4870025,2020-12-22,,230819,
B123210004704,B1(小学校),23(愛知),2(公),1(本),春日井市立尾東小学校,愛知県春日井市神屋町７１３－１,4800304,2020-12-22,,230820,
B123210004713,B1(小学校),23(愛知),2(公),1(本),豊川市立豊川小学校,愛知県豊川市北浦町３１－１,4420042,2020-12-22,,230831,
B123210004722,B1(小学校),23(愛知),2(公),1(本),豊川市立東部小学校,愛知県豊川市三谷原町石坪１番地１,4420805,2020-12-22,,230832,
B123210004731,B1(小学校),23(愛知),2(公),1(本),豊川市立桜木小学校,愛知県豊川市小桜町１７,4420021,2020-12-22,,230833,
B123210004740,B1(小学校),23(愛知),2(公),1(本),豊川市立三蔵子小学校,愛知県豊川市三蔵子町宮前３２,4420006,2020-12-22,,230834,
B123210004759,B1(小学校),23(愛知),2(公),1(本),豊川市立千両小学校,愛知県豊川市千両町数谷原１８－２,4420001,2020-12-22,,230835,
B123210004768,B1(小学校),23(愛知),2(公),1(本),豊川市立牛久保小学校,愛知県豊川市牛久保町大手１０－２,4420826,2020-12-22,,230836,
B123210004777,B1(小学校),23(愛知),2(公),1(本),豊川市立中部小学校,愛知県豊川市中部町１－１,4420876,2020-12-22,,230837,
B123210004786,B1(小学校),23(愛知),2(公),1(本),豊川市立八南小学校,愛知県豊川市野口町豊角８－１,4420851,2020-12-22,,230838,
B123210004795,B1(小学校),23(愛知),2(公),1(本),豊川市立平尾小学校,愛知県豊川市平尾町上貝津２ー５,4420863,2020-12-22,,230839,
B123210004802,B1(小学校),23(愛知),2(公),1(本),豊川市立国府小学校,愛知県豊川市国府町寒若寺６－１,4420854,2020-12-22,,230840,
B123210004811,B1(小学校),23(愛知),2(公),1(本),豊川市立桜町小学校,愛知県豊川市桜町２－７－４５,4420843,2020-12-22,,230841,
B123210004820,B1(小学校),23(愛知),2(公),1(本),豊川市立御油小学校,愛知県豊川市御油町膳ノ棚１番地の４,4410211,2020-12-22,,230842,
B123210004839,B1(小学校),23(愛知),2(公),1(本),豊川市立天王小学校,愛知県豊川市牛久保町天王下１４－１,4420826,2020-12-22,,230843,
B123210004848,B1(小学校),23(愛知),2(公),1(本),豊川市立代田小学校,愛知県豊川市代田町１－２０－２,4420841,2020-12-22,,230844,
B123210004857,B1(小学校),23(愛知),2(公),1(本),豊川市立金屋小学校,愛知県豊川市金屋西町１丁目１番地,4420067,2020-12-22,,230845,
B123210004866,B1(小学校),23(愛知),2(公),1(本),豊川市立豊小学校,愛知県豊川市東豊町４丁目６０,4420025,2020-12-22,,230846,
B123210004875,B1(小学校),23(愛知),2(公),1(本),豊川市立萩小学校,愛知県豊川市萩町岩田９－２,4410201,2020-12-22,,232291,
B123210004884,B1(小学校),23(愛知),2(公),1(本),豊川市立長沢小学校,愛知県豊川市長沢町午新８８,4410203,2020-12-22,,232292,
B123210004893,B1(小学校),23(愛知),2(公),1(本),豊川市立赤坂小学校,愛知県豊川市赤坂町東山１４０,4410202,2020-12-22,,232293,
B123210004900,B1(小学校),23(愛知),2(公),1(本),豊川市立一宮東部小学校,愛知県豊川市上長山町東水神平４４の２,4411202,2020-12-22,,232301,
B123210004919,B1(小学校),23(愛知),2(公),1(本),豊川市立一宮西部小学校,愛知県豊川市一宮町緑１番地,4411231,2020-12-22,,232302,
B123210004928,B1(小学校),23(愛知),2(公),1(本),豊川市立一宮南部小学校,愛知県豊川市豊津町新地４,4411222,2020-12-22,,232303,
B123210004937,B1(小学校),23(愛知),2(公),1(本),豊川市立小坂井東小学校,愛知県豊川市小坂井町西浦８７,4410103,2020-12-22,,232321,
B123210004946,B1(小学校),23(愛知),2(公),1(本),豊川市立小坂井西小学校,愛知県豊川市伊奈町縫殿５５－１,4410105,2020-12-22,,232322,
B123210004955,B1(小学校),23(愛知),2(公),1(本),豊川市立御津北部小学校,愛知県豊川市御津町広石字神子田５４－１,4410321,2020-12-22,,232331,
B123210004964,B1(小学校),23(愛知),2(公),1(本),豊川市立御津南部小学校,愛知県豊川市御津町御馬加美１５,4410311,2020-12-22,,232332,
B123210004973,B1(小学校),23(愛知),2(公),1(本),津島市立東小学校,愛知県津島市立込町１－１７,4960044,2020-12-22,,230861,
B123210004982,B1(小学校),23(愛知),2(公),1(本),津島市立西小学校,愛知県津島市大和町１－１４,4960866,2020-12-22,,230862,
B123210004991,B1(小学校),23(愛知),2(公),1(本),津島市立南小学校,愛知県津島市常盤町４－２０,4960833,2020-12-22,,230863,
B123210005008,B1(小学校),23(愛知),2(公),1(本),津島市立北小学校,愛知県津島市松原町３７,4960818,2020-12-22,,230864,
B123210005017,B1(小学校),23(愛知),2(公),1(本),津島市立神守小学校,愛知県津島市神守町中町１３番地,4960005,2020-12-22,,230865,
B123210005026,B1(小学校),23(愛知),2(公),1(本),津島市立蛭間小学校,愛知県津島市蛭間町字逆川東８４８,4960004,2020-12-22,,230866,
B123210005035,B1(小学校),23(愛知),2(公),1(本),津島市立高台寺小学校,愛知県津島市神尾町江西６１,4960013,2020-12-22,,230867,
B123210005044,B1(小学校),23(愛知),2(公),1(本),津島市立神島田小学校,愛知県津島市中一色町東郷８０,4960025,2020-12-22,,230868,
B123210005053,B1(小学校),23(愛知),2(公),1(本),碧南市立新川小学校,愛知県碧南市新川町２－１,4470863,2020-12-22,,230881,
B123210005062,B1(小学校),23(愛知),2(公),1(本),碧南市立大浜小学校,愛知県碧南市浜田町１－１,4470842,2020-12-22,,230882,
B123210005071,B1(小学校),23(愛知),2(公),1(本),碧南市立棚尾小学校,愛知県碧南市春日町１－５,4470888,2020-12-22,,230883,
B123210005080,B1(小学校),23(愛知),2(公),1(本),碧南市立日進小学校,愛知県碧南市日進町４－１,4470882,2020-12-22,,230884,
B123210005099,B1(小学校),23(愛知),2(公),1(本),碧南市立鷲塚小学校,愛知県碧南市旭町２－３０,4470022,2020-12-22,,230885,
B123210005106,B1(小学校),23(愛知),2(公),1(本),碧南市立西端小学校,愛知県碧南市上町３－１,4470074,2020-12-22,,230886,
B123210005115,B1(小学校),23(愛知),2(公),1(本),碧南市立中央小学校,愛知県碧南市向陽町３－１９,4470871,2020-12-22,,230887,
B123210005124,B1(小学校),23(愛知),2(公),1(本),刈谷市立亀城小学校,愛知県刈谷市城町１丁目２５番地１,4480833,2020-12-22,,230901,
B123210005133,B1(小学校),23(愛知),2(公),1(本),刈谷市立小高原小学校,愛知県刈谷市原崎町１－１０１,4480039,2020-12-22,,230902,
B123210005142,B1(小学校),23(愛知),2(公),1(本),刈谷市立衣浦小学校,愛知県刈谷市天王町３－２７,4480824,2020-12-22,,230903,
B123210005151,B1(小学校),23(愛知),2(公),1(本),刈谷市立富士松南小学校,愛知県刈谷市今川町山脇１,4480005,2020-12-22,,230904,
B123210005160,B1(小学校),23(愛知),2(公),1(本),刈谷市立富士松北小学校,愛知県刈谷市東境町焼田１０－５,4480007,2020-12-22,,230905,
B123210005179,B1(小学校),23(愛知),2(公),1(本),刈谷市立小垣江小学校,愛知県刈谷市小垣江町西王地１－１,4480813,2020-12-22,,230906,
B123210005188,B1(小学校),23(愛知),2(公),1(本),刈谷市立双葉小学校,愛知県刈谷市半城土中町３－１２ー２,4480805,2020-12-22,,230907,
B123210005197,B1(小学校),23(愛知),2(公),1(本),刈谷市立住吉小学校,愛知県刈谷市住吉町３－７０,4480852,2020-12-22,,230908,
B123210005204,B1(小学校),23(愛知),2(公),1(本),刈谷市立かりがね小学校,愛知県刈谷市築地町２－１５－１,4480011,2020-12-22,,230909,
B123210005213,B1(小学校),23(愛知),2(公),1(本),刈谷市立東刈谷小学校,愛知県刈谷市東刈谷町３－８,4480807,2020-12-22,,230910,
B123210005222,B1(小学校),23(愛知),2(公),1(本),刈谷市立日高小学校,愛知県刈谷市日高町１丁目２０１番地,4480046,2020-12-22,,230911,
B123210005231,B1(小学校),23(愛知),2(公),1(本),刈谷市立富士松東小学校,愛知県刈谷市東境町堀池７１,4480007,2020-12-22,,230912,
B123210005240,B1(小学校),23(愛知),2(公),1(本),刈谷市立朝日小学校,愛知県刈谷市野田町陣戸池１５１,4480803,2020-12-22,,230913,
B123210005259,B1(小学校),23(愛知),2(公),1(本),刈谷市立小垣江東小学校,愛知県刈谷市小垣江町白沢３６,4480813,2020-12-22,,230914,
B123210005268,B1(小学校),23(愛知),2(公),1(本),刈谷市立平成小学校,愛知県刈谷市一ツ木町３－１８－１,4480003,2020-12-22,,230915,
B123210005277,B1(小学校),23(愛知),2(公),1(本),豊田市立童子山小学校,愛知県豊田市御幸町１－６０,4710852,2020-12-22,,230931,
B123210005286,B1(小学校),23(愛知),2(公),1(本),豊田市立挙母小学校,愛知県豊田市平芝町１－１－１,4710065,2020-12-22,,230932,
B123210005295,B1(小学校),23(愛知),2(公),1(本),豊田市立根川小学校,愛知県豊田市下林町７－３０,4710878,2020-12-22,,230933,
B123210005302,B1(小学校),23(愛知),2(公),1(本),豊田市立小清水小学校,愛知県豊田市田町２－８１,4710049,2020-12-22,,230934,
B123210005311,B1(小学校),23(愛知),2(公),1(本),豊田市立前山小学校,愛知県豊田市前山町１丁目２４,4710828,2020-12-22,,230935,
B123210005320,B1(小学校),23(愛知),2(公),1(本),豊田市立山之手小学校,愛知県豊田市山之手６－６,4710833,2020-12-22,,230936,
B123210005339,B1(小学校),23(愛知),2(公),1(本),豊田市立美山小学校,愛知県豊田市美山町４－１,4710849,2020-12-22,,230937,
B123210005348,B1(小学校),23(愛知),2(公),1(本),豊田市立寺部小学校,愛知県豊田市上野町一丁目１７３番地,4710015,2020-12-22,,230938,
B123210005357,B1(小学校),23(愛知),2(公),1(本),豊田市立平井小学校,愛知県豊田市百々町５－６０,4710008,2020-12-22,,230939,
B123210005366,B1(小学校),23(愛知),2(公),1(本),豊田市立野見小学校,愛知県豊田市野見町１２－１,4710812,2020-12-22,,230940,
B123210005375,B1(小学校),23(愛知),2(公),1(本),豊田市立古瀬間小学校,愛知県豊田市志賀町西之海道２４０,4710802,2020-12-22,,230941,
B123210005384,B1(小学校),23(愛知),2(公),1(本),豊田市立矢並小学校,愛知県豊田市矢並町大坪９０１－７,4710002,2020-12-22,,230942,
B123210005393,B1(小学校),23(愛知),2(公),1(本),豊田市立高嶺小学校,愛知県豊田市広美町高根２－１,4701215,2020-12-22,,230943,
B123210005400,B1(小学校),23(愛知),2(公),1(本),豊田市立寿恵野小学校,愛知県豊田市鴛鴨町東屋敷５０,4701207,2020-12-22,,230944,
B123210005419,B1(小学校),23(愛知),2(公),1(本),豊田市立畝部小学校,愛知県豊田市畝部西町新田屋敷２４,4701219,2020-12-22,,230945,
B123210005428,B1(小学校),23(愛知),2(公),1(本),豊田市立堤小学校,愛知県豊田市堤本町流２８,4730939,2020-12-22,,230946,
B123210005437,B1(小学校),23(愛知),2(公),1(本),豊田市立若園小学校,愛知県豊田市中根町永池２００,4730923,2020-12-22,,230947,
B123210005446,B1(小学校),23(愛知),2(公),1(本),豊田市立竹村小学校,愛知県豊田市住吉町大興４,4730905,2020-12-22,,230948,
B123210005455,B1(小学校),23(愛知),2(公),1(本),豊田市立駒場小学校,愛知県豊田市駒場町新生５８,4730925,2020-12-22,,230949,
B123210005464,B1(小学校),23(愛知),2(公),1(本),豊田市立大林小学校,愛知県豊田市大林町１４－１１－５,4730902,2020-12-22,,230950,
B123210005473,B1(小学校),23(愛知),2(公),1(本),豊田市立大畑小学校,愛知県豊田市大畑町神戸７９－２,4700355,2020-12-22,,230951,
B123210005482,B1(小学校),23(愛知),2(公),1(本),豊田市立伊保小学校,愛知県豊田市保見町権堂坊１番地１,4700344,2020-12-22,,230952,
B123210005491,B1(小学校),23(愛知),2(公),1(本),豊田市立加納小学校,愛知県豊田市加納町東股５５,4700364,2020-12-22,,230953,
B123210005507,B1(小学校),23(愛知),2(公),1(本),豊田市立青木小学校,愛知県豊田市青木町４－５,4700335,2020-12-22,,230954,
B123210005516,B1(小学校),23(愛知),2(公),1(本),豊田市立西広瀬小学校,愛知県豊田市西広瀬町清水３４番地,4700309,2020-12-22,,230955,
B123210005525,B1(小学校),23(愛知),2(公),1(本),豊田市立東広瀬小学校,愛知県豊田市東広瀬町大根坂８,4700307,2020-12-22,,230956,
B123210005534,B1(小学校),23(愛知),2(公),1(本),豊田市立中金小学校,愛知県豊田市中金町塚ノ本１２４,4700312,2020-12-22,,230957,
B123210005543,B1(小学校),23(愛知),2(公),1(本),豊田市立上鷹見小学校,愛知県豊田市上高町宮下６０,4700322,2020-12-22,,230958,
B123210005552,B1(小学校),23(愛知),2(公),1(本),豊田市立幸海小学校,愛知県豊田市幸海町下御堂下切１４－１,4442221,2020-12-22,,230966,
B123210005561,B1(小学校),23(愛知),2(公),1(本),豊田市立岩倉小学校,愛知県豊田市岩倉町五ツ畑２３,4442225,2020-12-22,,230967,
B123210005570,B1(小学校),23(愛知),2(公),1(本),豊田市立九久平小学校,愛知県豊田市九久平町寺前３－２,4442216,2020-12-22,,230968,
B123210005589,B1(小学校),23(愛知),2(公),1(本),豊田市立滝脇小学校,愛知県豊田市滝脇町切石洞１８－１,4442212,2020-12-22,,230969,
B123210005598,B1(小学校),23(愛知),2(公),1(本),豊田市立豊松小学校,愛知県豊田市坂上町郷敷１－１,4442201,2020-12-22,,230970,
B123210005605,B1(小学校),23(愛知),2(公),1(本),豊田市立東山小学校,愛知県豊田市渋谷町３－８,4710808,2020-12-22,,230960,
B123210005614,B1(小学校),23(愛知),2(公),1(本),豊田市立元城小学校,愛知県豊田市八幡町３－３０,4710861,2020-12-22,,230961,
B123210005623,B1(小学校),23(愛知),2(公),1(本),豊田市立梅坪小学校,愛知県豊田市梅坪町１－５－１,4710064,2020-12-22,,230962,
B123210005632,B1(小学校),23(愛知),2(公),1(本),豊田市立朝日小学校,愛知県豊田市朝日町６－１－１,4710031,2020-12-22,,230963,
B123210005641,B1(小学校),23(愛知),2(公),1(本),豊田市立若林東小学校,愛知県豊田市若林東町広間６４番地,4730914,2020-12-22,,230964,
B123210005650,B1(小学校),23(愛知),2(公),1(本),豊田市立東保見小学校,愛知県豊田市保見ヶ丘４－５,4700353,2020-12-22,,230965,
B123210005669,B1(小学校),23(愛知),2(公),1(本),豊田市立四郷小学校,愛知県豊田市四郷町山畑７６－８,4700373,2020-12-22,,230971,
B123210005678,B1(小学校),23(愛知),2(公),1(本),豊田市立浄水小学校,愛知県豊田市浄水町南平１１３－２,4700343,2020-12-22,,230972,
B123210005687,B1(小学校),23(愛知),2(公),1(本),豊田市立平和小学校,愛知県豊田市平和町６－７０,4710821,2020-12-22,,230973,
B123210005696,B1(小学校),23(愛知),2(公),1(本),豊田市立市木小学校,愛知県豊田市市木町８－１－２,4710006,2020-12-22,,230974,
B123210005703,B1(小学校),23(愛知),2(公),1(本),豊田市立若林西小学校,愛知県豊田市若林西町西ノ堂７,4730917,2020-12-22,,230975,
B123210005712,B1(小学校),23(愛知),2(公),1(本),豊田市立衣丘小学校,愛知県豊田市三軒町６－２０－１,4710037,2020-12-22,,230976,
B123210005721,B1(小学校),23(愛知),2(公),1(本),豊田市立土橋小学校,愛知県豊田市土橋町６－１１７,4710842,2020-12-22,,230977,
B123210005730,B1(小学校),23(愛知),2(公),1(本),豊田市立広川台小学校,愛知県豊田市渋谷町１－１２－１,4710808,2020-12-22,,230978,
B123210005749,B1(小学校),23(愛知),2(公),1(本),豊田市立井上小学校,愛知県豊田市井上町２－３４,4700372,2020-12-22,,230979,
B123210005758,B1(小学校),23(愛知),2(公),1(本),豊田市立五ケ丘小学校,愛知県豊田市五ケ丘４－２,4710814,2020-12-22,,230980,
B123210005767,B1(小学校),23(愛知),2(公),1(本),豊田市立西保見小学校,愛知県豊田市保見ヶ丘２－１８５,4700353,2020-12-22,,230981,
B123210005776,B1(小学校),23(愛知),2(公),1(本),豊田市立五ケ丘東小学校,愛知県豊田市五ケ丘８－１,4710814,2020-12-22,,230982,
B123210005785,B1(小学校),23(愛知),2(公),1(本),豊田市立飯野小学校,愛知県豊田市藤岡飯野町弥治前１０９５,4700451,2020-12-22,,232041,
B123210005794,B1(小学校),23(愛知),2(公),1(本),豊田市立石畳小学校,愛知県豊田市石畳町辻１２４番地５,4700471,2020-12-22,,232042,
B123210005801,B1(小学校),23(愛知),2(公),1(本),豊田市立御作小学校,愛知県豊田市御作町田中１０８６－４,4700424,2020-12-22,,232043,
B123210005810,B1(小学校),23(愛知),2(公),1(本),豊田市立中山小学校,愛知県豊田市西中山町蔵屋敷６１－５,4700431,2020-12-22,,232044,
B123210005829,B1(小学校),23(愛知),2(公),1(本),豊田市立道慈小学校,愛知県豊田市千洗町道慈３８２－３,4700545,2020-12-22,,232061,
B123210005838,B1(小学校),23(愛知),2(公),1(本),豊田市立本城小学校,愛知県豊田市市場町市場前３７２－２,4700574,2020-12-22,,232064,
B123210005847,B1(小学校),23(愛知),2(公),1(本),豊田市立小原中部小学校,愛知県豊田市遊屋町向垣内１９１,4700563,2020-12-22,,232066,
B123210005856,B1(小学校),23(愛知),2(公),1(本),豊田市立足助小学校,愛知県豊田市足助町今岡３３－２,4442424,2020-12-22,,232081,
B123210005865,B1(小学校),23(愛知),2(公),1(本),豊田市立冷田小学校,愛知県豊田市四ツ松町笹ケ田４０－１,4442312,2020-12-22,,232082,
B123210005874,B1(小学校),23(愛知),2(公),1(本),豊田市立追分小学校,愛知県豊田市近岡町馬橋４－２,4442355,2020-12-22,,232083,
B123210005883,B1(小学校),23(愛知),2(公),1(本),豊田市立佐切小学校,愛知県豊田市上脇町タラクゴ１,4442335,2020-12-22,,232084,
B123210005892,B1(小学校),23(愛知),2(公),1(本),豊田市立則定小学校,愛知県豊田市則定町本郷５－１,4442342,2020-12-22,,232085,
B123210005909,B1(小学校),23(愛知),2(公),1(本),豊田市立萩野小学校,愛知県豊田市桑田和町宮ノ前２５,4442407,2020-12-22,,232086,
B123210005918,B1(小学校),23(愛知),2(公),1(本),豊田市立明和小学校,愛知県豊田市平沢町赤田和２１－８,4442607,2020-12-22,,232087,
B123210005927,B1(小学校),23(愛知),2(公),1(本),豊田市立新盛小学校,愛知県豊田市新盛町深沼２４番地１,4442505,2020-12-22,,232092,
B123210005936,B1(小学校),23(愛知),2(公),1(本),豊田市立大蔵小学校,愛知県豊田市大蔵町本城９－２,4442511,2020-12-22,,232093,
B123210005945,B1(小学校),23(愛知),2(公),1(本),豊田市立御蔵小学校,愛知県豊田市御蔵町辻４３,4442522,2020-12-22,,232094,
B123210005954,B1(小学校),23(愛知),2(公),1(本),豊田市立花山小学校,愛知県豊田市下山田代町万徳前１６－４,4443222,2020-12-22,,232117,
B123210005963,B1(小学校),23(愛知),2(公),1(本),豊田市立大沼小学校,愛知県豊田市大沼町青木１,4443242,2020-12-22,,232111,
B123210005972,B1(小学校),23(愛知),2(公),1(本),豊田市立巴ケ丘小学校,愛知県豊田市大桑町別当５６,4443207,2020-12-22,,230983,
B123210005981,B1(小学校),23(愛知),2(公),1(本),豊田市立小渡小学校,愛知県豊田市下切町平田３０１２－１,4442833,2020-12-22,,232133,
B123210005990,B1(小学校),23(愛知),2(公),1(本),豊田市立敷島小学校,愛知県豊田市杉本町稲場下２７－１,4442816,2020-12-22,,232134,
B123210006007,B1(小学校),23(愛知),2(公),1(本),豊田市立稲武小学校,愛知県豊田市稲武町シモ田２０－１,4412513,2020-12-22,,232227,
B123210006016,B1(小学校),23(愛知),2(公),1(本),豊田市立浄水北小学校,愛知県豊田市浄水町原山８－１,4700343,2020-12-22,,230984,
B123210006025,B1(小学校),23(愛知),2(公),1(本),安城市立安城中部小学校,愛知県安城市大東町１２－８,4460065,2020-12-22,,231011,
B123210006034,B1(小学校),23(愛知),2(公),1(本),安城市立安城南部小学校,愛知県安城市安城町城堀４８番地,4460026,2020-12-22,,231012,
B123210006043,B1(小学校),23(愛知),2(公),1(本),安城市立安城西部小学校,愛知県安城市福釜町猿町１２８番地,4460052,2020-12-22,,231013,
B123210006052,B1(小学校),23(愛知),2(公),1(本),安城市立安城東部小学校,愛知県安城市大岡町前畑７２番地１,4460017,2020-12-22,,231014,
B123210006061,B1(小学校),23(愛知),2(公),1(本),安城市立安城北部小学校,愛知県安城市今本町８－９－９,4460008,2020-12-22,,231015,
B123210006070,B1(小学校),23(愛知),2(公),1(本),安城市立錦町小学校,愛知県安城市錦町９－３９,4460035,2020-12-22,,231016,
B123210006089,B1(小学校),23(愛知),2(公),1(本),安城市立高棚小学校,愛知県安城市高棚町蛭田４４,4460053,2020-12-22,,231018,
B123210006098,B1(小学校),23(愛知),2(公),1(本),安城市立明和小学校,愛知県安城市東端町明和６６,4441213,2020-12-22,,231020,
B123210006105,B1(小学校),23(愛知),2(公),1(本),安城市立志貴小学校,愛知県安城市柿碕町御用地４５番地,4460003,2020-12-22,,231017,
B123210006114,B1(小学校),23(愛知),2(公),1(本),安城市立桜井小学校,愛知県安城市小川町清水道６－１,4441162,2020-12-22,,231021,
B123210006123,B1(小学校),23(愛知),2(公),1(本),安城市立作野小学校,愛知県安城市篠目町４丁目２２－１,4460073,2020-12-22,,231022,
B123210006132,B1(小学校),23(愛知),2(公),1(本),安城市立祥南小学校,愛知県安城市安城町庚申１１,4460026,2020-12-22,,231023,
B123210006141,B1(小学校),23(愛知),2(公),1(本),安城市立丈山小学校,愛知県安城市和泉町南本郷１番地,4441221,2020-12-22,,231019,
B123210006150,B1(小学校),23(愛知),2(公),1(本),安城市立二本木小学校,愛知県安城市緑町１－２３－１,4460055,2020-12-22,,231024,
B123210006169,B1(小学校),23(愛知),2(公),1(本),安城市立里町小学校,愛知県安城市里町足取１番地５,4460001,2020-12-22,,231025,
B123210006178,B1(小学校),23(愛知),2(公),1(本),安城市立桜町小学校,愛知県安城市桜町１５番地５号,4460041,2020-12-22,,231026,
B123210006187,B1(小学校),23(愛知),2(公),1(本),安城市立桜林小学校,愛知県安城市桜井町中狭間３５－１,4441154,2020-12-22,,231027,
B123210006196,B1(小学校),23(愛知),2(公),1(本),安城市立新田小学校,愛知県安城市新田町新栄１００,4440061,2020-12-22,,231028,
B123210006203,B1(小学校),23(愛知),2(公),1(本),安城市立今池小学校,愛知県安城市今池町２－１－５２,4460071,2020-12-22,,231029,
B123210006212,B1(小学校),23(愛知),2(公),1(本),安城市立三河安城小学校,愛知県安城市箕輪町昭和４７,4460051,2020-12-22,,231030,
B123210006221,B1(小学校),23(愛知),2(公),1(本),安城市立梨の里小学校,愛知県安城市篠目町溝川３８番地,4460073,2020-12-22,,231031,
B123210006230,B1(小学校),23(愛知),2(公),1(本),西尾市立西尾小学校,愛知県西尾市錦城町１６２－１,4450864,2020-12-22,,231041,
B123210006249,B1(小学校),23(愛知),2(公),1(本),西尾市立花ノ木小学校,愛知県西尾市高畠町６－１,4450064,2020-12-22,,231042,
B123210006258,B1(小学校),23(愛知),2(公),1(本),西尾市立八ツ面小学校,愛知県西尾市八ツ面町市場７１,4450082,2020-12-22,,231043,
B123210006267,B1(小学校),23(愛知),2(公),1(本),西尾市立西野町小学校,愛知県西尾市上町御所ノ下２０番地,4450894,2020-12-22,,231044,
B123210006276,B1(小学校),23(愛知),2(公),1(本),西尾市立米津小学校,愛知県西尾市米津町家下１８番地,4450802,2020-12-22,,231045,
B123210006285,B1(小学校),23(愛知),2(公),1(本),西尾市立中畑小学校,愛知県西尾市中畑町犬塚６５,4440303,2020-12-22,,231046,
B123210006294,B1(小学校),23(愛知),2(公),1(本),西尾市立平坂小学校,愛知県西尾市平坂町輪当１,4440305,2020-12-22,,231047,
B123210006301,B1(小学校),23(愛知),2(公),1(本),西尾市立矢田小学校,愛知県西尾市上矢田町神明寺２４,4440313,2020-12-22,,231048,
B123210006310,B1(小学校),23(愛知),2(公),1(本),西尾市立寺津小学校,愛知県西尾市巨海町若宮西２５－１,4440322,2020-12-22,,231049,
B123210006329,B1(小学校),23(愛知),2(公),1(本),西尾市立福地南部小学校,愛知県西尾市熱池町古新田４２,4450881,2020-12-22,,231050,
B123210006338,B1(小学校),23(愛知),2(公),1(本),西尾市立福地北部小学校,愛知県西尾市鵜ヶ池町大道１０,4450043,2020-12-22,,231051,
B123210006347,B1(小学校),23(愛知),2(公),1(本),西尾市立室場小学校,愛知県西尾市室町東毘沙門３２,4450033,2020-12-22,,231052,
B123210006356,B1(小学校),23(愛知),2(公),1(本),西尾市立三和小学校,愛知県西尾市米野町松葉内２５,4450005,2020-12-22,,231053,
B123210006365,B1(小学校),23(愛知),2(公),1(本),西尾市立鶴城小学校,愛知県西尾市桜町溜池２７番地５,4450803,2020-12-22,,231054,
B123210006374,B1(小学校),23(愛知),2(公),1(本),西尾市立一色中部小学校,愛知県西尾市一色町一色下乾地５５,4440423,2020-12-22,,231931,
B123210006383,B1(小学校),23(愛知),2(公),1(本),西尾市立一色東部小学校,愛知県西尾市一色町野田堤外３６,4440404,2020-12-22,,231932,
B123210006392,B1(小学校),23(愛知),2(公),1(本),西尾市立一色西部小学校,愛知県西尾市一色町治明通縄６８,4440426,2020-12-22,,231933,
B123210006409,B1(小学校),23(愛知),2(公),1(本),西尾市立一色南部小学校,愛知県西尾市一色町中外沢上大割１１５,4440428,2020-12-22,,231935,
B123210006418,B1(小学校),23(愛知),2(公),1(本),西尾市立横須賀小学校,愛知県西尾市吉良町上横須賀字菱池１３－１,4440521,2020-12-22,,231951,
B123210006427,B1(小学校),23(愛知),2(公),1(本),西尾市立津平小学校,愛知県西尾市吉良町津平字大入１,4440503,2020-12-22,,231952,
B123210006436,B1(小学校),23(愛知),2(公),1(本),西尾市立荻原小学校,愛知県西尾市吉良町荻原字烏帽子１６,4440524,2020-12-22,,231953,
B123210006445,B1(小学校),23(愛知),2(公),1(本),西尾市立吉田小学校,愛知県西尾市吉良町吉田大切間１８,4440516,2020-12-22,,231954,
B123210006454,B1(小学校),23(愛知),2(公),1(本),西尾市立白浜小学校,愛知県西尾市吉良町大字白浜新田北切１番地,4440514,2020-12-22,,231955,
B123210006463,B1(小学校),23(愛知),2(公),1(本),西尾市立幡豆小学校,愛知県西尾市西幡豆町北岡割１,4440703,2020-12-22,,231971,
B123210006472,B1(小学校),23(愛知),2(公),1(本),西尾市立東幡豆小学校,愛知県西尾市東幡豆町中尾１０ー２,4440701,2020-12-22,,231972,
B123210006481,B1(小学校),23(愛知),2(公),1(本),蒲郡市立蒲郡南部小学校,愛知県蒲郡市神明町２２－３,4430056,2020-12-22,,231071,
B123210006490,B1(小学校),23(愛知),2(公),1(本),蒲郡市立蒲郡東部小学校,愛知県蒲郡市豊岡町池田３番地,4430011,2020-12-22,,231072,
B123210006506,B1(小学校),23(愛知),2(公),1(本),蒲郡市立蒲郡北部小学校,愛知県蒲郡市清田町間堰５２番地,4430002,2020-12-22,,231073,
B123210006515,B1(小学校),23(愛知),2(公),1(本),蒲郡市立蒲郡西部小学校,愛知県蒲郡市神ノ郷町壱町田１０,4430007,2020-12-22,,231074,
B123210006524,B1(小学校),23(愛知),2(公),1(本),蒲郡市立三谷小学校,愛知県蒲郡市三谷町迫１－１,4430021,2020-12-22,,231075,
B123210006533,B1(小学校),23(愛知),2(公),1(本),蒲郡市立塩津小学校,愛知県蒲郡市竹谷町今御堂３１－１,4430046,2020-12-22,,231076,
B123210006542,B1(小学校),23(愛知),2(公),1(本),蒲郡市立大塚小学校,愛知県蒲郡市大塚町大門４２－５,4430013,2020-12-22,,231077,
B123210006551,B1(小学校),23(愛知),2(公),1(本),蒲郡市立形原小学校,愛知県蒲郡市形原町御嶽３４－２,4430104,2020-12-22,,231078,
B123210006560,B1(小学校),23(愛知),2(公),9(廃),蒲郡市立西浦小学校,愛知県蒲郡市西浦町宮地１０,4430105,2020-12-22,2026-05-01,231079,C223210000028
B123210006579,B1(小学校),23(愛知),2(公),1(本),蒲郡市立形原北小学校,愛知県蒲郡市金平町屋敷田１,4430102,2020-12-22,,231080,
B123210006588,B1(小学校),23(愛知),2(公),1(本),蒲郡市立中央小学校,愛知県蒲郡市緑町３－４９,4430048,2020-12-22,,231081,
B123210006597,B1(小学校),23(愛知),2(公),1(本),蒲郡市立三谷東小学校,愛知県蒲郡市三谷町南山１－７,4430021,2020-12-22,,231082,
B123210006604,B1(小学校),23(愛知),2(公),1(本),蒲郡市立竹島小学校,愛知県蒲郡市府相町３－４０,4430054,2020-12-22,,231083,
B123210006613,B1(小学校),23(愛知),2(公),1(本),犬山市立犬山北小学校,愛知県犬山市犬山北古券２,4840082,2020-12-22,,231101,
B123210006622,B1(小学校),23(愛知),2(公),1(本),犬山市立犬山南小学校,愛知県犬山市大字橋爪字末友２８,4840076,2020-12-22,,231102,
B123210006631,B1(小学校),23(愛知),2(公),1(本),犬山市立城東小学校,愛知県犬山市大字塔野地字東屋敷１,4840094,2020-12-22,,231103,
B123210006640,B1(小学校),23(愛知),2(公),1(本),犬山市立今井小学校,愛知県犬山市大字今井字若宮８,4840005,2020-12-22,,231104,
B123210006659,B1(小学校),23(愛知),2(公),1(本),犬山市立栗栖小学校,愛知県犬山市栗栖野口４５５,4840002,2020-12-22,,231105,
B123210006668,B1(小学校),23(愛知),2(公),1(本),犬山市立羽黒小学校,愛知県犬山市羽黒前川原６７,4840894,2020-12-22,,231106,
B123210006677,B1(小学校),23(愛知),2(公),1(本),犬山市立楽田小学校,愛知県犬山市城山９７番地,4840858,2020-12-22,,231107,
B123210006686,B1(小学校),23(愛知),2(公),1(本),犬山市立池野小学校,愛知県犬山市字杁下５１,4840021,2020-12-22,,231108,
B123210006695,B1(小学校),23(愛知),2(公),1(本),犬山市立東小学校,愛知県犬山市羽黒安戸西１－２,4840802,2020-12-22,,231109,
B123210006702,B1(小学校),23(愛知),2(公),1(本),犬山市立犬山西小学校,愛知県犬山市上坂町５－２,4840059,2020-12-22,,231110,
B123210006711,B1(小学校),23(愛知),2(公),1(本),常滑市立三和小学校,愛知県常滑市久米字諏訪山１８３,4790002,2020-12-22,,231121,
B123210006720,B1(小学校),23(愛知),2(公),1(本),常滑市立大野小学校,愛知県常滑市大野町１０－７０,4790866,2020-12-22,,231122,
B123210006739,B1(小学校),23(愛知),2(公),1(本),常滑市立鬼崎北小学校,愛知県常滑市住吉町２－５６,4790864,2020-12-22,,231123,
B123210006748,B1(小学校),23(愛知),2(公),1(本),常滑市立鬼崎南小学校,愛知県常滑市明和町２丁目４７番地,4790841,2020-12-22,,231124,
B123210006757,B1(小学校),23(愛知),2(公),1(本),常滑市立常滑西小学校,愛知県常滑市本町三丁目１３６番地,4790829,2020-12-22,,231125,
B123210006766,B1(小学校),23(愛知),2(公),1(本),常滑市立西浦北小学校,愛知県常滑市井戸田町３－１７７,4790812,2020-12-22,,231126,
B123210006775,B1(小学校),23(愛知),2(公),1(本),常滑市立西浦南小学校,愛知県常滑市古場字栗下前５,4790804,2020-12-22,,231127,
B123210006784,B1(小学校),23(愛知),2(公),1(本),常滑市立小鈴谷小学校,愛知県常滑市大谷朝陽ケ丘１－９４,4790810,2020-12-22,,231128,
B123210006793,B1(小学校),23(愛知),2(公),1(本),常滑市立常滑東小学校,愛知県常滑市瀬木町４－１００,4790821,2020-12-22,,231129,
B123210006800,B1(小学校),23(愛知),2(公),1(本),江南市立古知野東小学校,愛知県江南市宮後町船渡５８,4838044,2020-12-22,,231141,
B123210006819,B1(小学校),23(愛知),2(公),1(本),江南市立古知野西小学校,愛知県江南市東野町郷前西８８,4838423,2020-12-22,,231142,
B123210006828,B1(小学校),23(愛知),2(公),1(本),江南市立古知野南小学校,愛知県江南市古知野町大塔７２,4838215,2020-12-22,,231143,
B123210006837,B1(小学校),23(愛知),2(公),1(本),江南市立古知野北小学校,愛知県江南市和田町宮１４５,4838025,2020-12-22,,231144,
B123210006846,B1(小学校),23(愛知),2(公),1(本),江南市立布袋小学校,愛知県江南市布袋下山町南１６７,4838148,2020-12-22,,231145,
B123210006855,B1(小学校),23(愛知),2(公),1(本),江南市立布袋北小学校,愛知県江南市今市場町秋津２２０,4838181,2020-12-22,,231146,
B123210006864,B1(小学校),23(愛知),2(公),1(本),江南市立宮田小学校,愛知県江南市後飛保町両家１２５,4838389,2020-12-22,,231147,
B123210006873,B1(小学校),23(愛知),2(公),1(本),江南市立草井小学校,愛知県江南市小杁町長者毛西１,4838409,2020-12-22,,231148,
B123210006882,B1(小学校),23(愛知),2(公),1(本),江南市立藤里小学校,愛知県江南市村久野町藤里１,4838317,2020-12-22,,231149,
B123210006891,B1(小学校),23(愛知),2(公),1(本),江南市立門弟山小学校,愛知県江南市村久野町門弟山２７２番地,4838323,2020-12-22,,231150,
B123210006908,B1(小学校),23(愛知),2(公),1(本),小牧市立小牧小学校,愛知県小牧市小牧三丁目１７番地,4850041,2020-12-22,,231191,
B123210006917,B1(小学校),23(愛知),2(公),1(本),小牧市立村中小学校,愛知県小牧市大字村中１０４５番地,4850082,2020-12-22,,231192,
B123210006926,B1(小学校),23(愛知),2(公),1(本),小牧市立小牧南小学校,愛知県小牧市若草町８２番地,4850031,2020-12-22,,231193,
B123210006935,B1(小学校),23(愛知),2(公),1(本),小牧市立三ツ渕小学校,愛知県小牧市大字三ツ渕４８０,4850075,2020-12-22,,231194,
B123210006944,B1(小学校),23(愛知),2(公),1(本),小牧市立味岡小学校,愛知県小牧市小松寺五丁目１５０番地,4850828,2020-12-22,,231195,
B123210006953,B1(小学校),23(愛知),2(公),1(本),小牧市立篠岡小学校,愛知県小牧市篠岡二丁目２５番地,4850815,2020-12-22,,231196,
B123210006962,B1(小学校),23(愛知),2(公),1(本),小牧市立北里小学校,愛知県小牧市下小針中島２丁目５０番地,4850051,2020-12-22,,231197,
B123210006971,B1(小学校),23(愛知),2(公),1(本),小牧市立米野小学校,愛知県小牧市中央五丁目３３９番地,4850029,2020-12-22,,231198,
B123210006980,B1(小学校),23(愛知),2(公),1(本),小牧市立一色小学校,愛知県小牧市大字久保一色３５００番地,4850003,2020-12-22,,231199,
B123210006999,B1(小学校),23(愛知),2(公),1(本),小牧市立小木小学校,愛知県小牧市小木西二丁目１番地,4850057,2020-12-22,,231200,
B123210007006,B1(小学校),23(愛知),2(公),1(本),小牧市立小牧原小学校,愛知県小牧市小牧原新田１１２５番地,4850012,2020-12-22,,231201,
B123210007015,B1(小学校),23(愛知),2(公),1(本),小牧市立本庄小学校,愛知県小牧市大字本庄２５９７－４０,4850821,2020-12-22,,231202,
B123210007024,B1(小学校),23(愛知),2(公),1(本),小牧市立桃ヶ丘小学校,愛知県小牧市桃ヶ丘二丁目３番地,4850813,2020-12-22,,231203,
B123210007033,B1(小学校),23(愛知),2(公),1(本),小牧市立陶小学校,愛知県小牧市大字上末３４５０番地２８２,4850822,2020-12-22,,231204,
B123210007042,B1(小学校),23(愛知),2(公),1(本),小牧市立光ヶ丘小学校,愛知県小牧市光ケ丘三丁目５０番地,4850811,2020-12-22,,231205,
B123210007051,B1(小学校),23(愛知),2(公),1(本),小牧市立大城小学校,愛知県小牧市城山三丁目８番地,4850812,2020-12-22,,231206,
B123210007060,B1(小学校),23(愛知),2(公),1(本),稲沢市立稲沢東小学校,愛知県稲沢市長野６丁目５０番地,4928142,2020-12-22,,231221,
B123210007079,B1(小学校),23(愛知),2(公),1(本),稲沢市立稲沢西小学校,愛知県稲沢市稲葉五丁目９番１号,4928219,2020-12-22,,231222,
B123210007088,B1(小学校),23(愛知),2(公),1(本),稲沢市立清水小学校,愛知県稲沢市清水寺前町１２６,4928316,2020-12-22,,231223,
B123210007097,B1(小学校),23(愛知),2(公),1(本),稲沢市立片原一色小学校,愛知県稲沢市一色中屋敷町６４,4928372,2020-12-22,,231224,
B123210007104,B1(小学校),23(愛知),2(公),1(本),稲沢市立国分小学校,愛知県稲沢市矢合町三島屋敷３４４０番地,4928342,2020-12-22,,231225,
B123210007113,B1(小学校),23(愛知),2(公),1(本),稲沢市立千代田小学校,愛知県稲沢市福島町比舎田１０２,4928441,2020-12-22,,231226,
B123210007122,B1(小学校),23(愛知),2(公),1(本),稲沢市立坂田小学校,愛知県稲沢市坂田町狐沢１８,4928454,2020-12-22,,231227,
B123210007131,B1(小学校),23(愛知),2(公),1(本),稲沢市立大里西小学校,愛知県稲沢市奥田計用町１０７番地,4928246,2020-12-22,,231228,
B123210007140,B1(小学校),23(愛知),2(公),1(本),稲沢市立大里東小学校,愛知県稲沢市日下部北町１－２７,4928181,2020-12-22,,231229,
B123210007159,B1(小学校),23(愛知),2(公),1(本),稲沢市立下津小学校,愛知県稲沢市下津ふじ塚町８３,4928052,2020-12-22,,231230,
B123210007168,B1(小学校),23(愛知),2(公),1(本),稲沢市立大塚小学校,愛知県稲沢市大塚北九丁目６８番地,4928215,2020-12-22,,231231,
B123210007177,B1(小学校),23(愛知),2(公),1(本),稲沢市立稲沢北小学校,愛知県稲沢市稲島三丁目５８番地,4928229,2020-12-22,,231232,
B123210007186,B1(小学校),23(愛知),2(公),1(本),稲沢市立高御堂小学校,愛知県稲沢市高御堂１０－３－１,4928213,2020-12-22,,231233,
B123210007195,B1(小学校),23(愛知),2(公),1(本),稲沢市立小正小学校,愛知県稲沢市小池正明寺町東川田４１００,4928147,2020-12-22,,231234,
B123210007202,B1(小学校),23(愛知),2(公),1(本),稲沢市立祖父江小学校,愛知県稲沢市祖父江町祖父江七曲５２,4950001,2020-12-22,,231661,
B123210007211,B1(小学校),23(愛知),2(公),1(本),稲沢市立山崎小学校,愛知県稲沢市祖父江町山崎二本木７０番地,4950002,2020-12-22,,231662,
B123210007220,B1(小学校),23(愛知),2(公),1(本),稲沢市立領内小学校,愛知県稲沢市祖父江町二俣上川原７０６,4950013,2020-12-22,,231663,
B123210007239,B1(小学校),23(愛知),2(公),1(本),稲沢市立丸甲小学校,愛知県稲沢市祖父江町甲新田芝八５－２,4950022,2020-12-22,,231664,
B123210007248,B1(小学校),23(愛知),2(公),1(本),稲沢市立牧川小学校,愛知県稲沢市祖父江町両寺内砂崎９９０番地,4950025,2020-12-22,,231665,
B123210007257,B1(小学校),23(愛知),2(公),1(本),稲沢市立長岡小学校,愛知県稲沢市祖父江町馬飼４４９－１,4950036,2020-12-22,,231666,
B123210007266,B1(小学校),23(愛知),2(公),1(本),稲沢市立法立小学校,愛知県稲沢市平和町法立東瀬古７,4901304,2020-12-22,,231681,
B123210007275,B1(小学校),23(愛知),2(公),1(本),稲沢市立六輪小学校,愛知県稲沢市平和町塩川５２番地,4901323,2020-12-22,,231682,
B123210007284,B1(小学校),23(愛知),2(公),1(本),稲沢市立三宅小学校,愛知県稲沢市平和町下三宅北出１,4901312,2020-12-22,,231683,
B123210007293,B1(小学校),23(愛知),2(公),1(本),新城市立新城小学校,愛知県新城市西入船７６,4411384,2020-12-22,,231251,
B123210007300,B1(小学校),23(愛知),2(公),1(本),新城市立千郷小学校,愛知県新城市杉山字前野４－１,4411341,2020-12-22,,231252,
B123210007319,B1(小学校),23(愛知),2(公),1(本),新城市立東郷西小学校,愛知県新城市平井字東原３７－１,4411362,2020-12-22,,231253,
B123210007328,B1(小学校),23(愛知),2(公),1(本),新城市立東郷東小学校,愛知県新城市八束穂４０４－２,4411318,2020-12-22,,231254,
B123210007337,B1(小学校),23(愛知),2(公),1(本),新城市立舟着小学校,愛知県新城市日吉字小袋１３番地,4411322,2020-12-22,,231255,
B123210007346,B1(小学校),23(愛知),2(公),1(本),新城市立八名小学校,愛知県新城市富岡字半ノ木１５－１,4411335,2020-12-22,,231256,
B123210007355,B1(小学校),23(愛知),2(公),1(本),新城市立庭野小学校,愛知県新城市庭野字川大田３３,4411331,2020-12-22,,231257,
B123210007364,B1(小学校),23(愛知),2(公),1(本),新城市立鳳来中部小学校,愛知県新城市長篠字竹田１４,4411634,2020-12-22,,232241,
B123210007373,B1(小学校),23(愛知),2(公),1(本),新城市立鳳来寺小学校,愛知県新城市玖老勢字大栗平１,4411945,2020-12-22,,232243,
B123210007382,B1(小学校),23(愛知),2(公),1(本),新城市立黄柳川小学校,愛知県新城市下吉田字五反田１８７番地１,4411621,2020-12-22,,231258,
B123210007391,B1(小学校),23(愛知),2(公),1(本),新城市立東陽小学校,愛知県新城市大野字小林７０番地,4411615,2020-12-22,,232257,
B123210007408,B1(小学校),23(愛知),2(公),1(本),新城市立鳳来東小学校,愛知県新城市川合字コシ７５－１,4411601,2020-12-22,,232256,
B123210007417,B1(小学校),23(愛知),2(公),1(本),新城市立作手小学校,愛知県新城市作手高里字縄手上３２,4411423,2020-12-22,,231259,
B123210007426,B1(小学校),23(愛知),2(公),1(本),東海市立緑陽小学校,愛知県東海市名和町石谷８０,4760002,2020-12-22,,231278,
B123210007435,B1(小学校),23(愛知),2(公),1(本),東海市立名和小学校,愛知県東海市名和町山東１０,4760002,2020-12-22,,231271,
B123210007444,B1(小学校),23(愛知),2(公),1(本),東海市立渡内小学校,愛知県東海市荒尾町義呂１－１,4760003,2020-12-22,,231280,
B123210007453,B1(小学校),23(愛知),2(公),1(本),東海市立平洲小学校,愛知県東海市荒尾町片坂１,4760003,2020-12-22,,231272,
B123210007462,B1(小学校),23(愛知),2(公),1(本),東海市立明倫小学校,愛知県東海市荒尾町土取１－１,4760003,2020-12-22,,231273,
B123210007471,B1(小学校),23(愛知),2(公),1(本),東海市立富木島小学校,愛知県東海市富木島町手代４４,4760011,2020-12-22,,231274,
B123210007480,B1(小学校),23(愛知),2(公),1(本),東海市立船島小学校,愛知県東海市冨木島町船島１－１,4760011,2020-12-22,,231282,
B123210007499,B1(小学校),23(愛知),2(公),1(本),東海市立大田小学校,愛知県東海市大田町細田２３,4770031,2020-12-22,,231279,
B123210007505,B1(小学校),23(愛知),2(公),1(本),東海市立横須賀小学校,愛知県東海市高横須賀町大塚３６,4770037,2020-12-22,,231275,
B123210007514,B1(小学校),23(愛知),2(公),1(本),東海市立加木屋小学校,愛知県東海市加木屋町編笠９,4770032,2020-12-22,,231276,
B123210007523,B1(小学校),23(愛知),2(公),1(本),東海市立三ツ池小学校,愛知県東海市加木屋町鎌吉良根９,4770032,2020-12-22,,231281,
B123210007532,B1(小学校),23(愛知),2(公),1(本),東海市立加木屋南小学校,愛知県東海市加木屋町泡池２番地,4770032,2020-12-22,,231277,
B123210007541,B1(小学校),23(愛知),2(公),1(本),大府市立大府小学校,愛知県大府市桃山町５－４４,4740026,2020-12-22,,231301,
B123210007550,B1(小学校),23(愛知),2(公),1(本),大府市立大東小学校,愛知県大府市大東町二丁目６１番地,4740023,2020-12-22,,231309,
B123210007569,B1(小学校),23(愛知),2(公),1(本),大府市立神田小学校,愛知県大府市神田町３－１３５,4740003,2020-12-22,,231302,
B123210007578,B1(小学校),23(愛知),2(公),1(本),大府市立北山小学校,愛知県大府市北山町３－１２０,4740072,2020-12-22,,231305,
B123210007587,B1(小学校),23(愛知),2(公),1(本),大府市立東山小学校,愛知県大府市長根町３－１１１,4740021,2020-12-22,,231308,
B123210007596,B1(小学校),23(愛知),2(公),1(本),大府市立共和西小学校,愛知県大府市共西町１－２９,4740062,2020-12-22,,231307,
B123210007603,B1(小学校),23(愛知),2(公),1(本),大府市立共長小学校,愛知県大府市共和町６－１４０,4740061,2020-12-22,,231303,
B123210007612,B1(小学校),23(愛知),2(公),1(本),大府市立吉田小学校,愛知県大府市吉田町４－３３,4740048,2020-12-22,,231304,
B123210007621,B1(小学校),23(愛知),2(公),1(本),大府市立石ヶ瀬小学校,愛知県大府市江端町６－９９,4740035,2020-12-22,,231306,
B123210007630,B1(小学校),23(愛知),2(公),1(本),知多市立八幡小学校,愛知県知多市八幡字里之前８４,4780001,2020-12-22,,231321,
B123210007649,B1(小学校),23(愛知),2(公),1(本),知多市立新知小学校,愛知県知多市新知字廻間１,4780017,2020-12-22,,231322,
B123210007658,B1(小学校),23(愛知),2(公),1(本),知多市立佐布里小学校,愛知県知多市佐布里字五明２６,4780015,2020-12-22,,231323,
B123210007667,B1(小学校),23(愛知),2(公),1(本),知多市立新田小学校,愛知県知多市八幡字鍋山６５番地,4780001,2020-12-22,,231324,
B123210007676,B1(小学校),23(愛知),2(公),1(本),知多市立岡田小学校,愛知県知多市岡田字段戸坊１,4780021,2020-12-22,,231325,
B123210007685,B1(小学校),23(愛知),2(公),1(本),知多市立旭北小学校,愛知県知多市日長字白山５０,4780041,2020-12-22,,231326,
B123210007694,B1(小学校),23(愛知),2(公),1(本),知多市立旭南小学校,愛知県知多市金沢向山１,4780032,2020-12-22,,231327,
B123210007701,B1(小学校),23(愛知),2(公),1(本),知多市立つつじが丘小学校,愛知県知多市つつじが丘４－２６,4780054,2020-12-22,,231328,
B123210007710,B1(小学校),23(愛知),2(公),1(本),知多市立南粕谷小学校,愛知県知多市南粕谷本町３－７７,4780025,2020-12-22,,231329,
B123210007729,B1(小学校),23(愛知),2(公),1(本),知多市立旭東小学校,愛知県知多市大興寺字広目１０,4780022,2020-12-22,,231330,
B123210007738,B1(小学校),23(愛知),2(公),1(本),知立市立知立小学校,愛知県知立市中町花山７０,4720033,2020-12-22,,231341,
B123210007747,B1(小学校),23(愛知),2(公),1(本),知立市立猿渡小学校,愛知県知立市上重原町小針１１５,4720026,2020-12-22,,231342,
B123210007756,B1(小学校),23(愛知),2(公),1(本),知立市立来迎寺小学校,愛知県知立市来迎寺町外山５－１,4720002,2020-12-22,,231343,
B123210007765,B1(小学校),23(愛知),2(公),1(本),知立市立知立東小学校,愛知県知立市昭和９－１,4720011,2020-12-22,,231344,
B123210007774,B1(小学校),23(愛知),2(公),1(本),知立市立知立西小学校,愛知県知立市鳥居一丁目１３番地２,4720055,2020-12-22,,231345,
B123210007783,B1(小学校),23(愛知),2(公),1(本),知立市立八ツ田小学校,愛知県知立市八ツ田町川畔４５,4720012,2020-12-22,,231346,
B123210007792,B1(小学校),23(愛知),2(公),1(本),知立市立知立南小学校,愛知県知立市新林町新林５５－１,4720017,2020-12-22,,231347,
B123210007809,B1(小学校),23(愛知),2(公),1(本),尾張旭市立旭小学校,愛知県尾張旭市西の野町５－１,4880804,2020-12-22,,231361,
B123210007818,B1(小学校),23(愛知),2(公),1(本),尾張旭市立東栄小学校,愛知県尾張旭市東栄町３－５－１,4880011,2020-12-22,,231362,
B123210007827,B1(小学校),23(愛知),2(公),1(本),尾張旭市立渋川小学校,愛知県尾張旭市渋川町一丁目５番地８,4880839,2020-12-22,,231363,
B123210007836,B1(小学校),23(愛知),2(公),1(本),尾張旭市立本地原小学校,愛知県尾張旭市南新町中畑２５２,4880041,2020-12-22,,231364,
B123210007845,B1(小学校),23(愛知),2(公),1(本),尾張旭市立城山小学校,愛知県尾張旭市城山町城山１３－１,4880884,2020-12-22,,231365,
B123210007854,B1(小学校),23(愛知),2(公),1(本),尾張旭市立白鳳小学校,愛知県尾張旭市白鳳町１－１２,4880858,2020-12-22,,231366,
B123210007863,B1(小学校),23(愛知),2(公),1(本),尾張旭市立瑞鳳小学校,愛知県尾張旭市大塚町２－１０－１,4880826,2020-12-22,,231367,
B123210007872,B1(小学校),23(愛知),2(公),1(本),尾張旭市立旭丘小学校,愛知県尾張旭市大久手町上切戸１１７－１,4880005,2020-12-22,,231368,
B123210007881,B1(小学校),23(愛知),2(公),1(本),尾張旭市立三郷小学校,愛知県尾張旭市瀬戸川町一丁目１２２番地,4880023,2020-12-22,,231369,
B123210007890,B1(小学校),23(愛知),2(公),1(本),高浜市立高浜小学校,愛知県高浜市青木町六丁目１番地１５,4441325,2020-12-22,,231381,
B123210007907,B1(小学校),23(愛知),2(公),1(本),高浜市立吉浜小学校,愛知県高浜市屋敷町五丁目８番地１,4441331,2020-12-22,,231382,
B123210007916,B1(小学校),23(愛知),2(公),1(本),高浜市立高取小学校,愛知県高浜市本郷町六丁目６番地１,4441311,2020-12-22,,231383,
B123210007925,B1(小学校),23(愛知),2(公),1(本),高浜市立港小学校,愛知県高浜市碧海町四丁目１番地７,4441324,2020-12-22,,231384,
B123210007934,B1(小学校),23(愛知),2(公),1(本),高浜市立翼小学校,愛知県高浜市神明町五丁目１番地１,4441305,2020-12-22,,231385,
B123210007943,B1(小学校),23(愛知),2(公),1(本),岩倉市立岩倉北小学校,愛知県岩倉市本町南新溝廻間２,4820043,2020-12-22,,231391,
B123210007952,B1(小学校),23(愛知),2(公),1(本),岩倉市立岩倉南小学校,愛知県岩倉市大地町小森９３－１,4820026,2020-12-22,,231392,
B123210007961,B1(小学校),23(愛知),2(公),1(本),岩倉市立岩倉東小学校,愛知県岩倉市東町掛目１,4820041,2020-12-22,,231393,
B123210007970,B1(小学校),23(愛知),2(公),1(本),岩倉市立五条川小学校,愛知県岩倉市神野町郷浦１８,4820033,2020-12-22,,231394,
B123210007989,B1(小学校),23(愛知),2(公),1(本),岩倉市立曽野小学校,愛知県岩倉市曽野町井森１,4820003,2020-12-22,,231395,
B123210007998,B1(小学校),23(愛知),2(公),1(本),豊明市立豊明小学校,愛知県豊明市阿野町茶屋浦２９番地,4701141,2020-12-22,,231401,
B123210008005,B1(小学校),23(愛知),2(公),1(本),豊明市立中央小学校,愛知県豊明市新田町西筋３８,4701112,2020-12-22,,231402,
B123210008014,B1(小学校),23(愛知),2(公),1(本),豊明市立沓掛小学校,愛知県豊明市沓掛町一之御前１６,4701101,2020-12-22,,231403,
B123210008023,B1(小学校),23(愛知),2(公),1(本),豊明市立栄小学校,愛知県豊明市新栄町２－２９５,4701154,2020-12-22,,231404,
B123210008032,B1(小学校),23(愛知),2(公),9(廃),豊明市立双峰小学校,愛知県豊明市二村台７－３,4701131,2020-12-22,2021-05-27,231405,B123210009656
B123210008041,B1(小学校),23(愛知),2(公),1(本),豊明市立大宮小学校,愛知県豊明市前後町大狭間１４７５,4701151,2020-12-22,,231406,
B123210008050,B1(小学校),23(愛知),2(公),9(廃),豊明市立唐竹小学校,愛知県豊明市二村台１－２７,4701131,2020-12-22,2021-05-27,231407,B123210009656
B123210008069,B1(小学校),23(愛知),2(公),1(本),豊明市立三崎小学校,愛知県豊明市三崎町三崎２－１,4701124,2020-12-22,,231408,
B123210008078,B1(小学校),23(愛知),2(公),1(本),豊明市立舘小学校,愛知県豊明市栄町南舘３－７５８,4701168,2020-12-22,,231409,
B123210008087,B1(小学校),23(愛知),2(公),1(本),日進市立西小学校,愛知県日進市浅田町東田面７６,4700124,2020-12-22,,231511,
B123210008096,B1(小学校),23(愛知),2(公),1(本),日進市立東小学校,愛知県日進市米野木町北畑８－３,4700111,2020-12-22,,231512,
B123210008103,B1(小学校),23(愛知),2(公),1(本),日進市立北小学校,愛知県日進市岩崎町芝内２－１,4700131,2020-12-22,,231513,
B123210008112,B1(小学校),23(愛知),2(公),2(分),日進市立北小学校青葉分校,愛知県日進市岩崎町竹ノ山１４９－１６４,4700131,2020-12-22,,231514,
B123210008121,B1(小学校),23(愛知),2(公),1(本),日進市立南小学校,愛知県日進市折戸町中屋敷７０－３,4700115,2020-12-22,,231515,
B123210008130,B1(小学校),23(愛知),2(公),1(本),日進市立相野山小学校,愛知県日進市北新町相野山１３３１－３,4700103,2020-12-22,,231516,
B123210008149,B1(小学校),23(愛知),2(公),1(本),日進市立香久山小学校,愛知県日進市香久山５－１７０１,4700134,2020-12-22,,231517,
B123210008158,B1(小学校),23(愛知),2(公),1(本),日進市立梨の木小学校,愛知県日進市折戸町梨子ノ木２８－３１,4700115,2020-12-22,,231518,
B123210008167,B1(小学校),23(愛知),2(公),1(本),日進市立赤池小学校,愛知県日進市赤池３－２１０１,4700125,2020-12-22,,231519,
B123210008176,B1(小学校),23(愛知),2(公),1(本),日進市立竹の山小学校,愛知県日進市竹の山四丁目５０２,4700136,2020-12-22,,231520,
B123210008185,B1(小学校),23(愛知),2(公),1(本),田原市立六連小学校,愛知県田原市六連町栗穴４３－１,4413413,2020-12-22,,232341,
B123210008194,B1(小学校),23(愛知),2(公),1(本),田原市立神戸小学校,愛知県田原市神戸町殿畑２６,4413415,2020-12-22,,232342,
B123210008201,B1(小学校),23(愛知),2(公),1(本),田原市立大草小学校,愛知県田原市大草町東畑４３－２,4413425,2020-12-22,,232343,
B123210008210,B1(小学校),23(愛知),2(公),1(本),田原市立田原東部小学校,愛知県田原市豊島町西屋敷１番地３,4413417,2020-12-22,,232344,
B123210008229,B1(小学校),23(愛知),2(公),1(本),田原市立田原南部小学校,愛知県田原市加治町奥恩中６２－１７,4413427,2020-12-22,,232345,
B123210008238,B1(小学校),23(愛知),2(公),1(本),田原市立童浦小学校,愛知県田原市浦町米山６４－１,4413403,2020-12-22,,232346,
B123210008247,B1(小学校),23(愛知),2(公),1(本),田原市立田原中部小学校,愛知県田原市田原町殿町３３,4413421,2020-12-22,,232347,
B123210008256,B1(小学校),23(愛知),2(公),1(本),田原市立衣笠小学校,愛知県田原市田原町東栄巖７０,4413421,2020-12-22,,232349,
B123210008265,B1(小学校),23(愛知),2(公),1(本),田原市立野田小学校,愛知県田原市野田町宮前１,4413432,2020-12-22,,232348,
B123210008274,B1(小学校),23(愛知),2(公),1(本),田原市立高松小学校,愛知県田原市高松町蔵屋敷１８番地,4413501,2020-12-22,,232361,
B123210008283,B1(小学校),23(愛知),2(公),1(本),田原市立赤羽根小学校,愛知県田原市赤羽根町西瀬古８７,4413502,2020-12-22,,232362,
B123210008292,B1(小学校),23(愛知),2(公),1(本),田原市立若戸小学校,愛知県田原市若見町小山２０番地,4413503,2020-12-22,,232363,
B123210008309,B1(小学校),23(愛知),2(公),1(本),田原市立亀山小学校,愛知県田原市亀山町小中原６８－１,4413625,2020-12-22,,232374,
B123210008318,B1(小学校),23(愛知),2(公),1(本),田原市立中山小学校,愛知県田原市中山町天白１－１,4413615,2020-12-22,,232375,
B123210008327,B1(小学校),23(愛知),2(公),1(本),田原市立福江小学校,愛知県田原市福江町宮ノ脇１,4413617,2020-12-22,,232376,
B123210008336,B1(小学校),23(愛知),2(公),1(本),田原市立清田小学校,愛知県田原市古田町寺ノ前１－１,4413613,2020-12-22,,232377,
B123210008345,B1(小学校),23(愛知),2(公),1(本),田原市立泉小学校,愛知県田原市江比間町女郎川６７番地１,4413605,2020-12-22,,232378,
B123210008354,B1(小学校),23(愛知),2(公),1(本),田原市立伊良湖岬小学校,愛知県田原市小塩津町宮構２－７,4413626,2020-12-22,,232379,
B123210008363,B1(小学校),23(愛知),2(公),1(本),愛西市立永和小学校,愛知県愛西市大井町弥八１１５,4960921,2020-12-22,,231791,
B123210008372,B1(小学校),23(愛知),2(公),1(本),愛西市立市江小学校,愛知県愛西市東條町西田面７７,4960914,2020-12-22,,231792,
B123210008381,B1(小学校),23(愛知),2(公),1(本),愛西市立佐屋小学校,愛知県愛西市須依町東田面１７,4960902,2020-12-22,,231793,
B123210008390,B1(小学校),23(愛知),2(公),1(本),愛西市立佐屋西小学校,愛知県愛西市内佐屋町河原１３６,4960903,2020-12-22,,231794,
B123210008407,B1(小学校),23(愛知),2(公),1(本),愛西市立立田南部小学校,愛知県愛西市山路町小割７,4960942,2020-12-22,,231801,
B123210008416,B1(小学校),23(愛知),2(公),1(本),愛西市立立田北部小学校,愛知県愛西市新右エ門新田町郷前８３,4960934,2020-12-22,,231803,
B123210008425,B1(小学校),23(愛知),2(公),1(本),愛西市立八輪小学校,愛知県愛西市立石町宮西３９,4968047,2020-12-22,,231811,
B123210008434,B1(小学校),23(愛知),2(公),1(本),愛西市立開治小学校,愛知県愛西市鵜多須町中道２４８,4968033,2020-12-22,,231812,
B123210008443,B1(小学校),23(愛知),2(公),1(本),愛西市立北河田小学校,愛知県愛西市北河田町郷前４０６,4968008,2020-12-22,,231821,
B123210008452,B1(小学校),23(愛知),2(公),1(本),愛西市立勝幡小学校,愛知県愛西市勝幡町五俵入２２２７,4968001,2020-12-22,,231822,
B123210008461,B1(小学校),23(愛知),2(公),1(本),愛西市立草平小学校,愛知県愛西市草平町北田名５７,4968015,2020-12-22,,231823,
B123210008470,B1(小学校),23(愛知),2(公),1(本),愛西市立西川端小学校,愛知県愛西市西川端町寺東１５,4968019,2020-12-22,,231824,
B123210008489,B1(小学校),23(愛知),2(公),1(本),清須市立西枇杷島小学校,愛知県清須市西枇杷島町住吉１,4520018,2020-12-22,,231541,
B123210008498,B1(小学校),23(愛知),2(公),1(本),清須市立古城小学校,愛知県清須市西枇杷島町城並２丁目２番地の１,4520011,2020-12-22,,231542,
B123210008504,B1(小学校),23(愛知),2(公),1(本),清須市立春日小学校,愛知県清須市春日振形１３１番地,4520961,2020-12-22,,231601,
B123210008513,B1(小学校),23(愛知),2(公),1(本),清須市立清洲小学校,愛知県清須市清洲１０１３,4520942,2020-12-22,,231611,
B123210008522,B1(小学校),23(愛知),2(公),1(本),清須市立清洲東小学校,愛知県清須市清洲２５７６,4520942,2020-12-22,,231612,
B123210008531,B1(小学校),23(愛知),2(公),1(本),清須市立新川小学校,愛知県清須市須ヶ口１２３９,4520905,2020-12-22,,231621,
B123210008540,B1(小学校),23(愛知),2(公),1(本),清須市立星の宮小学校,愛知県清須市阿原神門１２５,4520901,2020-12-22,,231622,
B123210008559,B1(小学校),23(愛知),2(公),1(本),清須市立桃栄小学校,愛知県清須市桃栄２－２１,4520918,2020-12-22,,231623,
B123210008568,B1(小学校),23(愛知),2(公),1(本),北名古屋市立師勝小学校,愛知県北名古屋市能田１０５番地,4810003,2020-12-22,,231561,
B123210008577,B1(小学校),23(愛知),2(公),1(本),北名古屋市立師勝南小学校,愛知県北名古屋市二子曙１－１,4810013,2020-12-22,,231562,
B123210008586,B1(小学校),23(愛知),2(公),1(本),北名古屋市立師勝北小学校,愛知県北名古屋市熊之庄大畔３２,4810006,2020-12-22,,231563,
B123210008595,B1(小学校),23(愛知),2(公),1(本),北名古屋市立師勝東小学校,愛知県北名古屋市六ツ師山の神１００,4810001,2020-12-22,,231564,
B123210008602,B1(小学校),23(愛知),2(公),1(本),北名古屋市立師勝西小学校,愛知県北名古屋市鹿田清水６４番地,4810004,2020-12-22,,231565,
B123210008611,B1(小学校),23(愛知),2(公),1(本),北名古屋市立西春小学校,愛知県北名古屋市西之保八龍８,4810033,2020-12-22,,231581,
B123210008620,B1(小学校),23(愛知),2(公),1(本),北名古屋市立五条小学校,愛知県北名古屋市徳重中道８,4810038,2020-12-22,,231582,
B123210008639,B1(小学校),23(愛知),2(公),1(本),北名古屋市立鴨田小学校,愛知県北名古屋市九之坪高田１,4810041,2020-12-22,,231583,
B123210008648,B1(小学校),23(愛知),2(公),1(本),北名古屋市立栗島小学校,愛知県北名古屋市中之郷栗島２０,4810045,2020-12-22,,231584,
B123210008657,B1(小学校),23(愛知),2(公),1(本),北名古屋市立白木小学校,愛知県北名古屋市沖村井島３２,4810043,2020-12-22,,231585,
B123210008666,B1(小学校),23(愛知),2(公),1(本),弥富市立十四山東部小学校,愛知県弥富市神戸二丁目４番地,4901405,2020-12-22,,231751,
B123210008675,B1(小学校),23(愛知),2(公),1(本),弥富市立十四山西部小学校,愛知県弥富市六條町大山９４,4901401,2020-12-22,,231752,
B123210008684,B1(小学校),23(愛知),2(公),1(本),弥富市立弥生小学校,愛知県弥富市鯏浦町下与太１４２,4980021,2020-12-22,,231771,
B123210008693,B1(小学校),23(愛知),2(公),1(本),弥富市立桜小学校,愛知県弥富市前ヶ須町南本田４２５,4980017,2020-12-22,,231772,
B123210008700,B1(小学校),23(愛知),2(公),1(本),弥富市立栄南小学校,愛知県弥富市狐地２－１６３,4980051,2020-12-22,,231773,
B123210008719,B1(小学校),23(愛知),2(公),1(本),弥富市立大藤小学校,愛知県弥富市芝井十四丁目１１７５,4980041,2020-12-22,,231774,
B123210008728,B1(小学校),23(愛知),2(公),1(本),弥富市立白鳥小学校,愛知県弥富市前ケ平２丁目１８９６－３,4980003,2020-12-22,,231775,
B123210008737,B1(小学校),23(愛知),2(公),1(本),弥富市立日の出小学校,愛知県弥富市平島町西新田１８１,4980031,2020-12-22,,231776,
B123210008746,B1(小学校),23(愛知),2(公),1(本),みよし市立中部小学校,愛知県みよし市三好町宮ノ越３１,4700224,2020-12-22,,232021,
B123210008755,B1(小学校),23(愛知),2(公),1(本),みよし市立北部小学校,愛知県みよし市根浦町３丁目９－４７,4700217,2020-12-22,,232022,
B123210008764,B1(小学校),23(愛知),2(公),1(本),みよし市立南部小学校,愛知県みよし市明知町上細口２７,4700214,2020-12-22,,232023,
B123210008773,B1(小学校),23(愛知),2(公),1(本),みよし市立天王小学校,愛知県みよし市三好町天王５１－７５,4700224,2020-12-22,,232024,
B123210008782,B1(小学校),23(愛知),2(公),1(本),みよし市立三吉小学校,愛知県みよし市三好町半野木１－２７,4700224,2020-12-22,,232025,
B123210008791,B1(小学校),23(愛知),2(公),1(本),みよし市立三好丘小学校,愛知県みよし市三好丘７－１,4700202,2020-12-22,,232026,
B123210008808,B1(小学校),23(愛知),2(公),1(本),みよし市立緑丘小学校,愛知県みよし市三好丘緑１－１－１,4700205,2020-12-22,,232027,
B123210008817,B1(小学校),23(愛知),2(公),1(本),みよし市立黒笹小学校,愛知県みよし市黒笹いずみ３－２６－１,4700232,2020-12-22,,232028,
B123210008826,B1(小学校),23(愛知),2(公),1(本),あま市立七宝小学校,愛知県あま市七宝町桂角田１７７７,4970004,2020-12-22,,231691,
B123210008835,B1(小学校),23(愛知),2(公),1(本),あま市立宝小学校,愛知県あま市七宝町遠島大切戸１２９６,4970002,2020-12-22,,231693,
B123210008844,B1(小学校),23(愛知),2(公),1(本),あま市立伊福小学校,愛知県あま市七宝町伊福河原２８,4970005,2020-12-22,,231692,
B123210008853,B1(小学校),23(愛知),2(公),1(本),あま市立秋竹小学校,愛知県あま市七宝町秋竹中道３５８,4970003,2020-12-22,,231694,
B123210008862,B1(小学校),23(愛知),2(公),1(本),あま市立美和小学校,愛知県あま市木田字小島５５,4901222,2020-12-22,,231701,
B123210008871,B1(小学校),23(愛知),2(公),1(本),あま市立正則小学校,愛知県あま市二ツ寺三本松４６,4901207,2020-12-22,,231702,
B123210008880,B1(小学校),23(愛知),2(公),1(本),あま市立篠田小学校,愛知県あま市篠田十王堂５９,4901211,2020-12-22,,231703,
B123210008899,B1(小学校),23(愛知),2(公),1(本),あま市立美和東小学校,愛知県あま市木折寺田１番地３,4901203,2020-12-22,,231704,
B123210008906,B1(小学校),23(愛知),2(公),1(本),あま市立甚目寺小学校,愛知県あま市甚目寺寺西４０,4901111,2020-12-22,,231711,
B123210008915,B1(小学校),23(愛知),2(公),1(本),あま市立甚目寺南小学校,愛知県あま市中萱津字西ノ川４０,4901113,2020-12-22,,231712,
B123210008924,B1(小学校),23(愛知),2(公),1(本),あま市立甚目寺東小学校,愛知県あま市西今宿六反割６０番地の１,4901104,2020-12-22,,231714,
B123210008933,B1(小学校),23(愛知),2(公),1(本),あま市立甚目寺西小学校,愛知県あま市新居屋三反通１１番地,4901105,2020-12-22,,231715,
B123210008942,B1(小学校),23(愛知),2(公),1(本),長久手市立長久手小学校,愛知県長久手市岩作中縄手４０－１,4801103,2020-12-22,,231531,
B123210008951,B1(小学校),23(愛知),2(公),1(本),長久手市立西小学校,愛知県長久手市打越９０１,4801152,2020-12-22,,231532,
B123210008960,B1(小学校),23(愛知),2(公),1(本),長久手市立東小学校,愛知県長久手市前熊前山１７４,4801102,2020-12-22,,231533,
B123210008979,B1(小学校),23(愛知),2(公),1(本),長久手市立北小学校,愛知県長久手市池田７７番地,4801182,2020-12-22,,231534,
B123210008988,B1(小学校),23(愛知),2(公),1(本),長久手市立南小学校,愛知県長久手市喜婦嶽７０２,4801117,2020-12-22,,231535,
B123210008997,B1(小学校),23(愛知),2(公),1(本),長久手市立市が洞小学校,愛知県長久手市市が洞一丁目１２０３番地,4801147,2020-12-22,,231536,
B123210009004,B1(小学校),23(愛知),2(公),1(本),東郷町立東郷小学校,愛知県愛知郡東郷町諸輪字北山１１２番地,4700151,2020-12-22,,231501,
B123210009013,B1(小学校),23(愛知),2(公),1(本),東郷町立春木台小学校,愛知県愛知郡東郷町春木台４－５－１,4700161,2020-12-22,,231502,
B123210009022,B1(小学校),23(愛知),2(公),1(本),東郷町立諸輪小学校,愛知県愛知郡東郷町諸輪大坊池２９－１１０,4700151,2020-12-22,,231503,
B123210009031,B1(小学校),23(愛知),2(公),1(本),東郷町立音貝小学校,愛知県愛知郡東郷町春木音貝４３－１００,4700162,2020-12-22,,231504,
B123210009040,B1(小学校),23(愛知),2(公),1(本),東郷町立高嶺小学校,愛知県愛知郡東郷町白鳥２－５,4700155,2020-12-22,,231505,
B123210009059,B1(小学校),23(愛知),2(公),1(本),東郷町立兵庫小学校,愛知県愛知郡東郷町兵庫３－１,4700166,2020-12-22,,231506,
B123210009068,B1(小学校),23(愛知),2(公),1(本),豊山町立豊山小学校,愛知県西春日井郡豊山町大字豊場字中之町１０番地,4800202,2020-12-22,,231551,
B123210009077,B1(小学校),23(愛知),2(公),1(本),豊山町立新栄小学校,愛知県西春日井郡豊山町大字青山字東川１００番地,4800201,2020-12-22,,231552,
B123210009086,B1(小学校),23(愛知),2(公),1(本),豊山町立志水小学校,愛知県西春日井郡豊山町大字豊場字下戸１番地,4800202,2020-12-22,,231553,
B123210009095,B1(小学校),23(愛知),2(公),1(本),大口町立大口南小学校,愛知県丹羽郡大口町奈良子三丁目１１６番地,4800139,2020-12-22,,231631,
B123210009102,B1(小学校),23(愛知),2(公),1(本),大口町立大口北小学校,愛知県丹羽郡大口町中小口三丁目２５８番地,4800142,2020-12-22,,231632,
B123210009111,B1(小学校),23(愛知),2(公),1(本),大口町立大口西小学校,愛知県丹羽郡大口町余野六丁目４４０番地,4800146,2020-12-22,,231633,
B123210009120,B1(小学校),23(愛知),2(公),1(本),扶桑町立柏森小学校,愛知県丹羽郡扶桑町柏森丙寺裏４０,4800103,2020-12-22,,231641,
B123210009139,B1(小学校),23(愛知),2(公),1(本),扶桑町立高雄小学校,愛知県丹羽郡扶桑町大字高雄字北海道６１,4800102,2020-12-22,,231642,
B123210009148,B1(小学校),23(愛知),2(公),1(本),扶桑町立山名小学校,愛知県丹羽郡扶桑町南山名字山神浦１５２,4800105,2020-12-22,,231643,
B123210009157,B1(小学校),23(愛知),2(公),1(本),扶桑町立扶桑東小学校,愛知県丹羽郡扶桑町大字高雄字定松郷５８,4800102,2020-12-22,,231644,
B123210009166,B1(小学校),23(愛知),2(公),1(本),大治町立大治小学校,愛知県海部郡大治町堀之内南二反畑６０６,4901137,2020-12-22,,231721,
B123210009175,B1(小学校),23(愛知),2(公),1(本),大治町立大治南小学校,愛知県海部郡大治町砂子字勇八前３２０,4901143,2020-12-22,,231722,
B123210009184,B1(小学校),23(愛知),2(公),1(本),大治町立大治西小学校,愛知県海部郡大治町西條字松下１００番地,4901144,2020-12-22,,231723,
B123210009193,B1(小学校),23(愛知),2(公),1(本),蟹江町立蟹江小学校,愛知県海部郡蟹江町城四丁目５００番地,4970040,2020-12-22,,231731,
B123210009200,B1(小学校),23(愛知),2(公),1(本),蟹江町立舟入小学校,愛知県海部郡蟹江町舟入三丁目７０番地,4970048,2020-12-22,,231732,
B123210009219,B1(小学校),23(愛知),2(公),1(本),蟹江町立須西小学校,愛知県海部郡蟹江町須成西６－１１４,4970036,2020-12-22,,231733,
B123210009228,B1(小学校),23(愛知),2(公),1(本),蟹江町立新蟹江小学校,愛知県海部郡蟹江町蟹江新田字仲川原１９８,4970044,2020-12-22,,231734,
B123210009237,B1(小学校),23(愛知),2(公),1(本),蟹江町立学戸小学校,愛知県海部郡蟹江町学戸四丁目２３６,4970050,2020-12-22,,231735,
B123210009246,B1(小学校),23(愛知),2(公),1(本),阿久比町立東部小学校,愛知県知多郡阿久比町大字宮津字宮平柴１５,4702204,2020-12-22,,231841,
B123210009255,B1(小学校),23(愛知),2(公),1(本),阿久比町立英比小学校,愛知県知多郡阿久比町卯坂北大平７,4702212,2020-12-22,,231842,
B123210009264,B1(小学校),23(愛知),2(公),1(本),阿久比町立草木小学校,愛知県知多郡阿久比町大字草木字中郷７７番地,4702211,2020-12-22,,231843,
B123210009273,B1(小学校),23(愛知),2(公),1(本),阿久比町立南部小学校,愛知県知多郡阿久比町大字植大字北後２４,4702216,2020-12-22,,231844,
B123210009282,B1(小学校),23(愛知),2(公),1(本),東浦町立藤江小学校,愛知県知多郡東浦町大字藤江字仏１３１,4702105,2020-12-22,,231861,
B123210009291,B1(小学校),23(愛知),2(公),1(本),東浦町立生路小学校,愛知県知多郡東浦町生路傍示松１５,4702104,2020-12-22,,231862,
B123210009308,B1(小学校),23(愛知),2(公),1(本),東浦町立片葩小学校,愛知県知多郡東浦町大字石浜字坊ケ谷２,4702103,2020-12-22,,231863,
B123210009317,B1(小学校),23(愛知),2(公),1(本),東浦町立緒川小学校,愛知県知多郡東浦町緒川字八幡７,4702102,2020-12-22,,231864,
B123210009326,B1(小学校),23(愛知),2(公),1(本),東浦町立森岡小学校,愛知県知多郡東浦町森岡字天王西２３,4702101,2020-12-22,,231865,
B123210009335,B1(小学校),23(愛知),2(公),1(本),東浦町立卯ノ里小学校,愛知県知多郡東浦町大字緒川字雁狭間山１８,4702102,2020-12-22,,231866,
B123210009344,B1(小学校),23(愛知),2(公),1(本),東浦町立石浜西小学校,愛知県知多郡東浦町石浜字三ツ池３０,4702103,2020-12-22,,231867,
B123210009353,B1(小学校),23(愛知),2(公),1(本),南知多町立内海小学校,愛知県知多郡南知多町内海中浜田３,4703321,2020-12-22,,231881,
B123210009362,B1(小学校),23(愛知),2(公),1(本),南知多町立豊浜小学校,愛知県知多郡南知多町豊浜下大田面４ー４,4703412,2020-12-22,,231883,
B123210009371,B1(小学校),23(愛知),2(公),9(廃),南知多町立大井小学校,愛知県知多郡南知多町大井入道１７,4703501,2020-12-22,2022-05-01,231885,B123210009665
B123210009380,B1(小学校),23(愛知),2(公),9(廃),南知多町立師崎小学校,愛知県知多郡南知多町師崎松田７－１,4703503,2020-12-22,2022-05-01,231886,B123210009665
B123210009399,B1(小学校),23(愛知),2(公),1(本),南知多町立篠島小学校,愛知県知多郡南知多町大字篠島字南風崎７,4703505,2020-12-22,,231887,
B123210009406,B1(小学校),23(愛知),2(公),1(本),南知多町立日間賀小学校,愛知県知多郡南知多町大字日間賀島字永峯１１,4703504,2020-12-22,,231888,
B123210009415,B1(小学校),23(愛知),2(公),1(本),美浜町立上野間小学校,愛知県知多郡美浜町大字上野間字西之脇１７１,4703231,2020-12-22,,231901,
B123210009424,B1(小学校),23(愛知),2(公),1(本),美浜町立野間小学校,愛知県知多郡美浜町大字野間字石名原７０,4703235,2020-12-22,,231902,
B123210009433,B1(小学校),23(愛知),2(公),1(本),美浜町立奥田小学校,愛知県知多郡美浜町大字奥田字海道田５５－１,4703233,2020-12-22,,231903,
B123210009442,B1(小学校),23(愛知),2(公),1(本),美浜町立河和小学校,愛知県知多郡美浜町大字河和字古屋敷１２４番地,4702404,2020-12-22,,231904,
B123210009451,B1(小学校),23(愛知),2(公),1(本),美浜町立布土小学校,愛知県知多郡美浜町布土字半月１０１,4702401,2020-12-22,,231905,
B123210009460,B1(小学校),23(愛知),2(公),9(廃),美浜町立河和南部小学校,愛知県知多郡美浜町大字豊丘字北平井１１番地,4702414,2020-12-22,2022-05-01,231906,B123210009442
B123210009479,B1(小学校),23(愛知),2(公),1(本),武豊町立武豊小学校,愛知県知多郡武豊町高野前１,4702333,2020-12-22,,231921,
B123210009488,B1(小学校),23(愛知),2(公),1(本),武豊町立富貴小学校,愛知県知多郡武豊町大字富貴字郷南７９,4702531,2020-12-22,,231922,
B123210009497,B1(小学校),23(愛知),2(公),1(本),武豊町立衣浦小学校,愛知県知多郡武豊町字目堀３６番地,4702541,2020-12-22,,231923,
B123210009503,B1(小学校),23(愛知),2(公),1(本),武豊町立緑丘小学校,愛知県知多郡武豊町字長宗１－１,4702389,2020-12-22,,231924,
B123210009512,B1(小学校),23(愛知),2(公),1(本),幸田町立坂崎小学校,愛知県額田郡幸田町坂崎揚り山３１,4440104,2020-12-22,,231981,
B123210009521,B1(小学校),23(愛知),2(公),1(本),幸田町立幸田小学校,愛知県額田郡幸田町大草三ツ石１８,4440103,2020-12-22,,231982,
B123210009530,B1(小学校),23(愛知),2(公),1(本),幸田町立中央小学校,愛知県額田郡幸田町横落北門１,4440114,2020-12-22,,231986,
B123210009549,B1(小学校),23(愛知),2(公),1(本),幸田町立荻谷小学校,愛知県額田郡幸田町芦谷東山１,4440116,2020-12-22,,231983,
B123210009558,B1(小学校),23(愛知),2(公),1(本),幸田町立深溝小学校,愛知県額田郡幸田町深溝字南道祖神１１,4440124,2020-12-22,,231984,
B123210009567,B1(小学校),23(愛知),2(公),1(本),幸田町立豊坂小学校,愛知県額田郡幸田町大字野場鶏島５５,4440128,2020-12-22,,231985,
B123210009576,B1(小学校),23(愛知),2(公),1(本),設楽町立田口小学校,愛知県北設楽郡設楽町田口字白根土１－１,4412301,2020-12-22,,232151,
B123210009585,B1(小学校),23(愛知),2(公),9(廃),設楽町立田峯小学校,愛知県北設楽郡設楽町田峯字下畑９,4412221,2020-12-22,2024-05-01,232153,B123210009576
B123210009594,B1(小学校),23(愛知),2(公),1(本),設楽町立名倉小学校,愛知県北設楽郡設楽町東納庫字丸根２－６,4412432,2020-12-22,,232158,
B123210009601,B1(小学校),23(愛知),2(公),1(本),設楽町立清嶺小学校,愛知県北設楽郡設楽町清崎字箱上２４,4412302,2020-12-22,,232160,
B123210009610,B1(小学校),23(愛知),2(公),1(本),設楽町立津具小学校,愛知県北設楽郡設楽町津具字見出原３－１,4412601,2020-12-22,,232211,
B123210009629,B1(小学校),23(愛知),2(公),1(本),東栄町立東栄小学校,愛知県北設楽郡東栄町大字本郷字上桜平２８－１,4490214,2020-12-22,,232182,
B123210009638,B1(小学校),23(愛知),2(公),1(本),豊根村立豊根小学校,愛知県北設楽郡豊根村上黒川字兎鹿嶋１２－２,4490404,2020-12-22,,232193,
B123210009647,B1(小学校),23(愛知),2(公),1(本),名古屋市立上志段味小学校,愛知県名古屋市守山区上志段味大塚１２２０番地の２,4630001,2021-05-27,,230361,
B123210009656,B1(小学校),23(愛知),2(公),1(本),豊明市立二村台小学校,愛知県豊明市二村台７－３,4701131,2021-05-27,,231410,
B123210009665,B1(小学校),23(愛知),2(公),1(本),みさき小学校,愛知県知多郡南知多町師崎松田７－１,4703503,2022-05-01,,,
B123210009674,B1(小学校),23(愛知),2(公),1(本),名古屋市立丸の内小学校,愛知県名古屋市中区丸の内三丁目３番３５号,4600002,2023-05-01,,,
B123210009683,B1(小学校),23(愛知),2(公),1(本),名古屋市立たかしま小学校,愛知県名古屋市天白区高坂町８９番地,4680025,2024-05-01,,,
B123210009692,B1(小学校),23(愛知),2(公),1(本),瀬戸市立みつば小学校,愛知県瀬戸市八幡台３－１,4890861,2026-05-01,,,
B123210009709,B1(小学校),23(愛知),2(公),1(本),名古屋市立みやこ小学校,愛知県名古屋市千種区内山一丁目４番１５号,4640075,2026-05-01,,,
B123310000001,B1(小学校),23(愛知),3(私),1(本),椙山女学園大学附属小学校,愛知県名古屋市千種区山添町２－２,4640832,2020-12-22,,233001,
B123310000010,B1(小学校),23(愛知),3(私),1(本),南山大学附属小学校,愛知県名古屋市昭和区五軒家町１７－１,4660838,2020-12-22,,233036,
B123310000029,B1(小学校),23(愛知),3(私),1(本),名進研小学校,愛知県名古屋市守山区緑ヶ丘８５３番地１,4630009,2020-12-22,,233061,
B123310000038,B1(小学校),23(愛知),3(私),9(廃),瀬戸ＳＯＬＡＮ小学校,愛知県瀬戸市道泉町７６－１,4890054,2021-05-27,2023-05-01,233100,B123310000047
B123310000047,B1(小学校),23(愛知),3(私),1(本),瀬戸ＳＯＬＡＮ学園初等部,愛知県瀬戸市道泉町７６－１,4890054,2023-05-01,,,
C123110000012,C1(中学校),23(愛知),1(国),1(本),名古屋大学教育学部附属中学校,愛知県名古屋市千種区不老町,4648601,2020-12-22,,233501,
C123110000021,C1(中学校),23(愛知),1(国),1(本),愛知教育大学附属岡崎中学校,愛知県岡崎市明大寺町栗林１,4440864,2020-12-22,,233502,
C123110000030,C1(中学校),23(愛知),1(国),1(本),愛知教育大学附属名古屋中学校,愛知県名古屋市東区大幸南１－１２６,4610047,2020-12-22,,233503,
C123210000001,C1(中学校),23(愛知),2(公),1(本),名古屋市立今池中学校,愛知県名古屋市千種区今池３－１９－１,4640850,2020-12-22,,233511,
C123210000010,C1(中学校),23(愛知),2(公),1(本),名古屋市立城山中学校,愛知県名古屋市千種区西崎町１－４２,4640825,2020-12-22,,233512,
C123210000029,C1(中学校),23(愛知),2(公),1(本),名古屋市立千種台中学校,愛知県名古屋市千種区自由ヶ丘３－３－５５,4640044,2020-12-22,,233513,
C123210000038,C1(中学校),23(愛知),2(公),1(本),名古屋市立振甫中学校,愛知県名古屋市千種区北千種一丁目７番１号,4640083,2020-12-22,,233514,
C123210000047,C1(中学校),23(愛知),2(公),1(本),名古屋市立若水中学校,愛知県名古屋市千種区若水２－６－１,4640071,2020-12-22,,233515,
C123210000056,C1(中学校),23(愛知),2(公),1(本),名古屋市立千種中学校,愛知県名古屋市千種区千代田橋１－１－１２,4640011,2020-12-22,,233517,
C123210000065,C1(中学校),23(愛知),2(公),1(本),名古屋市立東星中学校,愛知県名古屋市千種区星が丘山手１０５,4640808,2020-12-22,,233518,
C123210000074,C1(中学校),23(愛知),2(公),1(本),名古屋市立あずま中学校,愛知県名古屋市東区筒井１－１－１,4610003,2020-12-22,,233526,
C123210000083,C1(中学校),23(愛知),2(公),1(本),名古屋市立冨士中学校,愛知県名古屋市東区東桜１－７－１,4610005,2020-12-22,,233527,
C123210000092,C1(中学校),23(愛知),2(公),1(本),名古屋市立桜丘中学校,愛知県名古屋市東区東大曽根町１１－１,4610022,2020-12-22,,233528,
C123210000109,C1(中学校),23(愛知),2(公),1(本),名古屋市立矢田中学校,愛知県名古屋市東区大幸南１－１－２３,4610047,2020-12-22,,233529,
C123210000118,C1(中学校),23(愛知),2(公),1(本),名古屋市立若葉中学校,愛知県名古屋市北区石園町２－１６,4620855,2020-12-22,,233536,
C123210000127,C1(中学校),23(愛知),2(公),1(本),名古屋市立志賀中学校,愛知県名古屋市北区中丸町３－２－１,4620056,2020-12-22,,233537,
C123210000136,C1(中学校),23(愛知),2(公),1(本),名古屋市立北陵中学校,愛知県名古屋市北区志賀町２－１２,4620037,2020-12-22,,233538,
C123210000145,C1(中学校),23(愛知),2(公),1(本),名古屋市立大曽根中学校,愛知県名古屋市北区上飯田東町２－１００,4620803,2020-12-22,,233539,
C123210000154,C1(中学校),23(愛知),2(公),1(本),名古屋市立八王子中学校,愛知県名古屋市北区清水４－４－１,4620844,2020-12-22,,233540,
C123210000163,C1(中学校),23(愛知),2(公),1(本),名古屋市立楠中学校,愛知県名古屋市北区楠二丁目９５７番地,4620012,2020-12-22,,233541,
C123210000172,C1(中学校),23(愛知),2(公),1(本),名古屋市立北中学校,愛知県名古屋市北区中味鋺２－６５６,4620015,2020-12-22,,233542,
C123210000181,C1(中学校),23(愛知),2(公),1(本),名古屋市立浄心中学校,愛知県名古屋市西区児玉１－１５－１２,4510066,2020-12-22,,233551,
C123210000190,C1(中学校),23(愛知),2(公),1(本),名古屋市立菊井中学校,愛知県名古屋市西区新道１－６－３３,4510043,2020-12-22,,233552,
C123210000207,C1(中学校),23(愛知),2(公),1(本),名古屋市立名塚中学校,愛知県名古屋市西区新福寺町２－１－２,4510083,2020-12-22,,233553,
C123210000216,C1(中学校),23(愛知),2(公),1(本),名古屋市立天神山中学校,愛知県名古屋市西区天神山町４－１２,4510065,2020-12-22,,233554,
C123210000225,C1(中学校),23(愛知),2(公),1(本),名古屋市立山田中学校,愛知県名古屋市西区八筋町３６３番地の１,4520815,2020-12-22,,233555,
C123210000234,C1(中学校),23(愛知),2(公),1(本),名古屋市立山田東中学校,愛知県名古屋市西区宝地町１０,4520808,2020-12-22,,233556,
C123210000243,C1(中学校),23(愛知),2(公),1(本),名古屋市立平田中学校,愛知県名古屋市西区山木一丁目１番地,4520833,2020-12-22,,233557,
C123210000252,C1(中学校),23(愛知),2(公),1(本),名古屋市立豊国中学校,愛知県名古屋市中村区北畑町１－８,4530815,2020-12-22,,233566,
C123210000261,C1(中学校),23(愛知),2(公),1(本),名古屋市立笹島中学校,愛知県名古屋市中村区名駅四丁目１９－１,4500002,2020-12-22,,233567,
C123210000270,C1(中学校),23(愛知),2(公),1(本),名古屋市立笈瀬中学校,愛知県名古屋市中村区佐古前町５－４,4530018,2020-12-22,,233568,
C123210000289,C1(中学校),23(愛知),2(公),1(本),名古屋市立御田中学校,愛知県名古屋市中村区岩塚町２－１０,4530862,2020-12-22,,233569,
C123210000298,C1(中学校),23(愛知),2(公),1(本),名古屋市立豊正中学校,愛知県名古屋市中村区稲葉地町７の１の２,4530841,2020-12-22,,233570,
C123210000305,C1(中学校),23(愛知),2(公),1(本),名古屋市立黄金中学校,愛知県名古屋市中村区権現通４－２８,4530807,2020-12-22,,233571,
C123210000314,C1(中学校),23(愛知),2(公),1(本),名古屋市立日比津中学校,愛知県名古屋市中村区高道町２丁目２番３６号,4530037,2020-12-22,,233572,
C123210000323,C1(中学校),23(愛知),2(公),1(本),名古屋市立前津中学校,愛知県名古屋市中区大須四丁目８－８８,4600011,2020-12-22,,233581,
C123210000332,C1(中学校),23(愛知),2(公),1(本),名古屋市立丸の内中学校,愛知県名古屋市中区三の丸１－９－２,4600001,2020-12-22,,233582,
C123210000341,C1(中学校),23(愛知),2(公),1(本),名古屋市立伊勢山中学校,愛知県名古屋市中区正木三丁目２ー２１,4600024,2020-12-22,,233583,
C123210000350,C1(中学校),23(愛知),2(公),1(本),名古屋市立白山中学校,愛知県名古屋市中区新栄町１－１５－５６,4600007,2020-12-22,,233584,
C123210000369,C1(中学校),23(愛知),2(公),1(本),名古屋市立桜山中学校,愛知県名古屋市昭和区池端町１の１５,4660043,2020-12-22,,233591,
C123210000378,C1(中学校),23(愛知),2(公),1(本),名古屋市立北山中学校,愛知県名古屋市昭和区鶴舞３－９－２３,4660064,2020-12-22,,233592,
C123210000387,C1(中学校),23(愛知),2(公),1(本),名古屋市立川名中学校,愛知県名古屋市昭和区楽園町９３,4660822,2020-12-22,,233593,
C123210000396,C1(中学校),23(愛知),2(公),1(本),名古屋市立円上中学校,愛知県名古屋市昭和区滝子町１７－１８,4660053,2020-12-22,,233594,
C123210000403,C1(中学校),23(愛知),2(公),1(本),名古屋市立駒方中学校,愛知県名古屋市昭和区駒方町３－２３,4660832,2020-12-22,,233595,
C123210000412,C1(中学校),23(愛知),2(公),2(分),名古屋市立川名中学校分校,愛知県名古屋市昭和区折戸町四丁目１６番地,4660858,2020-12-22,,233596,
C123210000421,C1(中学校),23(愛知),2(公),1(本),名古屋市立田光中学校,愛知県名古屋市瑞穂区内浜町５－１６,4670853,2020-12-22,,233606,
C123210000430,C1(中学校),23(愛知),2(公),1(本),名古屋市立瑞穂ケ丘中学校,愛知県名古屋市瑞穂区高田町３－２８,4670808,2020-12-22,,233607,
C123210000449,C1(中学校),23(愛知),2(公),1(本),名古屋市立萩山中学校,愛知県名古屋市瑞穂区市丘町１－４８,4670063,2020-12-22,,233608,
C123210000458,C1(中学校),23(愛知),2(公),1(本),名古屋市立汐路中学校,愛知県名古屋市瑞穂区御莨町４－１６,4670006,2020-12-22,,233609,
C123210000467,C1(中学校),23(愛知),2(公),1(本),名古屋市立津賀田中学校,愛知県名古屋市瑞穂区津賀田町１－３８,4670823,2020-12-22,,233610,
C123210000476,C1(中学校),23(愛知),2(公),1(本),名古屋市立沢上中学校,愛知県名古屋市熱田区五本松町４－４,4560016,2020-12-22,,233621,
C123210000485,C1(中学校),23(愛知),2(公),1(本),名古屋市立宮中学校,愛知県名古屋市熱田区白鳥１‐３‐４６,4560035,2020-12-22,,233622,
C123210000494,C1(中学校),23(愛知),2(公),1(本),名古屋市立日比野中学校,愛知県名古屋市熱田区大宝四丁目２番４５号,4560062,2020-12-22,,233623,
C123210000500,C1(中学校),23(愛知),2(公),2(分),名古屋市立日比野中学校分校,愛知県名古屋市熱田区一番３－２－６０,4560053,2020-12-22,,233624,
C123210000519,C1(中学校),23(愛知),2(公),1(本),名古屋市立一色中学校,愛知県名古屋市中川区一色新町１－７０１,4540946,2020-12-22,,233631,
C123210000528,C1(中学校),23(愛知),2(公),1(本),名古屋市立長良中学校,愛知県名古屋市中川区大畑町１－３－１,4540843,2020-12-22,,233632,
C123210000537,C1(中学校),23(愛知),2(公),1(本),名古屋市立山王中学校,愛知県名古屋市中川区山王三丁目７－３,4540011,2020-12-22,,233633,
C123210000546,C1(中学校),23(愛知),2(公),1(本),名古屋市立一柳中学校,愛知県名古屋市中川区中郷４丁目２３５番地,4540921,2020-12-22,,233634,
C123210000555,C1(中学校),23(愛知),2(公),1(本),名古屋市立八幡中学校,愛知県名古屋市中川区元中野町２－１１,4540048,2020-12-22,,233635,
C123210000564,C1(中学校),23(愛知),2(公),1(本),名古屋市立昭和橋中学校,愛知県名古屋市中川区八剱町１の９,4540054,2020-12-22,,233636,
C123210000573,C1(中学校),23(愛知),2(公),1(本),名古屋市立富田中学校,愛知県名古屋市中川区東春田二丁目７２番地,4540983,2020-12-22,,233637,
C123210000582,C1(中学校),23(愛知),2(公),1(本),名古屋市立はとり中学校,愛知県名古屋市中川区服部２－１７０１,4540976,2020-12-22,,233638,
C123210000591,C1(中学校),23(愛知),2(公),1(本),名古屋市立助光中学校,愛知県名古屋市中川区助光３－２０１,4540947,2020-12-22,,233639,
C123210000608,C1(中学校),23(愛知),2(公),1(本),名古屋市立供米田中学校,愛知県名古屋市中川区供米田２－８０２,4540984,2020-12-22,,233640,
C123210000617,C1(中学校),23(愛知),2(公),1(本),名古屋市立高杉中学校,愛知県名古屋市中川区高杉町１３３番地,4540936,2020-12-22,,233641,
C123210000626,C1(中学校),23(愛知),2(公),1(本),名古屋市立港南中学校,愛知県名古屋市港区稲永１－４－３９,4550842,2020-12-22,,233651,
C123210000635,C1(中学校),23(愛知),2(公),1(本),名古屋市立港北中学校,愛知県名古屋市港区港北町２－１,4550067,2020-12-22,,233652,
C123210000644,C1(中学校),23(愛知),2(公),1(本),名古屋市立東港中学校,愛知県名古屋市港区港楽１－７－１６,4550014,2020-12-22,,233653,
C123210000653,C1(中学校),23(愛知),2(公),1(本),名古屋市立南陽中学校,愛知県名古屋市港区春田野３－１２１,4550873,2020-12-22,,233654,
C123210000662,C1(中学校),23(愛知),2(公),1(本),名古屋市立宝神中学校,愛知県名古屋市港区宝神１－７７,4550832,2020-12-22,,233655,
C123210000671,C1(中学校),23(愛知),2(公),1(本),名古屋市立当知中学校,愛知県名古屋市港区当知１－６０８,4550804,2020-12-22,,233656,
C123210000680,C1(中学校),23(愛知),2(公),1(本),名古屋市立港明中学校,愛知県名古屋市港区港明一丁目１－３８,4550018,2020-12-22,,233657,
C123210000699,C1(中学校),23(愛知),2(公),1(本),名古屋市立南陽東中学校,愛知県名古屋市港区西茶屋１－３５－２,4550858,2020-12-22,,233658,
C123210000706,C1(中学校),23(愛知),2(公),1(本),名古屋市立本城中学校,愛知県名古屋市南区鳥山町３－１,4570057,2020-12-22,,233666,
C123210000715,C1(中学校),23(愛知),2(公),1(本),名古屋市立新郊中学校,愛知県名古屋市南区呼続４－４－８,4570014,2020-12-22,,233667,
C123210000724,C1(中学校),23(愛知),2(公),1(本),名古屋市立桜田中学校,愛知県名古屋市南区中江一丁目４番５２号,4570004,2020-12-22,,233668,
C123210000733,C1(中学校),23(愛知),2(公),1(本),名古屋市立大江中学校,愛知県名古屋市南区道徳新町５－４８,4570847,2020-12-22,,233669,
C123210000742,C1(中学校),23(愛知),2(公),1(本),名古屋市立明豊中学校,愛知県名古屋市南区豊２－３９－３,4570863,2020-12-22,,233670,
C123210000751,C1(中学校),23(愛知),2(公),1(本),名古屋市立名南中学校,愛知県名古屋市南区三吉町５－４３,4570805,2020-12-22,,233671,
C123210000760,C1(中学校),23(愛知),2(公),1(本),名古屋市立南光中学校,愛知県名古屋市南区浜田町４－１１９,4570822,2020-12-22,,233672,
C123210000779,C1(中学校),23(愛知),2(公),1(本),名古屋市立守山中学校,愛知県名古屋市守山区大屋敷１３－６３,4630016,2020-12-22,,233681,
C123210000788,C1(中学校),23(愛知),2(公),1(本),名古屋市立守山東中学校,愛知県名古屋市守山区小幡５－７－３,4630011,2020-12-22,,233682,
C123210000797,C1(中学校),23(愛知),2(公),1(本),名古屋市立守山西中学校,愛知県名古屋市守山区新守町５８番地,4630071,2020-12-22,,233683,
C123210000804,C1(中学校),23(愛知),2(公),1(本),名古屋市立志段味中学校,愛知県名古屋市守山区下志段味一丁目１３０９番地,4630003,2020-12-22,,233684,
C123210000813,C1(中学校),23(愛知),2(公),1(本),名古屋市立大森中学校,愛知県名古屋市守山区大森１－２６０１,4630021,2020-12-22,,233685,
C123210000822,C1(中学校),23(愛知),2(公),1(本),名古屋市立守山北中学校,愛知県名古屋市守山区松坂町１１６－１,4630007,2020-12-22,,233686,
C123210000831,C1(中学校),23(愛知),2(公),1(本),名古屋市立森孝中学校,愛知県名古屋市守山区四軒家二丁目４０５番地,4630034,2020-12-22,,233687,
C123210000840,C1(中学校),23(愛知),2(公),1(本),名古屋市立吉根中学校,愛知県名古屋市守山区笹ヶ根２丁目１０２番地,4630812,2020-12-22,,233688,
C123210000859,C1(中学校),23(愛知),2(公),1(本),名古屋市立鳴海中学校,愛知県名古屋市緑区六田２－９６,4580036,2020-12-22,,233696,
C123210000868,C1(中学校),23(愛知),2(公),1(本),名古屋市立鳴子台中学校,愛知県名古屋市緑区鳴子町３－４０,4580041,2020-12-22,,233697,
C123210000877,C1(中学校),23(愛知),2(公),1(本),名古屋市立大高中学校,愛知県名古屋市緑区森の里１－１０７,4598002,2020-12-22,,233698,
C123210000886,C1(中学校),23(愛知),2(公),1(本),名古屋市立有松中学校,愛知県名古屋市緑区有松町大字桶狭間字高根３９－８３,4580911,2020-12-22,,233699,
C123210000895,C1(中学校),23(愛知),2(公),1(本),名古屋市立東陵中学校,愛知県名古屋市緑区東陵１３５３番地,4580838,2020-12-22,,233700,
C123210000902,C1(中学校),23(愛知),2(公),1(本),名古屋市立千鳥丘中学校,愛知県名古屋市緑区鳴海町字山ノ神１０８,4580801,2020-12-22,,233701,
C123210000911,C1(中学校),23(愛知),2(公),1(本),名古屋市立神沢中学校,愛知県名古屋市緑区神沢２－１２０１,4580014,2020-12-22,,233702,
C123210000920,C1(中学校),23(愛知),2(公),1(本),名古屋市立扇台中学校,愛知県名古屋市緑区徳重１－１２０１,4580815,2020-12-22,,233703,
C123210000939,C1(中学校),23(愛知),2(公),1(本),名古屋市立滝ノ水中学校,愛知県名古屋市緑区滝ノ水三丁目６０２番地,4580021,2020-12-22,,233704,
C123210000948,C1(中学校),23(愛知),2(公),1(本),名古屋市立左京山中学校,愛知県名古屋市緑区左京山１４０７,4580825,2020-12-22,,233705,
C123210000957,C1(中学校),23(愛知),2(公),1(本),名古屋市立鎌倉台中学校,愛知県名古屋市緑区鎌倉台２－４０２,4580829,2020-12-22,,233706,
C123210000966,C1(中学校),23(愛知),2(公),1(本),名古屋市立神の倉中学校,愛知県名古屋市緑区白土１２０１,4580836,2020-12-22,,233707,
C123210000975,C1(中学校),23(愛知),2(公),1(本),名古屋市立猪高中学校,愛知県名古屋市名東区丁田町３３,4650027,2020-12-22,,233711,
C123210000984,C1(中学校),23(愛知),2(公),1(本),名古屋市立神丘中学校,愛知県名古屋市名東区神丘町１－１８,4650083,2020-12-22,,233712,
C123210000993,C1(中学校),23(愛知),2(公),1(本),名古屋市立高針台中学校,愛知県名古屋市名東区勢子坊３‐８０１,4650055,2020-12-22,,233713,
C123210001000,C1(中学校),23(愛知),2(公),1(本),名古屋市立猪子石中学校,愛知県名古屋市千種区千代が丘２番５号,4640005,2020-12-22,,233714,
C123210001019,C1(中学校),23(愛知),2(公),1(本),名古屋市立藤森中学校,愛知県名古屋市名東区小池町６６,4650047,2020-12-22,,233715,
C123210001028,C1(中学校),23(愛知),2(公),1(本),名古屋市立牧の池中学校,愛知県名古屋市名東区梅森坂１－２５０４,4650065,2020-12-22,,233716,
C123210001037,C1(中学校),23(愛知),2(公),1(本),名古屋市立上社中学校,愛知県名古屋市名東区社が丘４－３０１,4650051,2020-12-22,,233717,
C123210001046,C1(中学校),23(愛知),2(公),1(本),名古屋市立香流中学校,愛知県名古屋市名東区猪子石原２－１３０１,4650008,2020-12-22,,233718,
C123210001055,C1(中学校),23(愛知),2(公),1(本),名古屋市立天白中学校,愛知県名古屋市天白区池場五丁目１０１４番地,4680055,2020-12-22,,233726,
C123210001064,C1(中学校),23(愛知),2(公),1(本),名古屋市立御幸山中学校,愛知県名古屋市天白区御幸山１００１,4680075,2020-12-22,,233727,
C123210001073,C1(中学校),23(愛知),2(公),1(本),名古屋市立久方中学校,愛知県名古屋市天白区久方３－１６３,4680034,2020-12-22,,233728,
C123210001082,C1(中学校),23(愛知),2(公),1(本),名古屋市立平針中学校,愛知県名古屋市天白区中平４－７０１,4680014,2020-12-22,,233729,
C123210001091,C1(中学校),23(愛知),2(公),1(本),名古屋市立南天白中学校,愛知県名古屋市天白区笹原町１０１,4680044,2020-12-22,,233730,
C123210001108,C1(中学校),23(愛知),2(公),1(本),名古屋市立植田中学校,愛知県名古屋市天白区植田本町１－７０２,4680007,2020-12-22,,233731,
C123210001117,C1(中学校),23(愛知),2(公),1(本),名古屋市立原中学校,愛知県名古屋市天白区原４－１９０２－１,4680015,2020-12-22,,233732,
C123210001126,C1(中学校),23(愛知),2(公),1(本),豊橋市立豊岡中学校,愛知県豊橋市中岩田一丁目５－２,4400832,2020-12-22,,233801,
C123210001135,C1(中学校),23(愛知),2(公),1(本),豊橋市立中部中学校,愛知県豊橋市舟原町１５４,4400813,2020-12-22,,233802,
C123210001144,C1(中学校),23(愛知),2(公),1(本),豊橋市立豊城中学校,愛知県豊橋市今橋町２番地の１,4400801,2020-12-22,,233803,
C123210001153,C1(中学校),23(愛知),2(公),1(本),豊橋市立青陵中学校,愛知県豊橋市牛川町字洗島１０８番地の１,4400016,2020-12-22,,233804,
C123210001162,C1(中学校),23(愛知),2(公),1(本),豊橋市立羽田中学校,愛知県豊橋市西羽田町４３－１,4418081,2020-12-22,,233805,
C123210001171,C1(中学校),23(愛知),2(公),1(本),豊橋市立牟呂中学校,愛知県豊橋市神野新田町字イノ割１ー３,4418077,2020-12-22,,233806,
C123210001180,C1(中学校),23(愛知),2(公),1(本),豊橋市立吉田方中学校,愛知県豊橋市高洲町長弦７３－１,4418006,2020-12-22,,233807,
C123210001199,C1(中学校),23(愛知),2(公),1(本),豊橋市立南部中学校,愛知県豊橋市北山町字東浦１－４,4418105,2020-12-22,,233808,
C123210001206,C1(中学校),23(愛知),2(公),1(本),豊橋市立南稜中学校,愛知県豊橋市植田町字的場５０,4418134,2020-12-22,,233809,
C123210001215,C1(中学校),23(愛知),2(公),1(本),豊橋市立北部中学校,愛知県豊橋市下地町字長池１,4400086,2020-12-22,,233810,
C123210001224,C1(中学校),23(愛知),2(公),1(本),豊橋市立前芝中学校,愛知県豊橋市前芝町字塩見１,4410152,2020-12-22,,233811,
C123210001233,C1(中学校),23(愛知),2(公),1(本),豊橋市立石巻中学校,愛知県豊橋市石巻本町字出口１番地,4411115,2020-12-22,,233812,
C123210001242,C1(中学校),23(愛知),2(公),1(本),豊橋市立二川中学校,愛知県豊橋市二川町字西向山４１番地の１０,4413154,2020-12-22,,233813,
C123210001251,C1(中学校),23(愛知),2(公),1(本),豊橋市立五並中学校,愛知県豊橋市細谷町字北芋ヶ谷３０－４４,4413113,2020-12-22,,233814,
C123210001260,C1(中学校),23(愛知),2(公),1(本),豊橋市立高豊中学校,愛知県豊橋市伊古部町字原２４ー１,4413211,2020-12-22,,233815,
C123210001279,C1(中学校),23(愛知),2(公),1(本),豊橋市立章南中学校,愛知県豊橋市老津町字宮脇１５番地の２,4413301,2020-12-22,,233816,
C123210001288,C1(中学校),23(愛知),2(公),1(本),豊橋市立高師台中学校,愛知県豊橋市西幸町字浜池３２８,4418113,2020-12-22,,233817,
C123210001297,C1(中学校),23(愛知),2(公),1(本),豊橋市立東部中学校,愛知県豊橋市飯村北四丁目１番地の２,4400834,2020-12-22,,233818,
C123210001304,C1(中学校),23(愛知),2(公),1(本),豊橋市立南陽中学校,愛知県豊橋市駒形町字南欠下１－１,4418145,2020-12-22,,233819,
C123210001313,C1(中学校),23(愛知),2(公),1(本),豊橋市立本郷中学校,愛知県豊橋市高師本郷町字竹ノ内９０番地の１,4418153,2020-12-22,,233820,
C123210001322,C1(中学校),23(愛知),2(公),1(本),豊橋市立東陽中学校,愛知県豊橋市岩崎町字野田１－２,4400022,2020-12-22,,233821,
C123210001331,C1(中学校),23(愛知),2(公),1(本),豊橋市立東陵中学校,愛知県豊橋市牛川町字乗小路３２－３５,4400006,2020-12-22,,233822,
C123210001340,C1(中学校),23(愛知),2(公),1(本),岡崎市立甲山中学校,愛知県岡崎市中町字北野東２０番地１,4440015,2020-12-22,,233841,
C123210001359,C1(中学校),23(愛知),2(公),1(本),岡崎市立美川中学校,愛知県岡崎市丸山町字ハサマ４番地１,4440006,2020-12-22,,233842,
C123210001368,C1(中学校),23(愛知),2(公),1(本),岡崎市立南中学校,愛知県岡崎市戸崎町字野畔８番地１,4440840,2020-12-22,,233843,
C123210001377,C1(中学校),23(愛知),2(公),1(本),岡崎市立竜海中学校,愛知県岡崎市明大寺町字栗林４８番地１,4440864,2020-12-22,,233844,
C123210001386,C1(中学校),23(愛知),2(公),1(本),岡崎市立葵中学校,愛知県岡崎市伊賀新町３１番地１,4440078,2020-12-22,,233845,
C123210001395,C1(中学校),23(愛知),2(公),1(本),岡崎市立城北中学校,愛知県岡崎市城北町３番地１,4440064,2020-12-22,,233846,
C123210001402,C1(中学校),23(愛知),2(公),1(本),岡崎市立福岡中学校,愛知県岡崎市福岡町字井杭３番地,4440825,2020-12-22,,233847,
C123210001411,C1(中学校),23(愛知),2(公),1(本),岡崎市立東海中学校,愛知県岡崎市山綱町字中柴５１番地,4443513,2020-12-22,,233848,
C123210001420,C1(中学校),23(愛知),2(公),1(本),岡崎市立河合中学校,愛知県岡崎市茅原沢町字上平７番地,4443335,2020-12-22,,233849,
C123210001439,C1(中学校),23(愛知),2(公),1(本),岡崎市立常磐中学校,愛知県岡崎市滝町字山籠１０９番地,4443173,2020-12-22,,233850,
C123210001448,C1(中学校),23(愛知),2(公),1(本),岡崎市立岩津中学校,愛知県岡崎市東蔵前二丁目３６番地,4442145,2020-12-22,,233852,
C123210001457,C1(中学校),23(愛知),2(公),1(本),岡崎市立矢作中学校,愛知県岡崎市暮戸町字蓮代１８番地,4440941,2020-12-22,,233853,
C123210001466,C1(中学校),23(愛知),2(公),1(本),岡崎市立六ツ美中学校,愛知県岡崎市下青野町字井戸尻７２番地,4440244,2020-12-22,,233854,
C123210001475,C1(中学校),23(愛知),2(公),1(本),岡崎市立矢作北中学校,愛知県岡崎市東大友町字筆屋４３番地１,4440903,2020-12-22,,233855,
C123210001484,C1(中学校),23(愛知),2(公),1(本),岡崎市立新香山中学校,愛知県岡崎市桑原町字大沢２０番地８６,4442141,2020-12-22,,233856,
C123210001493,C1(中学校),23(愛知),2(公),1(本),岡崎市立竜南中学校,愛知県岡崎市緑丘二丁目１７番地,4440806,2020-12-22,,233857,
C123210001509,C1(中学校),23(愛知),2(公),1(本),岡崎市立北中学校,愛知県岡崎市上里一丁目１０番地,4442136,2020-12-22,,233858,
C123210001518,C1(中学校),23(愛知),2(公),1(本),岡崎市立六ツ美北中学校,愛知県岡崎市井内町字六反２番地,4440203,2020-12-22,,233859,
C123210001527,C1(中学校),23(愛知),2(公),1(本),岡崎市立額田中学校,愛知県岡崎市樫山町字原新田８８番地,4443622,2020-12-22,,234386,
C123210001536,C1(中学校),23(愛知),2(公),1(本),岡崎市立翔南中学校,愛知県岡崎市針崎町字春咲１番地２,4440827,2020-12-22,,233860,
C123210001545,C1(中学校),23(愛知),2(公),1(本),一宮市立北部中学校,愛知県一宮市貴船１丁目６番１０号,4910037,2020-12-22,,233871,
C123210001554,C1(中学校),23(愛知),2(公),1(本),一宮市立中部中学校,愛知県一宮市八幡４－１－１１１,4910903,2020-12-22,,233872,
C123210001563,C1(中学校),23(愛知),2(公),1(本),一宮市立南部中学校,愛知県一宮市浅野字土井ノ内１－１,4910871,2020-12-22,,233873,
C123210001572,C1(中学校),23(愛知),2(公),1(本),一宮市立葉栗中学校,愛知県一宮市高田字清水１００番地,4910125,2020-12-22,,233874,
C123210001581,C1(中学校),23(愛知),2(公),1(本),一宮市立西成中学校,愛知県一宮市西大海道字柏木１５,4910005,2020-12-22,,233875,
C123210001590,C1(中学校),23(愛知),2(公),1(本),一宮市立丹陽中学校,愛知県一宮市丹陽町三ツ井字鬼ヶ島６番地,4910826,2020-12-22,,233876,
C123210001607,C1(中学校),23(愛知),2(公),1(本),一宮市立浅井中学校,愛知県一宮市浅井町前野字郷西１４５,4910103,2020-12-22,,233877,
C123210001616,C1(中学校),23(愛知),2(公),1(本),一宮市立北方中学校,愛知県一宮市北方町北方字宮浦４２,4938001,2020-12-22,,233878,
C123210001625,C1(中学校),23(愛知),2(公),1(本),一宮市立大和中学校,愛知県一宮市大和町苅安賀上東出８０番地,4910934,2020-12-22,,233879,
C123210001634,C1(中学校),23(愛知),2(公),1(本),一宮市立今伊勢中学校,愛知県一宮市今伊勢町宮後字郷中茶原５２,4910057,2020-12-22,,233880,
C123210001643,C1(中学校),23(愛知),2(公),1(本),一宮市立奥中学校,愛知県一宮市奥町字上平池５５,4910201,2020-12-22,,233881,
C123210001652,C1(中学校),23(愛知),2(公),1(本),一宮市立萩原中学校,愛知県一宮市萩原町串作字河室浦１番地,4910376,2020-12-22,,233882,
C123210001661,C1(中学校),23(愛知),2(公),1(本),一宮市立千秋中学校,愛知県一宮市千秋町佐野字高須２９８２,4910804,2020-12-22,,233883,
C123210001670,C1(中学校),23(愛知),2(公),1(本),一宮市立西成東部中学校,愛知県一宮市定水寺字五反田１０,4910004,2020-12-22,,233884,
C123210001689,C1(中学校),23(愛知),2(公),1(本),一宮市立大和南中学校,愛知県一宮市大和町南高井字蓮原２番地の１,4910925,2020-12-22,,233885,
C123210001698,C1(中学校),23(愛知),2(公),1(本),一宮市立尾西第一中学校,愛知県一宮市三条字宮西５０番地,4940003,2020-12-22,,234096,
C123210001705,C1(中学校),23(愛知),2(公),1(本),一宮市立尾西第二中学校,愛知県一宮市明地字油屋前３０,4940012,2020-12-22,,234097,
C123210001714,C1(中学校),23(愛知),2(公),1(本),一宮市立尾西第三中学校,愛知県一宮市開明字村上５４,4940001,2020-12-22,,234098,
C123210001723,C1(中学校),23(愛知),2(公),1(本),一宮市立木曽川中学校,愛知県一宮市木曽川町里小牧字北青木２５,4930005,2020-12-22,,234261,
C123210001732,C1(中学校),23(愛知),2(公),1(本),瀬戸市立水無瀬中学校,愛知県瀬戸市原山町１,4890889,2020-12-22,,233901,
C123210001741,C1(中学校),23(愛知),2(公),1(本),瀬戸市立南山中学校,愛知県瀬戸市ひまわり台５－１,4890981,2020-12-22,,233903,
C123210001750,C1(中学校),23(愛知),2(公),1(本),瀬戸市立幡山中学校,愛知県瀬戸市幡中町１０６,4890946,2020-12-22,,233905,
C123210001769,C1(中学校),23(愛知),2(公),1(本),瀬戸市立品野中学校,愛知県瀬戸市広之田町２－５,4801203,2020-12-22,,233906,
C123210001778,C1(中学校),23(愛知),2(公),1(本),瀬戸市立光陵中学校,愛知県瀬戸市萩山台９－２４４,4890886,2020-12-22,,233907,
C123210001787,C1(中学校),23(愛知),2(公),1(本),瀬戸市立水野中学校,愛知県瀬戸市日の出町３４,4890004,2020-12-22,,233908,
C123210001796,C1(中学校),23(愛知),2(公),1(本),瀬戸市立にじの丘中学校,愛知県瀬戸市中山町１番地５７,4890835,2020-12-22,,233909,
C123210001803,C1(中学校),23(愛知),2(公),1(本),半田市立半田中学校,愛知県半田市岩滑東町５－８０,4750905,2020-12-22,,233916,
C123210001812,C1(中学校),23(愛知),2(公),1(本),半田市立乙川中学校,愛知県半田市大池町３－１,4750087,2020-12-22,,233917,
C123210001821,C1(中学校),23(愛知),2(公),1(本),半田市立亀崎中学校,愛知県半田市亀崎高根町５－４０,4750024,2020-12-22,,233918,
C123210001830,C1(中学校),23(愛知),2(公),1(本),半田市立成岩中学校,愛知県半田市昭和町３－８,4750922,2020-12-22,,233919,
C123210001849,C1(中学校),23(愛知),2(公),1(本),半田市立青山中学校,愛知県半田市青山５－６－１,4750836,2020-12-22,,233920,
C123210001858,C1(中学校),23(愛知),2(公),2(分),半田市立青山中学校ならわ学園分校,愛知県半田市鴉根町３丁目４０番地の１,4750932,2020-12-22,,233921,
C123210001867,C1(中学校),23(愛知),2(公),1(本),春日井市立東部中学校,愛知県春日井市篠木町６－１３１５－１,4860851,2020-12-22,,233926,
C123210001876,C1(中学校),23(愛知),2(公),1(本),春日井市立中部中学校,愛知県春日井市王子町４,4860834,2020-12-22,,233927,
C123210001885,C1(中学校),23(愛知),2(公),1(本),春日井市立西部中学校,愛知県春日井市宮町字宮町１７５,4860904,2020-12-22,,233928,
C123210001894,C1(中学校),23(愛知),2(公),1(本),春日井市立坂下中学校,愛知県春日井市神屋町４０８,4800304,2020-12-22,,233929,
C123210001901,C1(中学校),23(愛知),2(公),1(本),春日井市立高蔵寺中学校,愛知県春日井市高蔵寺町北２－５９６,4870016,2020-12-22,,233930,
C123210001910,C1(中学校),23(愛知),2(公),1(本),春日井市立藤山台中学校,愛知県春日井市藤山台１－２,4870035,2020-12-22,,233931,
C123210001929,C1(中学校),23(愛知),2(公),1(本),春日井市立知多中学校,愛知県春日井市知多町４－６４,4860947,2020-12-22,,233932,
C123210001938,C1(中学校),23(愛知),2(公),1(本),春日井市立鷹来中学校,愛知県春日井市鷹来町３３１６,4860804,2020-12-22,,233933,
C123210001947,C1(中学校),23(愛知),2(公),1(本),春日井市立松原中学校,愛知県春日井市西山町３－８－８,4860803,2020-12-22,,233934,
C123210001956,C1(中学校),23(愛知),2(公),1(本),春日井市立高森台中学校,愛知県春日井市高森台８－６,4870032,2020-12-22,,233935,
C123210001965,C1(中学校),23(愛知),2(公),1(本),春日井市立柏原中学校,愛知県春日井市柏原町５－３７５,4860913,2020-12-22,,233936,
C123210001974,C1(中学校),23(愛知),2(公),1(本),春日井市立味美中学校,愛知県春日井市西本町２の１の１,4860958,2020-12-22,,233937,
C123210001983,C1(中学校),23(愛知),2(公),1(本),春日井市立南城中学校,愛知県春日井市下市場町１－２－３,4860852,2020-12-22,,233938,
C123210001992,C1(中学校),23(愛知),2(公),1(本),春日井市立石尾台中学校,愛知県春日井市石尾台６－２２,4870006,2020-12-22,,233939,
C123210002009,C1(中学校),23(愛知),2(公),1(本),春日井市立岩成台中学校,愛知県春日井市岩成台８－２,4870033,2020-12-22,,233940,
C123210002018,C1(中学校),23(愛知),2(公),1(本),春日井市立尾東中学校,愛知県春日井市神屋町７１３－１,4800304,2020-12-22,,233941,
C123210002027,C1(中学校),23(愛知),2(公),1(本),豊川市立東部中学校,愛知県豊川市西豊町２－１９１,4420024,2020-12-22,,233946,
C123210002036,C1(中学校),23(愛知),2(公),1(本),豊川市立南部中学校,愛知県豊川市光明町２丁目４２番地,4420884,2020-12-22,,233947,
C123210002045,C1(中学校),23(愛知),2(公),1(本),豊川市立中部中学校,愛知県豊川市市田町西浦４１,4420862,2020-12-22,,233948,
C123210002054,C1(中学校),23(愛知),2(公),1(本),豊川市立西部中学校,愛知県豊川市国府町岡本２４－２,4420854,2020-12-22,,233949,
C123210002063,C1(中学校),23(愛知),2(公),1(本),豊川市立代田中学校,愛知県豊川市代田町１－２０－１,4420841,2020-12-22,,233950,
C123210002072,C1(中学校),23(愛知),2(公),1(本),豊川市立金屋中学校,愛知県豊川市金屋西町１－２,4420067,2020-12-22,,233951,
C123210002081,C1(中学校),23(愛知),2(公),1(本),豊川市立音羽中学校,愛知県豊川市赤坂町西縄手６６,4410202,2020-12-22,,234471,
C123210002090,C1(中学校),23(愛知),2(公),1(本),豊川市立一宮中学校,愛知県豊川市一宮町上新切３３－２４７,4411231,2020-12-22,,234476,
C123210002107,C1(中学校),23(愛知),2(公),1(本),豊川市立小坂井中学校,愛知県豊川市伊奈町古当１０３,4410105,2020-12-22,,234481,
C123210002116,C1(中学校),23(愛知),2(公),1(本),豊川市立御津中学校,愛知県豊川市御津町泙野字山下２０,4410313,2020-12-22,,234486,
C123210002125,C1(中学校),23(愛知),2(公),1(本),津島市立天王中学校,愛知県津島市宮川町２－４５,4960853,2020-12-22,,233961,
C123210002134,C1(中学校),23(愛知),2(公),1(本),津島市立藤浪中学校,愛知県津島市西柳原町４－４５,4960047,2020-12-22,,233962,
C123210002143,C1(中学校),23(愛知),2(公),1(本),津島市立神守中学校,愛知県津島市百島町観音坊３２－１,4960019,2020-12-22,,233963,
C123210002152,C1(中学校),23(愛知),2(公),1(本),津島市立暁中学校,愛知県津島市唐臼町囲外１,4960026,2020-12-22,,233964,
C123210002161,C1(中学校),23(愛知),2(公),1(本),碧南市立新川中学校,愛知県碧南市新川町１－１,4470863,2020-12-22,,233971,
C123210002170,C1(中学校),23(愛知),2(公),1(本),碧南市立南中学校,愛知県碧南市春日町１－１,4470888,2020-12-22,,233972,
C123210002189,C1(中学校),23(愛知),2(公),1(本),碧南市立東中学校,愛知県碧南市天神町３－８８,4470033,2020-12-22,,233973,
C123210002198,C1(中学校),23(愛知),2(公),1(本),碧南市立西端中学校,愛知県碧南市神田３－１０,4470016,2020-12-22,,233974,
C123210002205,C1(中学校),23(愛知),2(公),1(本),碧南市立中央中学校,愛知県碧南市植出町５－２,4470047,2020-12-22,,233975,
C123210002214,C1(中学校),23(愛知),2(公),1(本),刈谷市立刈谷南中学校,愛知県刈谷市住吉町２－１,4480852,2020-12-22,,233981,
C123210002223,C1(中学校),23(愛知),2(公),1(本),刈谷市立刈谷東中学校,愛知県刈谷市山池町１－２０１,4480036,2020-12-22,,233982,
C123210002232,C1(中学校),23(愛知),2(公),1(本),刈谷市立富士松中学校,愛知県刈谷市今川町花岡１１４番地,4480005,2020-12-22,,233983,
C123210002241,C1(中学校),23(愛知),2(公),1(本),刈谷市立依佐美中学校,愛知県刈谷市小垣江町上沢渡５－１,4480813,2020-12-22,,233984,
C123210002250,C1(中学校),23(愛知),2(公),1(本),刈谷市立雁が音中学校,愛知県刈谷市築地町３－９－１,4480011,2020-12-22,,233985,
C123210002269,C1(中学校),23(愛知),2(公),1(本),刈谷市立朝日中学校,愛知県刈谷市野田町陣戸池１５２,4480803,2020-12-22,,233987,
C123210002278,C1(中学校),23(愛知),2(公),1(本),豊田市立崇化館中学校,愛知県豊田市栄町２－６－１,4710066,2020-12-22,,233991,
C123210002287,C1(中学校),23(愛知),2(公),1(本),豊田市立朝日丘中学校,愛知県豊田市朝日ケ丘５－３４,4710858,2020-12-22,,233992,
C123210002296,C1(中学校),23(愛知),2(公),1(本),豊田市立豊南中学校,愛知県豊田市水源町１－１７,4710822,2020-12-22,,233993,
C123210002303,C1(中学校),23(愛知),2(公),1(本),豊田市立高橋中学校,愛知県豊田市高橋町４－７０,4710019,2020-12-22,,233994,
C123210002312,C1(中学校),23(愛知),2(公),1(本),豊田市立上郷中学校,愛知県豊田市上郷町４－５－１,4701218,2020-12-22,,233995,
C123210002321,C1(中学校),23(愛知),2(公),1(本),豊田市立高岡中学校,愛知県豊田市若林西町広崎８２番地１,4730917,2020-12-22,,233996,
C123210002330,C1(中学校),23(愛知),2(公),1(本),豊田市立保見中学校,愛知県豊田市保見町北山１８,4700344,2020-12-22,,233997,
C123210002349,C1(中学校),23(愛知),2(公),1(本),豊田市立猿投中学校,愛知県豊田市加納町東股１５,4700364,2020-12-22,,233998,
C123210002358,C1(中学校),23(愛知),2(公),1(本),豊田市立猿投台中学校,愛知県豊田市青木町３－８０,4700335,2020-12-22,,233999,
C123210002367,C1(中学校),23(愛知),2(公),1(本),豊田市立石野中学校,愛知県豊田市力石町井ノ上６００番地の１,4700318,2020-12-22,,234000,
C123210002376,C1(中学校),23(愛知),2(公),1(本),豊田市立松平中学校,愛知県豊田市九久平町河原畑３７,4442216,2020-12-22,,234002,
C123210002385,C1(中学校),23(愛知),2(公),1(本),豊田市立竜神中学校,愛知県豊田市竜神町竜神１６番地１,4730907,2020-12-22,,234001,
C123210002394,C1(中学校),23(愛知),2(公),1(本),豊田市立美里中学校,愛知県豊田市美里４－５－１,4710805,2020-12-22,,234003,
C123210002401,C1(中学校),23(愛知),2(公),1(本),豊田市立逢妻中学校,愛知県豊田市新町１－４６－５,4710044,2020-12-22,,234004,
C123210002410,C1(中学校),23(愛知),2(公),1(本),豊田市立若園中学校,愛知県豊田市花園町脇ノ田１３－３,4730924,2020-12-22,,234005,
C123210002429,C1(中学校),23(愛知),2(公),1(本),豊田市立梅坪台中学校,愛知県豊田市西山町１－２１－１,4710062,2020-12-22,,234006,
C123210002438,C1(中学校),23(愛知),2(公),1(本),豊田市立前林中学校,愛知県豊田市前林町行田６０,4730934,2020-12-22,,234007,
C123210002447,C1(中学校),23(愛知),2(公),1(本),豊田市立益富中学校,愛知県豊田市志賀町浜居場６２５番地,4710802,2020-12-22,,234008,
C123210002456,C1(中学校),23(愛知),2(公),1(本),豊田市立末野原中学校,愛知県豊田市豊栄町１１－１－１,4701201,2020-12-22,,234009,
C123210002465,C1(中学校),23(愛知),2(公),1(本),豊田市立井郷中学校,愛知県豊田市井上町１－１０－１,4700372,2020-12-22,,234010,
C123210002474,C1(中学校),23(愛知),2(公),1(本),豊田市立藤岡中学校,愛知県豊田市木瀬町稽古屋１１６３－３,4700411,2020-12-22,,234396,
C123210002483,C1(中学校),23(愛知),2(公),1(本),豊田市立小原中学校,愛知県豊田市永太郎町馬場５９,4700562,2020-12-22,,234401,
C123210002492,C1(中学校),23(愛知),2(公),1(本),豊田市立足助中学校,愛知県豊田市足助町梶平５８,4442424,2020-12-22,,234406,
C123210002508,C1(中学校),23(愛知),2(公),1(本),豊田市立下山中学校,愛知県豊田市大沼町青木１,4443242,2020-12-22,,234411,
C123210002517,C1(中学校),23(愛知),2(公),1(本),豊田市立旭中学校,愛知県豊田市杉本町羽根１－１,4442816,2020-12-22,,234416,
C123210002526,C1(中学校),23(愛知),2(公),1(本),豊田市立稲武中学校,愛知県豊田市桑原町鐘鋳場２７０,4412521,2020-12-22,,234456,
C123210002535,C1(中学校),23(愛知),2(公),1(本),豊田市立藤岡南中学校,愛知県豊田市西中山町蔵屋敷８６番地１,4700431,2020-12-22,,234011,
C123210002544,C1(中学校),23(愛知),2(公),1(本),豊田市立浄水中学校,愛知県豊田市大清水町大清水１２－１,4700342,2020-12-22,,234012,
C123210002553,C1(中学校),23(愛知),2(公),1(本),安城市立安城南中学校,愛知県安城市城南町２ー７－２,4460043,2020-12-22,,234021,
C123210002562,C1(中学校),23(愛知),2(公),1(本),安城市立安城北中学校,愛知県安城市新田町小山西１８,4460061,2020-12-22,,234022,
C123210002571,C1(中学校),23(愛知),2(公),1(本),安城市立明祥中学校,愛知県安城市東端町住吉１番地１２,4441213,2020-12-22,,234024,
C123210002580,C1(中学校),23(愛知),2(公),1(本),安城市立安城西中学校,愛知県安城市福釜町中根４３,4460052,2020-12-22,,234023,
C123210002599,C1(中学校),23(愛知),2(公),1(本),安城市立桜井中学校,愛知県安城市小川町的場丘１－１,4441162,2020-12-22,,234025,
C123210002606,C1(中学校),23(愛知),2(公),1(本),安城市立東山中学校,愛知県安城市里町東山１,4460001,2020-12-22,,234026,
C123210002615,C1(中学校),23(愛知),2(公),1(本),安城市立安祥中学校,愛知県安城市安城町天草２３,4460026,2020-12-22,,234027,
C123210002624,C1(中学校),23(愛知),2(公),1(本),安城市立篠目中学校,愛知県安城市篠目町竜田１５１,4460073,2020-12-22,,234028,
C123210002633,C1(中学校),23(愛知),2(公),1(本),西尾市立西尾中学校,愛知県西尾市今川町土井堀１,4450063,2020-12-22,,234036,
C123210002642,C1(中学校),23(愛知),2(公),1(本),西尾市立鶴城中学校,愛知県西尾市鶴城町上道天１－２,4450805,2020-12-22,,234037,
C123210002651,C1(中学校),23(愛知),2(公),1(本),西尾市立平坂中学校,愛知県西尾市平坂町吉山１－１,4440305,2020-12-22,,234038,
C123210002660,C1(中学校),23(愛知),2(公),1(本),西尾市立寺津中学校,愛知県西尾市巨海町若宮西５,4440322,2020-12-22,,234039,
C123210002679,C1(中学校),23(愛知),2(公),1(本),西尾市立福地中学校,愛知県西尾市上道目記町上新田３,4450882,2020-12-22,,234040,
C123210002688,C1(中学校),23(愛知),2(公),1(本),西尾市立東部中学校,愛知県西尾市下永良町西後落２０,4450016,2020-12-22,,234041,
C123210002697,C1(中学校),23(愛知),2(公),1(本),西尾市立一色中学校,愛知県西尾市一色町大字坂田新田字沖向９５,4440413,2020-12-22,,234366,
C123210002704,C1(中学校),23(愛知),2(公),1(本),西尾市立吉良中学校,愛知県西尾市吉良町富田油田８,4440525,2020-12-22,,234371,
C123210002713,C1(中学校),23(愛知),2(公),1(本),西尾市立幡豆中学校,愛知県西尾市西幡豆町京田３３,4440703,2020-12-22,,234376,
C123210002722,C1(中学校),23(愛知),2(公),1(本),蒲郡市立蒲郡中学校,愛知県蒲郡市新井町１３－１８,4430052,2020-12-22,,234051,
C123210002731,C1(中学校),23(愛知),2(公),1(本),蒲郡市立三谷中学校,愛知県蒲郡市三谷町原山１－４０,4430021,2020-12-22,,234052,
C123210002740,C1(中学校),23(愛知),2(公),1(本),蒲郡市立塩津中学校,愛知県蒲郡市竹谷町上ノ山２,4430046,2020-12-22,,234053,
C123210002759,C1(中学校),23(愛知),2(公),1(本),蒲郡市立大塚中学校,愛知県蒲郡市大塚町南向山１５－３,4430013,2020-12-22,,234054,
C123210002768,C1(中学校),23(愛知),2(公),1(本),蒲郡市立形原中学校,愛知県蒲郡市形原町佃２０－１,4430104,2020-12-22,,234055,
C123210002777,C1(中学校),23(愛知),2(公),9(廃),蒲郡市立西浦中学校,愛知県蒲郡市西浦町原山１－２４,4430105,2020-12-22,2026-05-01,234056,C223210000028
C123210002786,C1(中学校),23(愛知),2(公),1(本),蒲郡市立中部中学校,愛知県蒲郡市水竹町下川原１１－１,4430005,2020-12-22,,234057,
C123210002795,C1(中学校),23(愛知),2(公),1(本),犬山市立犬山中学校,愛知県犬山市大字木津字宮前１５,4840079,2020-12-22,,234066,
C123210002802,C1(中学校),23(愛知),2(公),1(本),犬山市立城東中学校,愛知県犬山市大字塔野地字田口洞３９－１０１,4840094,2020-12-22,,234067,
C123210002811,C1(中学校),23(愛知),2(公),1(本),犬山市立南部中学校,愛知県犬山市大字羽黒新田字畑田１,4840888,2020-12-22,,234068,
C123210002820,C1(中学校),23(愛知),2(公),1(本),犬山市立東部中学校,愛知県犬山市羽黒朝日六丁目１番地,4840806,2020-12-22,,234069,
C123210002839,C1(中学校),23(愛知),2(公),1(本),常滑市立青海中学校,愛知県常滑市金山字南平井１３－１,4790003,2020-12-22,,234076,
C123210002848,C1(中学校),23(愛知),2(公),1(本),常滑市立鬼崎中学校,愛知県常滑市港町３－１,4790848,2020-12-22,,234077,
C123210002857,C1(中学校),23(愛知),2(公),1(本),常滑市立常滑中学校,愛知県常滑市二ノ田１６－１４,4790018,2020-12-22,,234078,
C123210002866,C1(中学校),23(愛知),2(公),1(本),常滑市立南陵中学校,愛知県常滑市苅屋町５－５０,4790819,2020-12-22,,234079,
C123210002875,C1(中学校),23(愛知),2(公),1(本),江南市立古知野中学校,愛知県江南市高屋町遠場１４８,4838045,2020-12-22,,234086,
C123210002884,C1(中学校),23(愛知),2(公),1(本),江南市立布袋中学校,愛知県江南市北山町西７,4838157,2020-12-22,,234087,
C123210002893,C1(中学校),23(愛知),2(公),1(本),江南市立宮田中学校,愛知県江南市後飛保町前川２１０,4838383,2020-12-22,,234088,
C123210002900,C1(中学校),23(愛知),2(公),1(本),江南市立北部中学校,愛知県江南市村久野町平松２４５,4838074,2020-12-22,,234089,
C123210002919,C1(中学校),23(愛知),2(公),1(本),江南市立西部中学校,愛知県江南市上奈良町観音寺６０番地,4838258,2020-12-22,,234090,
C123210002928,C1(中学校),23(愛知),2(公),1(本),小牧市立小牧中学校,愛知県小牧市堀の内４丁目３０番地,4850046,2020-12-22,,234106,
C123210002937,C1(中学校),23(愛知),2(公),1(本),小牧市立味岡中学校,愛知県小牧市小松寺四丁目１番地,4850828,2020-12-22,,234107,
C123210002946,C1(中学校),23(愛知),2(公),1(本),小牧市立篠岡中学校,愛知県小牧市篠岡二丁目２８番地,4850815,2020-12-22,,234108,
C123210002955,C1(中学校),23(愛知),2(公),1(本),小牧市立北里中学校,愛知県小牧市下小針中島２丁目１７０番地,4850051,2020-12-22,,234109,
C123210002964,C1(中学校),23(愛知),2(公),1(本),小牧市立応時中学校,愛知県小牧市応時一丁目１３０番地,4850832,2020-12-22,,234110,
C123210002973,C1(中学校),23(愛知),2(公),1(本),小牧市立岩崎中学校,愛知県小牧市大字岩崎２５８８番地,4850011,2020-12-22,,234111,
C123210002982,C1(中学校),23(愛知),2(公),1(本),小牧市立桃陵中学校,愛知県小牧市桃ヶ丘二丁目１番地,4850813,2020-12-22,,234112,
C123210002991,C1(中学校),23(愛知),2(公),1(本),小牧市立小牧西中学校,愛知県小牧市大字西之島２２００番地,4850077,2020-12-22,,234113,
C123210003008,C1(中学校),23(愛知),2(公),1(本),小牧市立光ヶ丘中学校,愛知県小牧市光ヶ丘三丁目５２番地,4850811,2020-12-22,,234114,
C123210003017,C1(中学校),23(愛知),2(公),1(本),稲沢市立稲沢中学校,愛知県稲沢市正明寺二丁目１番１号,4928145,2020-12-22,,234121,
C123210003026,C1(中学校),23(愛知),2(公),1(本),稲沢市立明治中学校,愛知県稲沢市片原一色町小山１,4928355,2020-12-22,,234122,
C123210003035,C1(中学校),23(愛知),2(公),1(本),稲沢市立千代田中学校,愛知県稲沢市福島町比舎田１７,4928441,2020-12-22,,234123,
C123210003044,C1(中学校),23(愛知),2(公),1(本),稲沢市立大里中学校,愛知県稲沢市奥田寺切町６９,4928236,2020-12-22,,234124,
C123210003053,C1(中学校),23(愛知),2(公),1(本),稲沢市立治郎丸中学校,愛知県稲沢市治郎丸柳町１－１,4928121,2020-12-22,,234125,
C123210003062,C1(中学校),23(愛知),2(公),1(本),稲沢市立稲沢西中学校,愛知県稲沢市稲沢町前田３６５ー１０,4928217,2020-12-22,,234126,
C123210003071,C1(中学校),23(愛知),2(公),1(本),稲沢市立大里東中学校,愛知県稲沢市日下部北町３－６８,4928181,2020-12-22,,234127,
C123210003080,C1(中学校),23(愛知),2(公),1(本),稲沢市立祖父江中学校,愛知県稲沢市祖父江町上牧下川田４５６,4950031,2020-12-22,,234266,
C123210003099,C1(中学校),23(愛知),2(公),1(本),稲沢市立平和中学校,愛知県稲沢市平和町平池七反田５３,4901315,2020-12-22,,234271,
C123210003106,C1(中学校),23(愛知),2(公),1(本),新城市立新城中学校,愛知県新城市字滝ノ上１,4411382,2020-12-22,,234131,
C123210003115,C1(中学校),23(愛知),2(公),1(本),新城市立千郷中学校,愛知県新城市杉山字道目記２４,4411341,2020-12-22,,234132,
C123210003124,C1(中学校),23(愛知),2(公),1(本),新城市立東郷中学校,愛知県新城市竹広字宮川１６２－２,4411305,2020-12-22,,234133,
C123210003133,C1(中学校),23(愛知),2(公),1(本),新城市立八名中学校,愛知県新城市富岡字萩平野３,4411335,2020-12-22,,234134,
C123210003142,C1(中学校),23(愛知),2(公),1(本),新城市立鳳来中学校,愛知県新城市長篠字仲野１,4411634,2020-12-22,,234461,
C123210003151,C1(中学校),23(愛知),2(公),1(本),新城市立作手中学校,愛知県新城市作手高里字ブック田５,4411423,2020-12-22,,234466,
C123210003160,C1(中学校),23(愛知),2(公),1(本),東海市立名和中学校,愛知県東海市名和町中首羅１－１,4760002,2020-12-22,,234145,
C123210003179,C1(中学校),23(愛知),2(公),1(本),東海市立上野中学校,愛知県東海市名和町奥平戸２８,4760002,2020-12-22,,234141,
C123210003188,C1(中学校),23(愛知),2(公),1(本),東海市立平洲中学校,愛知県東海市富貴ノ台５－１８１,4760014,2020-12-22,,234146,
C123210003197,C1(中学校),23(愛知),2(公),1(本),東海市立富木島中学校,愛知県東海市富木島町向イ２７,4760011,2020-12-22,,234142,
C123210003204,C1(中学校),23(愛知),2(公),1(本),東海市立横須賀中学校,愛知県東海市高横須賀町猫狭間２,4770037,2020-12-22,,234143,
C123210003213,C1(中学校),23(愛知),2(公),1(本),東海市立加木屋中学校,愛知県東海市加木屋町西御嶽１８－１,4770032,2020-12-22,,234144,
C123210003222,C1(中学校),23(愛知),2(公),1(本),大府市立大府中学校,愛知県大府市桃山町３－２１６,4740026,2020-12-22,,234151,
C123210003231,C1(中学校),23(愛知),2(公),1(本),大府市立大府西中学校,愛知県大府市長草町車池１１,4740052,2020-12-22,,234152,
C123210003240,C1(中学校),23(愛知),2(公),1(本),大府市立大府北中学校,愛知県大府市東新町３－３－１,4740073,2020-12-22,,234153,
C123210003259,C1(中学校),23(愛知),2(公),1(本),大府市立大府南中学校,愛知県大府市馬池町３－２１,4740045,2020-12-22,,234154,
C123210003268,C1(中学校),23(愛知),2(公),1(本),知多市立八幡中学校,愛知県知多市八幡字左り脇１３５番地,4780001,2020-12-22,,234161,
C123210003277,C1(中学校),23(愛知),2(公),1(本),知多市立知多中学校,愛知県知多市日長字原山１６０,4780041,2020-12-22,,234162,
C123210003286,C1(中学校),23(愛知),2(公),1(本),知多市立旭南中学校,愛知県知多市金沢字中向山１３２,4780032,2020-12-22,,234163,
C123210003295,C1(中学校),23(愛知),2(公),1(本),知多市立東部中学校,愛知県知多市八幡字池下７７,4780001,2020-12-22,,234164,
C123210003302,C1(中学校),23(愛知),2(公),1(本),知多市立中部中学校,愛知県知多市新知東町３－２８－１,4780065,2020-12-22,,234165,
C123210003311,C1(中学校),23(愛知),2(公),1(本),知立市立知立中学校,愛知県知立市広見２－４,4720044,2020-12-22,,234171,
C123210003320,C1(中学校),23(愛知),2(公),1(本),知立市立竜北中学校,愛知県知立市山屋敷町東山２番地２,4720022,2020-12-22,,234172,
C123210003339,C1(中学校),23(愛知),2(公),1(本),知立市立知立南中学校,愛知県知立市新林町本林２０－１,4720017,2020-12-22,,234173,
C123210003348,C1(中学校),23(愛知),2(公),1(本),尾張旭市立旭中学校,愛知県尾張旭市向町２－４－２,4880818,2020-12-22,,234176,
C123210003357,C1(中学校),23(愛知),2(公),1(本),尾張旭市立東中学校,愛知県尾張旭市下井町前の上１６０２,4880051,2020-12-22,,234177,
C123210003366,C1(中学校),23(愛知),2(公),1(本),尾張旭市立西中学校,愛知県尾張旭市渋川町３－２－９,4880839,2020-12-22,,234178,
C123210003375,C1(中学校),23(愛知),2(公),1(本),高浜市立高浜中学校,愛知県高浜市湯山町七丁目１番地１,4441332,2020-12-22,,234181,
C123210003384,C1(中学校),23(愛知),2(公),1(本),高浜市立南中学校,愛知県高浜市二池町三丁目３番地２,4441322,2020-12-22,,234182,
C123210003393,C1(中学校),23(愛知),2(公),1(本),岩倉市立岩倉中学校,愛知県岩倉市西市町竹之宮２４,4820036,2020-12-22,,234186,
C123210003400,C1(中学校),23(愛知),2(公),1(本),岩倉市立南部中学校,愛知県岩倉市曽野町江毛１,4820003,2020-12-22,,234187,
C123210003419,C1(中学校),23(愛知),2(公),1(本),豊明市立豊明中学校,愛知県豊明市西川町横井４－１,4701121,2020-12-22,,234191,
C123210003428,C1(中学校),23(愛知),2(公),1(本),豊明市立栄中学校,愛知県豊明市栄町殿ノ山５０,4701161,2020-12-22,,234192,
C123210003437,C1(中学校),23(愛知),2(公),1(本),豊明市立沓掛中学校,愛知県豊明市沓掛町下山１,4701101,2020-12-22,,234193,
C123210003446,C1(中学校),23(愛知),2(公),1(本),日進市立日進中学校,愛知県日進市本郷町西原中通９８０－１,4700121,2020-12-22,,234206,
C123210003455,C1(中学校),23(愛知),2(公),2(分),日進市立日進中学校青葉分校,愛知県日進市岩崎町竹の山１４９－１６４,4700131,2020-12-22,,234207,
C123210003464,C1(中学校),23(愛知),2(公),1(本),日進市立日進西中学校,愛知県日進市梅森町向江１５９７,4700132,2020-12-22,,234208,
C123210003473,C1(中学校),23(愛知),2(公),1(本),日進市立日進東中学校,愛知県日進市藤島町相山７７,4700102,2020-12-22,,234209,
C123210003482,C1(中学校),23(愛知),2(公),1(本),日進市立日進北中学校,愛知県日進市竹の山四丁目５０２,4700136,2020-12-22,,234210,
C123210003491,C1(中学校),23(愛知),2(公),1(本),田原市立東部中学校,愛知県田原市神戸町中尾１６―１,4413415,2020-12-22,,234491,
C123210003507,C1(中学校),23(愛知),2(公),1(本),田原市立田原中学校,愛知県田原市田原町椿１－１,4413421,2020-12-22,,234492,
C123210003516,C1(中学校),23(愛知),2(公),1(本),田原市立赤羽根中学校,愛知県田原市赤羽根町出口１０７,4413502,2020-12-22,,234501,
C123210003525,C1(中学校),23(愛知),2(公),1(本),田原市立福江中学校,愛知県田原市中山町北松渕４,4413615,2020-12-22,,234507,
C123210003534,C1(中学校),23(愛知),2(公),9(廃),田原市立泉中学校,愛知県田原市江比間町女郎川１５－２,4413605,2020-12-22,2021-05-27,234508,C123210003516
C123210003543,C1(中学校),23(愛知),2(公),1(本),愛西市立永和中学校,愛知県愛西市善太新田町七草平１１１－１,4960924,2020-12-22,,234316,
C123210003552,C1(中学校),23(愛知),2(公),1(本),愛西市立佐屋中学校,愛知県愛西市須依町東田面２,4960902,2020-12-22,,234317,
C123210003561,C1(中学校),23(愛知),2(公),1(本),愛西市立立田中学校,愛知県愛西市石田町宮東１,4960938,2020-12-22,,234321,
C123210003570,C1(中学校),23(愛知),2(公),1(本),愛西市立八開中学校,愛知県愛西市江西町川原１１,4968044,2020-12-22,,234326,
C123210003589,C1(中学校),23(愛知),2(公),1(本),愛西市立佐織中学校,愛知県愛西市諏訪町郷東１６７,4968011,2020-12-22,,234331,
C123210003598,C1(中学校),23(愛知),2(公),1(本),愛西市立佐織西中学校,愛知県愛西市草平町阿原８６番地,4968015,2020-12-22,,234332,
C123210003605,C1(中学校),23(愛知),2(公),1(本),清須市立西枇杷島中学校,愛知県清須市西枇杷島町七畝割３－１,4520063,2020-12-22,,234216,
C123210003614,C1(中学校),23(愛知),2(公),1(本),清須市立春日中学校,愛知県清須市春日振形１２６番地,4520961,2020-12-22,,234236,
C123210003623,C1(中学校),23(愛知),2(公),1(本),清須市立清洲中学校,愛知県清須市一場６９５番地,4520931,2020-12-22,,234241,
C123210003632,C1(中学校),23(愛知),2(公),1(本),清須市立新川中学校,愛知県清須市須ヶ口７５０,4520905,2020-12-22,,234246,
C123210003641,C1(中学校),23(愛知),2(公),1(本),北名古屋市立師勝中学校,愛知県北名古屋市井瀬木３７０,4810014,2020-12-22,,234226,
C123210003650,C1(中学校),23(愛知),2(公),1(本),北名古屋市立訓原中学校,愛知県北名古屋市井瀬木狭場５０,4810014,2020-12-22,,234227,
C123210003669,C1(中学校),23(愛知),2(公),1(本),北名古屋市立熊野中学校,愛知県北名古屋市熊之庄細長１２５,4810006,2020-12-22,,234228,
C123210003678,C1(中学校),23(愛知),2(公),1(本),北名古屋市立西春中学校,愛知県北名古屋市西之保八龍５０,4810033,2020-12-22,,234231,
C123210003687,C1(中学校),23(愛知),2(公),1(本),北名古屋市立白木中学校,愛知県北名古屋市沖村井島３１,4810043,2020-12-22,,234232,
C123210003696,C1(中学校),23(愛知),2(公),1(本),北名古屋市立天神中学校,愛知県北名古屋市法成寺丸瀬町８８,4810039,2020-12-22,,234233,
C123210003703,C1(中学校),23(愛知),2(公),9(廃),弥富市立十四山中学校,愛知県弥富市鳥ヶ地１－１７６,4901403,2020-12-22,2025-05-01,234301,C123210003712
C123210003712,C1(中学校),23(愛知),2(公),1(本),弥富市立弥富中学校,愛知県弥富市鎌島七丁目５２番地２,4980035,2020-12-22,,234311,
C123210003721,C1(中学校),23(愛知),2(公),1(本),弥富市立弥富北中学校,愛知県弥富市鎌倉町６２,4980007,2020-12-22,,234312,
C123210003730,C1(中学校),23(愛知),2(公),1(本),みよし市立三好中学校,愛知県みよし市三好町宮ノ越４２,4700224,2020-12-22,,234391,
C123210003749,C1(中学校),23(愛知),2(公),1(本),みよし市立北中学校,愛知県みよし市三好丘桜１－１－１,4700204,2020-12-22,,234392,
C123210003758,C1(中学校),23(愛知),2(公),1(本),みよし市立南中学校,愛知県みよし市打越字三百目３,4700213,2020-12-22,,234393,
C123210003767,C1(中学校),23(愛知),2(公),1(本),みよし市立三好丘中学校,愛知県みよし市三好丘二丁目１４番地１０,4700202,2020-12-22,,234394,
C123210003776,C1(中学校),23(愛知),2(公),1(本),あま市立七宝中学校,愛知県あま市七宝町川部山王４,4970013,2020-12-22,,234276,
C123210003785,C1(中学校),23(愛知),2(公),1(本),あま市立七宝北中学校,愛知県あま市七宝町遠島十坪１１７番地,4970002,2020-12-22,,234277,
C123210003794,C1(中学校),23(愛知),2(公),1(本),あま市立美和中学校,愛知県あま市木田丁子ノ口１,4901222,2020-12-22,,234281,
C123210003801,C1(中学校),23(愛知),2(公),1(本),あま市立甚目寺中学校,愛知県あま市甚目寺二伴田７６番地,4901111,2020-12-22,,234286,
C123210003810,C1(中学校),23(愛知),2(公),1(本),あま市立甚目寺南中学校,愛知県あま市本郷字八尻６,4901116,2020-12-22,,234287,
C123210003829,C1(中学校),23(愛知),2(公),1(本),長久手市立長久手中学校,愛知県長久手市岩作平子３８,4801103,2020-12-22,,234211,
C123210003838,C1(中学校),23(愛知),2(公),1(本),長久手市立南中学校,愛知県長久手市長配２丁目１９０１,4801114,2020-12-22,,234212,
C123210003847,C1(中学校),23(愛知),2(公),1(本),長久手市立北中学校,愛知県長久手市東原８０番地１,4801181,2020-12-22,,234213,
C123210003856,C1(中学校),23(愛知),2(公),1(本),東郷町立東郷中学校,愛知県愛知郡東郷町大字諸輪字北山１２６,4700151,2020-12-22,,234201,
C123210003865,C1(中学校),23(愛知),2(公),1(本),東郷町立春木中学校,愛知県愛知郡東郷町大字春木字新池１番地,4700162,2020-12-22,,234202,
C123210003874,C1(中学校),23(愛知),2(公),1(本),東郷町立諸輪中学校,愛知県愛知郡東郷町諸輪後山６０ー６５,4700151,2020-12-22,,234203,
C123210003883,C1(中学校),23(愛知),2(公),1(本),豊山町立豊山中学校,愛知県西春日井郡豊山町大字豊場字前池３９番地,4800202,2020-12-22,,234221,
C123210003892,C1(中学校),23(愛知),2(公),1(本),大口町立大口中学校,愛知県丹羽郡大口町丸一丁目３８番地,4800145,2020-12-22,,234253,
C123210003909,C1(中学校),23(愛知),2(公),1(本),扶桑町立扶桑中学校,愛知県丹羽郡扶桑町大字柏森字辻田６７０,4800103,2020-12-22,,234256,
C123210003918,C1(中学校),23(愛知),2(公),1(本),扶桑町立扶桑北中学校,愛知県丹羽郡扶桑町大字高雄字福塚１０,4800102,2020-12-22,,234257,
C123210003927,C1(中学校),23(愛知),2(公),1(本),大治町立大治中学校,愛知県海部郡大治町堀之内半之返７９１,4901137,2020-12-22,,234291,
C123210003936,C1(中学校),23(愛知),2(公),1(本),蟹江町立蟹江中学校,愛知県海部郡蟹江町宝三丁目２０番地,4970030,2020-12-22,,234296,
C123210003945,C1(中学校),23(愛知),2(公),1(本),蟹江町立蟹江北中学校,愛知県海部郡蟹江町須成西九丁目５５－１,4970036,2020-12-22,,234297,
C123210003954,C1(中学校),23(愛知),2(公),1(本),阿久比町立阿久比中学校,愛知県知多郡阿久比町大字卯坂字半田ヶ峯１,4702212,2020-12-22,,234336,
C123210003963,C1(中学校),23(愛知),2(公),1(本),東浦町立東浦中学校,愛知県知多郡東浦町石浜字障戸１９,4702103,2020-12-22,,234341,
C123210003972,C1(中学校),23(愛知),2(公),1(本),東浦町立北部中学校,愛知県知多郡東浦町諸川寿二区８０,4702102,2020-12-22,,234342,
C123210003981,C1(中学校),23(愛知),2(公),1(本),東浦町立西部中学校,愛知県知多郡東浦町緒川字西高根１－５,4702102,2020-12-22,,234343,
C123210003990,C1(中学校),23(愛知),2(公),9(廃),南知多町立内海中学校,愛知県知多郡南知多町内海先苅２４８,4703321,2020-12-22,2023-05-01,234346,C123210004150
C123210004007,C1(中学校),23(愛知),2(公),9(廃),南知多町立豊浜中学校,愛知県知多郡南知多町豊浜字薬師堂４５,4703412,2020-12-22,2023-05-01,234347,C123210004150
C123210004016,C1(中学校),23(愛知),2(公),9(廃),南知多町立師崎中学校,愛知県知多郡南知多町片名長谷２,4703502,2020-12-22,2023-05-01,234348,C123210004150
C123210004025,C1(中学校),23(愛知),2(公),1(本),南知多町立篠島中学校,愛知県知多郡南知多町大字篠島字汐味１－５,4703505,2020-12-22,,234349,
C123210004034,C1(中学校),23(愛知),2(公),9(廃),南知多町立日間賀中学校,愛知県知多郡南知多町大字日間賀島字永峯２０－１,4703504,2020-12-22,2023-05-01,234350,C123210004150
C123210004043,C1(中学校),23(愛知),2(公),1(本),美浜町立野間中学校,愛知県知多郡美浜町大字野間字大坪５９,4703235,2020-12-22,,234356,
C123210004052,C1(中学校),23(愛知),2(公),1(本),美浜町立河和中学校,愛知県知多郡美浜町大字河和字六反田１３０,4702404,2020-12-22,,234357,
C123210004061,C1(中学校),23(愛知),2(公),1(本),武豊町立武豊中学校,愛知県知多郡武豊町中根４－５,4702334,2020-12-22,,234361,
C123210004070,C1(中学校),23(愛知),2(公),1(本),武豊町立富貴中学校,愛知県知多郡武豊町大字東大高字熊野西８,4702521,2020-12-22,,234362,
C123210004089,C1(中学校),23(愛知),2(公),1(本),幸田町立幸田中学校,愛知県額田郡幸田町菱池黒方１９,4440113,2020-12-22,,234381,
C123210004098,C1(中学校),23(愛知),2(公),1(本),幸田町立南部中学校,愛知県額田郡幸田町大字深溝字舟山５番地の５,4440124,2020-12-22,,234382,
C123210004105,C1(中学校),23(愛知),2(公),1(本),幸田町立北部中学校,愛知県額田郡幸田町大字相見字越丸３６,4440117,2020-12-22,,234383,
C123210004114,C1(中学校),23(愛知),2(公),1(本),設楽町立設楽中学校,愛知県北設楽郡設楽町田口字大西８－１,4412301,2020-12-22,,234429,
C123210004123,C1(中学校),23(愛知),2(公),9(廃),設楽町立津具中学校,愛知県北設楽郡設楽町津具字見出２９,4412601,2020-12-22,2024-05-01,234451,C123210004114
C123210004132,C1(中学校),23(愛知),2(公),1(本),東栄町立東栄中学校,愛知県北設楽郡東栄町大字本郷字宮平１－１,4490214,2020-12-22,,234436,
C123210004141,C1(中学校),23(愛知),2(公),1(本),豊根村立豊根中学校,愛知県北設楽郡豊根村上黒川字兎鹿嶋１２番地２,4490404,2020-12-22,,234441,
C123210004150,C1(中学校),23(愛知),2(公),1(本),南知多町立南知多中学校,愛知県知多郡南知多町内海先苅２４８,4703321,2023-05-01,,,
C123210009690,C1(中学校),23(愛知),2(公),1(本),愛知県立明和高等学校附属中学校,愛知県名古屋市東区白壁２－３２－６,4610011,2025-05-01,,,
C123210009707,C1(中学校),23(愛知),2(公),1(本),愛知県立半田高等学校附属中学校,愛知県半田市出口町１－３０,4750903,2025-05-01,,,
C123210009716,C1(中学校),23(愛知),2(公),1(本),愛知県立刈谷高等学校附属中学校,愛知県刈谷市寿町５－１０１,4488504,2025-05-01,,,
C123210009725,C1(中学校),23(愛知),2(公),1(本),愛知県立津島高等学校附属中学校,愛知県津島市宮川町３－８０,4960853,2025-05-01,,,
C123210009734,C1(中学校),23(愛知),2(公),1(本),愛知県立とよはし中学校,愛知県豊橋市草間町官有地,4418141,2025-05-01,,,
C123210009743,C1(中学校),23(愛知),2(公),1(本),名古屋市立なごやか中学校,愛知県名古屋市中村区名駅四丁目１９番１号,4500002,2025-05-01,,,
C123210009752,C1(中学校),23(愛知),2(公),1(本),愛知県立愛知総合工科高等学校附属中学校,愛知県名古屋市千種区星が丘山手１０７,4640801,2026-05-01,,,
C123210009761,C1(中学校),23(愛知),2(公),1(本),愛知県立時習館高等学校附属中学校,愛知県豊橋市富本町,4418064,2026-05-01,,,
C123210009770,C1(中学校),23(愛知),2(公),1(本),愛知県立豊田西高等学校附属中学校,愛知県豊田市小坂町１４－６５,4710035,2026-05-01,,,
C123210009789,C1(中学校),23(愛知),2(公),1(本),愛知県立西尾高等学校附属中学校,愛知県西尾市桜町奥新田２－２,4450803,2026-05-01,,,
C123210009798,C1(中学校),23(愛知),2(公),1(本),愛知県立日進高等学校附属中学校,愛知県日進市米野木町三ヶ峯４－１８,4700111,2026-05-01,,,
C123210009805,C1(中学校),23(愛知),2(公),1(本),愛知県立いちのみや中学校,愛知県一宮市北園通６－９,4910854,2026-05-01,,,
C123210009814,C1(中学校),23(愛知),2(公),1(本),愛知県立とよた中学校,愛知県豊田市小坂町１４－６５,4710035,2026-05-01,,,
C123210009823,C1(中学校),23(愛知),2(公),1(本),愛知県立こまき中学校,愛知県小牧市小牧１－３２１,4850041,2026-05-01,,,
C123210009832,C1(中学校),23(愛知),2(公),1(本),名古屋市立上志段味中学校,愛知県名古屋市守山区大字上志段味字稲堀田新田１７６４番地の１,4630001,2026-05-01,,,
C123310000009,C1(中学校),23(愛知),3(私),1(本),愛知中学校,愛知県名古屋市千種区光が丘２－１１－４１,4648520,2020-12-22,,235001,
C123310000018,C1(中学校),23(愛知),3(私),1(本),椙山女学園中学校,愛知県名古屋市千種区山添町２－２,4640832,2020-12-22,,235002,
C123310000027,C1(中学校),23(愛知),3(私),1(本),愛知工業大学名電中学校,愛知県名古屋市千種区若水３－２－１２,4648540,2020-12-22,,235003,
C123310000036,C1(中学校),23(愛知),3(私),1(本),愛知淑徳中学校,愛知県名古屋市千種区桜が丘２３,4648671,2020-12-22,,235004,
C123310000045,C1(中学校),23(愛知),3(私),1(本),名古屋経済大学市邨中学校,愛知県名古屋市千種区北千種３－１－３７,4648533,2020-12-22,,235005,
C123310000054,C1(中学校),23(愛知),3(私),1(本),金城学院中学校,愛知県名古屋市東区白壁３－２４－６７,4610011,2020-12-22,,235011,
C123310000063,C1(中学校),23(愛知),3(私),1(本),東海中学校,愛知県名古屋市東区筒井１－２－３５,4610003,2020-12-22,,235012,
C123310000072,C1(中学校),23(愛知),3(私),1(本),名古屋中学校,愛知県名古屋市東区砂田橋二丁目１－５８,4618676,2020-12-22,,235013,
C123310000081,C1(中学校),23(愛知),3(私),1(本),星槎名古屋中学校,愛知県名古屋市中村区名駅南四丁目６番３８号,4500003,2020-12-22,,235026,
C123310000090,C1(中学校),23(愛知),3(私),1(本),南山中学校,愛知県名古屋市昭和区五軒家町６,4660838,2020-12-22,,235036,
C123310000107,C1(中学校),23(愛知),3(私),1(本),名古屋国際中学校,愛知県名古屋市昭和区広路本町１ー１６,4660841,2020-12-22,,235038,
C123310000116,C1(中学校),23(愛知),3(私),1(本),名古屋葵大学中学校,愛知県名古屋市瑞穂区汐路町４－２１,4670003,2020-12-22,,235042,
C123310000125,C1(中学校),23(愛知),3(私),1(本),名古屋経済大学高蔵中学校,愛知県名古屋市瑞穂区高田町３－２８－１,4678558,2020-12-22,,235046,
C123310000134,C1(中学校),23(愛知),3(私),1(本),桜丘中学校,愛知県豊橋市南牛川２－１－１１,4408516,2020-12-22,,235101,
C123310000143,C1(中学校),23(愛知),3(私),1(本),大成中学校,愛知県一宮市千秋町小山字大福田１８７８－２,4910814,2020-12-22,,235110,
C123310000152,C1(中学校),23(愛知),3(私),1(本),聖霊中学校,愛知県瀬戸市せいれい町２,4890863,2020-12-22,,235116,
C123310000161,C1(中学校),23(愛知),3(私),9(廃),愛知産業大学三河中学校,愛知県岡崎市岡町原山１２－１０,4440005,2020-12-22,2022-05-01,235121,
C123310000170,C1(中学校),23(愛知),3(私),1(本),人間環境大学附属岡崎中学校,愛知県岡崎市稲熊町３の１１０,4440071,2020-12-22,,235122,
C123310000189,C1(中学校),23(愛知),3(私),1(本),中部大学春日丘中学校,愛知県春日井市松本町１１０５,4878501,2020-12-22,,235136,
C123310000198,C1(中学校),23(愛知),3(私),9(廃),南山国際中学校,愛知県豊田市亀首町八ッ口洞１３番地４５,4700375,2020-12-22,2023-05-01,235146,
C123310000205,C1(中学校),23(愛知),3(私),1(本),滝中学校,愛知県江南市東野町米野１,4838418,2020-12-22,,235181,
C123310000214,C1(中学校),23(愛知),3(私),1(本),星城中学校,愛知県豊明市栄町新左山１－３１９,4701161,2020-12-22,,235195,
C123310000223,C1(中学校),23(愛知),3(私),1(本),清林館中学校,愛知県愛西市持中町八町８８番地,4968006,2024-05-01,,,
C123310000232,C1(中学校),23(愛知),3(私),1(本),瀬戸ＳＯＬＡＮ学園中等部,愛知県瀬戸市道泉町７６番地１,4890054,2025-05-01,,,
C223210000000,C2(義務),23(愛知),2(公),1(本),西尾市立佐久島しおさい学校,愛知県西尾市一色町佐久島影無５０,4440416,2020-12-22,,23C011,
C223210000019,C2(義務),23(愛知),2(公),1(本),飛島村立飛島学園,愛知県海部郡飛島村大字松之郷３丁目２１番地,4901034,2020-12-22,,23C012,
C223210000028,C2(義務),23(愛知),2(公),1(本),蒲郡市立西浦学園,愛知県蒲郡市西浦町宮地２,4430105,2026-05-01,,,
D123110000010,D1(高校),23(愛知),1(国),1(本),名古屋大学教育学部附属高等学校,愛知県名古屋市千種区不老町,4648601,2020-12-22,,235501,
D123110000029,D1(高校),23(愛知),1(国),1(本),愛知教育大学附属高等学校,愛知県刈谷市井ケ谷町広沢１,4488545,2020-12-22,,235502,
D123210000009,D1(高校),23(愛知),2(公),1(本),愛知県立明和高等学校,愛知県名古屋市東区白壁２－３２－６,4610011,2020-12-22,,235517,
D123210000018,D1(高校),23(愛知),2(公),1(本),愛知県立旭丘高等学校,愛知県名古屋市東区出来町３－６－１５,4610032,2020-12-22,,235516,
D123210000027,D1(高校),23(愛知),2(公),1(本),愛知県立名古屋西高等学校,愛知県名古屋市西区天神山町４－７,4518561,2020-12-22,,235526,
D123210000036,D1(高校),23(愛知),2(公),1(本),愛知県立中村高等学校,愛知県名古屋市中村区菊水町１－２－１８,4530068,2020-12-22,,235532,
D123210000045,D1(高校),23(愛知),2(公),1(本),愛知県立松蔭高等学校,愛知県名古屋市中村区烏森町２－２,4530855,2020-12-22,,235531,
D123210000054,D1(高校),23(愛知),2(公),1(本),愛知県立惟信高等学校,愛知県名古屋市港区惟信町２－２６２,4550823,2020-12-22,,235561,
D123210000063,D1(高校),23(愛知),2(公),1(本),愛知県立熱田高等学校,愛知県名古屋市熱田区千年１－１７－７１,4560054,2020-12-22,,235551,
D123210000072,D1(高校),23(愛知),2(公),1(本),愛知県立瑞陵高等学校,愛知県名古屋市瑞穂区北原町２－１,4670811,2020-12-22,,235546,
D123210000081,D1(高校),23(愛知),2(公),1(本),愛知県立昭和高等学校,愛知県名古屋市瑞穂区玉水町１－１８,4678639,2020-12-22,,235547,
D123210000090,D1(高校),23(愛知),2(公),1(本),愛知県立千種高等学校,愛知県名古屋市名東区社台２－２０６,4658507,2020-12-22,,235581,
D123210000107,D1(高校),23(愛知),2(公),1(本),愛知県立愛知商業高等学校,愛知県名古屋市東区徳川１－１２－１,4610025,2020-12-22,,235518,
D123210000116,D1(高校),23(愛知),2(公),1(本),愛知県立中川青和高等学校,愛知県名古屋市中川区野田三丁目２８０番地,4540912,2020-12-22,,235556,
D123210000125,D1(高校),23(愛知),2(公),1(本),愛知県立緑丘高等学校,愛知県名古屋市守山区緑ヶ丘１００８,4638511,2020-12-22,,235571,
D123210000134,D1(高校),23(愛知),2(公),1(本),愛知県立名古屋工科高等学校,愛知県名古屋市南区阿原町１,4570063,2020-12-22,,235566,
D123210000143,D1(高校),23(愛知),2(公),1(本),愛知県立旭陵高等学校,愛知県名古屋市東区出来町３－６－２３,4618654,2020-12-22,,235951,
D123210000152,D1(高校),23(愛知),2(公),1(本),愛知県立瀬戸高等学校,愛知県瀬戸市東山町１－５,4890988,2020-12-22,,235611,
D123210000161,D1(高校),23(愛知),2(公),1(本),愛知県立瀬戸工科高等学校,愛知県瀬戸市東権現町２２－１,4890883,2020-12-22,,235612,
D123210000170,D1(高校),23(愛知),2(公),1(本),愛知県立春日井高等学校,愛知県春日井市鳥居松町１－５５,4860844,2020-12-22,,235626,
D123210000189,D1(高校),23(愛知),2(公),1(本),愛知県立長久手高等学校,愛知県長久手市岩作高山３８,4801103,2020-12-22,,235701,
D123210000198,D1(高校),23(愛知),2(公),1(本),愛知県立東郷高等学校,愛知県愛知郡東郷町大字春木字狐塚３８０１－２,4700162,2020-12-22,,235702,
D123210000205,D1(高校),23(愛知),2(公),1(本),愛知県立春日井泉高等学校,愛知県春日井市大泉寺町１０５９－１,4860812,2020-12-22,,235627,
D123210000214,D1(高校),23(愛知),2(公),1(本),愛知県立旭野高等学校,愛知県尾張旭市東印場町３丁目４番地１,4880830,2020-12-22,,235686,
D123210000223,D1(高校),23(愛知),2(公),1(本),愛知県立南陽高等学校,愛知県名古屋市港区大西２－９９,4550861,2020-12-22,,235562,
D123210000232,D1(高校),23(愛知),2(公),1(本),愛知県立守山高等学校,愛知県名古屋市守山区中志段味字元屋敷１２６７,4638503,2020-12-22,,235572,
D123210000241,D1(高校),23(愛知),2(公),1(本),愛知県立春日井西高等学校,愛知県春日井市田楽町１３２０番地,4860808,2020-12-22,,235628,
D123210000250,D1(高校),23(愛知),2(公),1(本),愛知県立鳴海高等学校,愛知県名古屋市緑区左京山８０１,4580825,2020-12-22,,235576,
D123210000269,D1(高校),23(愛知),2(公),1(本),愛知県立豊明高等学校,愛知県豊明市沓掛町海老池１０,4701101,2020-12-22,,235696,
D123210000278,D1(高校),23(愛知),2(公),1(本),愛知県立天白高等学校,愛知県名古屋市天白区植田東１－６０１,4680006,2020-12-22,,235586,
D123210000287,D1(高校),23(愛知),2(公),1(本),愛知県立瀬戸西高等学校,愛知県瀬戸市緑町１－１４０,4890875,2020-12-22,,235614,
D123210000296,D1(高校),23(愛知),2(公),1(本),愛知県立春日井東高等学校,愛知県春日井市廻間町字神屋洞７０３－７３,4870031,2020-12-22,,235629,
D123210000303,D1(高校),23(愛知),2(公),1(本),愛知県立日進高等学校,愛知県日進市米野木三ヶ峯４－１８,4700111,2020-12-22,,235703,
D123210000312,D1(高校),23(愛知),2(公),1(本),愛知県立高蔵寺高等学校,愛知県春日井市藤山台１－３－２,4870035,2020-12-22,,235630,
D123210000321,D1(高校),23(愛知),2(公),1(本),愛知県立春日井工科高等学校,愛知県春日井市熊野町五反田１１８０－１,4860822,2020-12-22,,235631,
D123210000330,D1(高校),23(愛知),2(公),1(本),愛知県立日進西高等学校,愛知県日進市浅田町上小深田８－４,4700124,2020-12-22,,235704,
D123210000349,D1(高校),23(愛知),2(公),1(本),愛知県立名古屋南高等学校,愛知県名古屋市南区東又兵ヱ町５－１－１１,4570833,2020-12-22,,235568,
D123210000358,D1(高校),23(愛知),2(公),1(本),愛知県立瀬戸北総合高等学校,愛知県瀬戸市本郷町２６０,4890906,2020-12-22,,235615,
D123210000367,D1(高校),23(愛知),2(公),1(本),愛知県立春日井南高等学校,愛知県春日井市如意申町三丁目５－１,4860918,2020-12-22,,235632,
D123210000376,D1(高校),23(愛知),2(公),1(本),愛知県立愛知総合工科高等学校,愛知県名古屋市千種区星が丘山手１０７,4640808,2020-12-22,,235512,
D123210000385,D1(高校),23(愛知),2(公),1(本),愛知県立城北つばさ高等学校,愛知県名古屋市北区福徳町５－１０２,4620052,2020-12-22,,235523,
D123210000394,D1(高校),23(愛知),2(公),1(本),愛知県立小牧高等学校,愛知県小牧市小牧１－３２１,4850041,2020-12-22,,235661,
D123210000401,D1(高校),23(愛知),2(公),1(本),愛知県立尾北高等学校,愛知県江南市北山町西４,4838157,2020-12-22,,235652,
D123210000410,D1(高校),23(愛知),2(公),1(本),愛知県立古知野高等学校,愛知県江南市古知野町高瀬１,4838331,2020-12-22,,235651,
D123210000429,D1(高校),23(愛知),2(公),1(本),愛知県立犬山高等学校,愛知県犬山市大字犬山字北首塚２,4840081,2020-12-22,,235641,
D123210000438,D1(高校),23(愛知),2(公),1(本),愛知県立小牧工科高等学校,愛知県小牧市久保一色３７３７－１,4850003,2020-12-22,,235662,
D123210000447,D1(高校),23(愛知),2(公),1(本),愛知県立岩倉総合高等学校,愛知県岩倉市北島町川田１番地,4828555,2020-12-22,,235692,
D123210000456,D1(高校),23(愛知),2(公),1(本),愛知県立丹羽高等学校,愛知県丹羽郡扶桑町大字高雄字柳前９５,4800102,2020-12-22,,235711,
D123210000465,D1(高校),23(愛知),2(公),1(本),愛知県立犬山総合高等学校,愛知県犬山市字蓮池２－２１,4840835,2020-12-22,,235642,
D123210000474,D1(高校),23(愛知),2(公),1(本),愛知県立江南高等学校,愛知県江南市北野町川石２５－２,4838177,2020-12-22,,235653,
D123210000483,D1(高校),23(愛知),2(公),1(本),愛知県立小牧南高等学校,愛知県小牧市小木東２－１８３,4850059,2020-12-22,,235663,
D123210000492,D1(高校),23(愛知),2(公),1(本),愛知県立一宮高等学校,愛知県一宮市北園通六丁目九番地,4918533,2020-12-22,,235601,
D123210000508,D1(高校),23(愛知),2(公),1(本),愛知県立一宮商業高等学校,愛知県一宮市文京２－１－７,4910041,2020-12-22,,235603,
D123210000517,D1(高校),23(愛知),2(公),1(本),愛知県立一宮工科高等学校,愛知県一宮市千秋町佐野辻田２１１２,4910804,2020-12-22,,235604,
D123210000526,D1(高校),23(愛知),2(公),1(本),愛知県立木曽川高等学校,愛知県一宮市開明樋西１１－１,4940001,2020-12-22,,235657,
D123210000535,D1(高校),23(愛知),2(公),1(本),愛知県立一宮起工科高等学校,愛知県一宮市小信中島郷南２,4940007,2020-12-22,,235656,
D123210000544,D1(高校),23(愛知),2(公),9(廃),愛知県立稲沢高等学校,愛知県稲沢市平野町加世１１,4928264,2020-12-22,2025-05-01,235666,D123210001669
D123210000553,D1(高校),23(愛知),2(公),1(本),愛知県立一宮西高等学校,愛知県一宮市萩原町串作字河田１,4910376,2020-12-22,,235602,
D123210000562,D1(高校),23(愛知),2(公),9(廃),愛知県立稲沢東高等学校,愛知県稲沢市大塚南６－３３,4928214,2020-12-22,2025-05-01,235667,D123210001669
D123210000571,D1(高校),23(愛知),2(公),1(本),愛知県立一宮北高等学校,愛知県一宮市笹野字氏神東１番地,4910131,2020-12-22,,235606,
D123210000580,D1(高校),23(愛知),2(公),9(廃),愛知県立尾西高等学校,愛知県一宮市上祖父江字小稲葉１８,4940014,2020-12-22,2025-05-01,235659,D123210001669
D123210000599,D1(高校),23(愛知),2(公),1(本),愛知県立西春高等学校,愛知県北名古屋市弥勒寺西２－１,4810032,2020-12-22,,235706,
D123210000606,D1(高校),23(愛知),2(公),1(本),愛知県立一宮南高等学校,愛知県一宮市千秋町町屋字平松６の１,4910813,2020-12-22,,235607,
D123210000615,D1(高校),23(愛知),2(公),1(本),愛知県立一宮興道高等学校,愛知県一宮市大和町於保字十二１番地の１,4910924,2020-12-22,,235608,
D123210000624,D1(高校),23(愛知),2(公),1(本),愛知県立新川高等学校,愛知県清須市阿原北野１８,4520901,2020-12-22,,235707,
D123210000633,D1(高校),23(愛知),2(公),1(本),愛知県立杏和高等学校,愛知県稲沢市祖父江町二俣宮西１番１,4958505,2020-12-22,,235669,
D123210000642,D1(高校),23(愛知),2(公),1(本),愛知県立津島高等学校,愛知県津島市宮川町３－８０,4960853,2020-12-22,,235636,
D123210000651,D1(高校),23(愛知),2(公),1(本),愛知県立津島北高等学校,愛知県津島市又吉町４－１,4960819,2020-12-22,,235638,
D123210000660,D1(高校),23(愛知),2(公),1(本),愛知県立佐屋高等学校,愛知県愛西市東條町高田３９,4960914,2020-12-22,,235726,
D123210000679,D1(高校),23(愛知),2(公),1(本),愛知県立五条高等学校,愛知県あま市西今宿阿弥陀寺５６,4901104,2020-12-22,,235728,
D123210000688,D1(高校),23(愛知),2(公),1(本),愛知県立愛西工科高等学校,愛知県愛西市渕高町蔭島１,4968018,2020-12-22,,235729,
D123210000697,D1(高校),23(愛知),2(公),1(本),愛知県立津島東高等学校,愛知県津島市蛭間町字弁日１,4960004,2020-12-22,,235639,
D123210000704,D1(高校),23(愛知),2(公),1(本),愛知県立美和高等学校,愛知県あま市篠田五ツ藤１,4901295,2020-12-22,,235731,
D123210000713,D1(高校),23(愛知),2(公),1(本),愛知県立海翔高等学校,愛知県弥富市六條町大崎２２,4901401,2020-12-22,,235732,
D123210000722,D1(高校),23(愛知),2(公),1(本),愛知県立半田高等学校,愛知県半田市出口町１－３０,4750903,2020-12-22,,235616,
D123210000731,D1(高校),23(愛知),2(公),1(本),愛知県立半田商業高等学校,愛知県半田市白山町２－３０,4750912,2020-12-22,,235617,
D123210000740,D1(高校),23(愛知),2(公),1(本),愛知県立半田工科高等学校,愛知県半田市柊町３－１,4750916,2020-12-22,,235619,
D123210000759,D1(高校),23(愛知),2(公),1(本),愛知県立半田農業高等学校,愛知県半田市柊町１－１,4750916,2020-12-22,,235618,
D123210000768,D1(高校),23(愛知),2(公),1(本),愛知県立大府高等学校,愛知県大府市月見町６－１８０,4740036,2020-12-22,,235676,
D123210000777,D1(高校),23(愛知),2(公),1(本),愛知県立横須賀高等学校,愛知県東海市高横須賀町広脇１番地,4770037,2020-12-22,,235671,
D123210000786,D1(高校),23(愛知),2(公),1(本),愛知県立内海高等学校,愛知県知多郡南知多町大字内海字奥鈴ヶ谷１－１,4703321,2020-12-22,,235737,
D123210000795,D1(高校),23(愛知),2(公),1(本),愛知県立桃陵高等学校,愛知県大府市中央町５－１５,4740025,2020-12-22,,235677,
D123210000802,D1(高校),23(愛知),2(公),1(本),愛知県立東海樟風高等学校,愛知県東海市大田町曽根１,4770031,2020-12-22,,235672,
D123210000811,D1(高校),23(愛知),2(公),1(本),愛知県立東浦高等学校,愛知県知多郡東浦町大字生路字冨士塚２０,4702104,2020-12-22,,235738,
D123210000820,D1(高校),23(愛知),2(公),1(本),愛知県立武豊高等学校,愛知県知多郡武豊町ヲヲガケ８,4702366,2020-12-22,,235736,
D123210000839,D1(高校),23(愛知),2(公),1(本),愛知県立東海南高等学校,愛知県東海市加木屋町社山５５番地,4770032,2020-12-22,,235673,
D123210000848,D1(高校),23(愛知),2(公),1(本),愛知県立阿久比高等学校,愛知県知多郡阿久比町大字阿久比字尾社２－１,4702213,2020-12-22,,235739,
D123210000857,D1(高校),23(愛知),2(公),1(本),愛知県立半田東高等学校,愛知県半田市西生見町３０,4750016,2020-12-22,,235620,
D123210000866,D1(高校),23(愛知),2(公),1(本),愛知県立大府東高等学校,愛知県大府市横根町膝折１－４,4740011,2020-12-22,,235678,
D123210000875,D1(高校),23(愛知),2(公),1(本),愛知県立知多翔洋高等学校,愛知県知多市八幡字堂ヶ島５０－１,4780001,2020-12-22,,235683,
D123210000884,D1(高校),23(愛知),2(公),1(本),愛知県立常滑高等学校,愛知県常滑市金山四井池１０,4790003,2020-12-22,,235648,
D123210000893,D1(高校),23(愛知),2(公),1(本),愛知県立岡崎高等学校,愛知県岡崎市明大寺町伝馬１,4440864,2020-12-22,,235751,
D123210000900,D1(高校),23(愛知),2(公),1(本),愛知県立岡崎北高等学校,愛知県岡崎市石神町１７－１,4440079,2020-12-22,,235752,
D123210000919,D1(高校),23(愛知),2(公),1(本),愛知県立岩津高等学校,愛知県岡崎市東蔵前町馬場５,4442146,2020-12-22,,235755,
D123210000928,D1(高校),23(愛知),2(公),1(本),愛知県立岡崎商業高等学校,愛知県岡崎市栄町３－７６,4440012,2020-12-22,,235753,
D123210000937,D1(高校),23(愛知),2(公),1(本),愛知県立岡崎工科高等学校,愛知県岡崎市羽根町陣場４７,4448555,2020-12-22,,235754,
D123210000946,D1(高校),23(愛知),2(公),1(本),愛知県立西尾高等学校,愛知県西尾市桜町奥新田２－２,4450803,2020-12-22,,235791,
D123210000955,D1(高校),23(愛知),2(公),1(本),愛知県立鶴城丘高等学校,愛知県西尾市亀沢町３００,4450847,2020-12-22,,235792,
D123210000964,D1(高校),23(愛知),2(公),1(本),愛知県立吉良高等学校,愛知県西尾市吉良町大字白浜新田字南切１－４,4440514,2020-12-22,,235807,
D123210000973,D1(高校),23(愛知),2(公),1(本),愛知県立幸田高等学校,愛知県額田郡幸田町大字高力字神山７８,4440111,2020-12-22,,235811,
D123210000982,D1(高校),23(愛知),2(公),1(本),愛知県立岡崎東高等学校,愛知県岡崎市竜泉寺町後山２７,4443524,2020-12-22,,235756,
D123210000991,D1(高校),23(愛知),2(公),1(本),愛知県立西尾東高等学校,愛知県西尾市小島町大郷１－４,4450006,2020-12-22,,235793,
D123210001008,D1(高校),23(愛知),2(公),1(本),愛知県立岡崎西高等学校,愛知県岡崎市日名南町７番地,4440915,2020-12-22,,235757,
D123210001017,D1(高校),23(愛知),2(公),1(本),愛知県立刈谷高等学校,愛知県刈谷市寿町５－１０１,4488504,2020-12-22,,235766,
D123210001026,D1(高校),23(愛知),2(公),1(本),愛知県立刈谷工科高等学校,愛知県刈谷市矢場町２－２１０,4480035,2020-12-22,,235768,
D123210001035,D1(高校),23(愛知),2(公),1(本),愛知県立刈谷北高等学校,愛知県刈谷市寺横町１－６７,4480846,2020-12-22,,235767,
D123210001044,D1(高校),23(愛知),2(公),1(本),愛知県立碧南高等学校,愛知県碧南市向陽町４－１２,4470871,2020-12-22,,235761,
D123210001053,D1(高校),23(愛知),2(公),1(本),愛知県立知立高等学校,愛知県知立市弘法二丁目５番地８,4728585,2020-12-22,,235797,
D123210001062,D1(高校),23(愛知),2(公),1(本),愛知県立一色高等学校,愛知県西尾市一色町大字赤羽字上郷中１４,4440496,2020-12-22,,235806,
D123210001071,D1(高校),23(愛知),2(公),1(本),愛知県立安城高等学校,愛知県安城市赤松町大北１０３,4460046,2020-12-22,,235786,
D123210001080,D1(高校),23(愛知),2(公),1(本),愛知県立安城農林高等学校,愛知県安城市池浦町茶筅木１番地,4460066,2020-12-22,,235787,
D123210001099,D1(高校),23(愛知),2(公),1(本),愛知県立高浜高等学校,愛知県高浜市本郷町１－６－１,4441311,2020-12-22,,235801,
D123210001106,D1(高校),23(愛知),2(公),1(本),愛知県立刈谷東高等学校,愛知県刈谷市半城土町三ツ又２０,4488653,2020-12-22,,235769,
D123210001115,D1(高校),23(愛知),2(公),1(本),愛知県立碧南工科高等学校,愛知県碧南市丸山町３－１０,4470066,2020-12-22,,235762,
D123210001124,D1(高校),23(愛知),2(公),1(本),愛知県立安城東高等学校,愛知県安城市北山崎町大土塚１０,4460011,2020-12-22,,235788,
D123210001133,D1(高校),23(愛知),2(公),1(本),愛知県立安城南高等学校,愛知県安城市桜井町門原１,4441154,2020-12-22,,235789,
D123210001142,D1(高校),23(愛知),2(公),1(本),愛知県立知立東高等学校,愛知県知立市長篠町大山１８－６,4728639,2020-12-22,,235798,
D123210001151,D1(高校),23(愛知),2(公),1(本),愛知県立豊田西高等学校,愛知県豊田市小坂町１４－６５,4710035,2020-12-22,,235776,
D123210001160,D1(高校),23(愛知),2(公),1(本),愛知県立豊田東高等学校,愛知県豊田市御立町１１－１,4710811,2020-12-22,,235777,
D123210001179,D1(高校),23(愛知),2(公),1(本),愛知県立猿投農林高等学校,愛知県豊田市井上町１２－１７９,4700372,2020-12-22,,235778,
D123210001188,D1(高校),23(愛知),2(公),1(本),愛知県立豊田工科高等学校,愛知県豊田市竹元町南細畔３番地,4730913,2020-12-22,,235780,
D123210001197,D1(高校),23(愛知),2(公),1(本),愛知県立加茂丘高等学校,愛知県豊田市藤岡飯野町太田代１１３７－３０,4700451,2020-12-22,,235816,
D123210001204,D1(高校),23(愛知),2(公),1(本),愛知県立衣台高等学校,愛知県豊田市太平町平山５,4710057,2020-12-22,,235781,
D123210001213,D1(高校),23(愛知),2(公),1(本),愛知県立三好高等学校,愛知県みよし市三好町東山１１０－１,4700224,2020-12-22,,235817,
D123210001222,D1(高校),23(愛知),2(公),1(本),愛知県立豊田北高等学校,愛知県豊田市千石町２－１００－１,4710016,2020-12-22,,235782,
D123210001231,D1(高校),23(愛知),2(公),1(本),愛知県立豊田南高等学校,愛知県豊田市若林東町中外根１－１,4730915,2020-12-22,,235783,
D123210001240,D1(高校),23(愛知),2(公),1(本),愛知県立豊田高等学校,愛知県豊田市伊保町三本松１,4700374,2020-12-22,,235784,
D123210001259,D1(高校),23(愛知),2(公),1(本),愛知県立豊野高等学校,愛知県豊田市渡刈町３－３－１,4701202,2020-12-22,,235785,
D123210001268,D1(高校),23(愛知),2(公),1(本),愛知県立足助高等学校,愛知県豊田市岩神町川原５,4442451,2020-12-22,,235821,
D123210001277,D1(高校),23(愛知),2(公),1(本),愛知県立松平高等学校,愛知県豊田市鵜ヶ瀬町桐山１,4442204,2020-12-22,,235779,
D123210001286,D1(高校),23(愛知),2(公),9(廃),愛知県立新城高等学校,愛知県新城市桜渕中野合併地,4411328,2020-12-22,2021-05-27,235876,D123210001302
D123210001295,D1(高校),23(愛知),2(公),9(廃),愛知県立新城東高等学校,愛知県新城市矢部字広見１００,4411301,2020-12-22,2021-05-27,235877,D123210001302
D123210001302,D1(高校),23(愛知),2(公),1(本),愛知県立新城有教館高等学校,愛知県新城市桜渕中野合併地,4411328,2020-12-22,,235879,
D123210001311,D1(高校),23(愛知),2(公),2(分),愛知県立新城有教館高等学校作手校舎,愛知県新城市作手高里木戸口１番２,4411423,2020-12-22,,235878,
D123210001320,D1(高校),23(愛知),2(公),1(本),愛知県立田口高等学校,愛知県北設楽郡設楽町清崎字林ノ後５－２,4412302,2020-12-22,,235881,
D123210001339,D1(高校),23(愛知),2(公),1(本),愛知県立時習館高等学校,愛知県豊橋市富本町,4418064,2020-12-22,,235851,
D123210001348,D1(高校),23(愛知),2(公),1(本),愛知県立豊橋工科高等学校,愛知県豊橋市草間町官有地,4418141,2020-12-22,,235855,
D123210001357,D1(高校),23(愛知),2(公),1(本),愛知県立成章高等学校,愛知県田原市田原町池ノ原１,4413421,2020-12-22,,235896,
D123210001366,D1(高校),23(愛知),2(公),1(本),愛知県立渥美農業高等学校,愛知県田原市加治町奥恩中１－１,4413427,2020-12-22,,235898,
D123210001375,D1(高校),23(愛知),2(公),1(本),愛知県立福江高等学校,愛知県田原市古田町岡ノ越６,4413613,2020-12-22,,235899,
D123210001384,D1(高校),23(愛知),2(公),1(本),愛知県立宝陵高等学校,愛知県豊川市大木町鑓水４４５,4411205,2020-12-22,,235891,
D123210001393,D1(高校),23(愛知),2(公),1(本),愛知県立御津あおば高等学校,愛知県豊川市御津町豊沢字松ノ下１,4410322,2020-12-22,,235893,
D123210001400,D1(高校),23(愛知),2(公),1(本),愛知県立豊橋商業高等学校,愛知県豊橋市向山町官有地,4400864,2020-12-22,,235853,
D123210001419,D1(高校),23(愛知),2(公),1(本),愛知県立豊橋東高等学校,愛知県豊橋市向山町字西猿２２,4400864,2020-12-22,,235852,
D123210001428,D1(高校),23(愛知),2(公),1(本),愛知県立豊丘高等学校,愛知県豊橋市豊岡町７４,4400034,2020-12-22,,235854,
D123210001437,D1(高校),23(愛知),2(公),1(本),愛知県立国府高等学校,愛知県豊川市国府町下坊入１０の１,4428586,2020-12-22,,235866,
D123210001446,D1(高校),23(愛知),2(公),1(本),愛知県立豊川工科高等学校,愛知県豊川市新道町１－３,4428573,2020-12-22,,235867,
D123210001455,D1(高校),23(愛知),2(公),1(本),愛知県立蒲郡高等学校,愛知県蒲郡市上本町８－９,4430058,2020-12-22,,235871,
D123210001464,D1(高校),23(愛知),2(公),1(本),愛知県立三谷水産高等学校,愛知県蒲郡市三谷町水神町通２番地１,4430021,2020-12-22,,235872,
D123210001473,D1(高校),23(愛知),2(公),1(本),愛知県立蒲郡東高等学校,愛知県蒲郡市大塚町上千尾１２－２,4430013,2020-12-22,,235873,
D123210001482,D1(高校),23(愛知),2(公),1(本),愛知県立豊橋南高等学校,愛知県豊橋市南大清水町字元町４５０番地,4418132,2020-12-22,,235856,
D123210001491,D1(高校),23(愛知),2(公),1(本),愛知県立小坂井高等学校,愛知県豊川市小坂井町欠田１００－１,4410103,2020-12-22,,235892,
D123210001507,D1(高校),23(愛知),2(公),1(本),愛知県立豊橋西高等学校,愛知県豊橋市牟呂町西明治新右前４,4418087,2020-12-22,,235857,
D123210001516,D1(高校),23(愛知),2(公),1(本),名古屋市立名古屋商業高等学校,愛知県名古屋市千種区自由ヶ丘２－１１－４８,4640044,2020-12-22,,236001,
D123210001525,D1(高校),23(愛知),2(公),1(本),名古屋市立菊里高等学校,愛知県名古屋市千種区星が丘元町１３－７,4640802,2020-12-22,,236002,
D123210001534,D1(高校),23(愛知),2(公),1(本),名古屋市立工芸高等学校,愛知県名古屋市東区芳野２－７－５１,4610027,2020-12-22,,236003,
D123210001543,D1(高校),23(愛知),2(公),1(本),名古屋市立北高等学校,愛知県名古屋市北区如来町５０番地,4620008,2020-12-22,,236004,
D123210001552,D1(高校),23(愛知),2(公),1(本),名古屋市立西陵高等学校,愛知県名古屋市西区児玉２－２０－６５,4510066,2020-12-22,,236005,
D123210001561,D1(高校),23(愛知),2(公),1(本),名古屋市立中央高等学校,愛知県名古屋市中区新栄３－１５－４５,4600007,2020-12-22,,236006,
D123210001570,D1(高校),23(愛知),2(公),1(本),名古屋市立向陽高等学校,愛知県名古屋市昭和区広池町４７,4660042,2020-12-22,,236008,
D123210001589,D1(高校),23(愛知),2(公),1(本),名古屋市立工業高等学校,愛知県名古屋市中川区北江町３－１３,4540851,2020-12-22,,236009,
D123210001598,D1(高校),23(愛知),2(公),1(本),名古屋市立富田高等学校,愛知県名古屋市中川区富田町大字榎津字上鵜垂１１１,4540953,2020-12-22,,236011,
D123210001605,D1(高校),23(愛知),2(公),1(本),名古屋市立桜台高等学校,愛知県名古屋市南区霞町２１,4570033,2020-12-22,,236012,
D123210001614,D1(高校),23(愛知),2(公),1(本),名古屋市立緑高等学校,愛知県名古屋市緑区旭出一丁目１１０４番地,4580031,2020-12-22,,236013,
D123210001623,D1(高校),23(愛知),2(公),1(本),名古屋市立若宮商業高等学校,愛知県名古屋市天白区古川町７６番地,4680046,2020-12-22,,236014,
D123210001632,D1(高校),23(愛知),2(公),1(本),名古屋市立山田高等学校,愛知県名古屋市西区二方町１９－１,4520817,2020-12-22,,236015,
D123210001641,D1(高校),23(愛知),2(公),1(本),名古屋市立名東高等学校,愛知県名古屋市名東区大針一丁目３５１,4650064,2020-12-22,,236016,
D123210001650,D1(高校),23(愛知),2(公),1(本),豊橋市立豊橋高等学校,愛知県豊橋市東郷町４３－１,4400068,2020-12-22,,236031,
D123210001669,D1(高校),23(愛知),2(公),1(本),愛知県立稲沢緑風館高等学校,愛知県稲沢市平野町加世１１,4928264,2023-05-01,,,
D123210001678,D1(高校),23(愛知),2(公),1(本),愛知県立津島北翔高等学校,愛知県津島市又吉町４－１,4960819,2025-05-01,,,
D123310000007,D1(高校),23(愛知),3(私),1(本),愛知高等学校,愛知県名古屋市千種区光が丘２－１１－４１,4648520,2020-12-22,,236101,
D123310000016,D1(高校),23(愛知),3(私),1(本),愛知工業大学名電高等学校,愛知県名古屋市千種区若水３－２－１２,4648540,2020-12-22,,236102,
D123310000025,D1(高校),23(愛知),3(私),1(本),愛知淑徳高等学校,愛知県名古屋市千種区桜が丘２３,4648671,2020-12-22,,236103,
D123310000034,D1(高校),23(愛知),3(私),1(本),椙山女学園高等学校,愛知県名古屋市千種区山添町２－２,4640832,2020-12-22,,236104,
D123310000043,D1(高校),23(愛知),3(私),1(本),名古屋経済大学市邨高等学校,愛知県名古屋市千種区北千種３－１－３７,4648533,2020-12-22,,236105,
D123310000052,D1(高校),23(愛知),3(私),1(本),東海高等学校,愛知県名古屋市東区筒井１－２－３５,4610003,2020-12-22,,236106,
D123310000061,D1(高校),23(愛知),3(私),1(本),金城学院高等学校,愛知県名古屋市東区白壁４－６４,4610011,2020-12-22,,236107,
D123310000070,D1(高校),23(愛知),3(私),1(本),名古屋高等学校,愛知県名古屋市東区砂田橋ニ丁目１－５８,4618676,2020-12-22,,236108,
D123310000089,D1(高校),23(愛知),3(私),1(本),啓明学館高等学校,愛知県名古屋市西区新道１－２３－１５,4510043,2020-12-22,,236109,
D123310000098,D1(高校),23(愛知),3(私),1(本),名城大学附属高等学校,愛知県名古屋市中村区新富町１－３－１６,4530031,2020-12-22,,236110,
D123310000105,D1(高校),23(愛知),3(私),1(本),同朋高等学校,愛知県名古屋市中村区稲葉地町７－１,4538540,2020-12-22,,236111,
D123310000114,D1(高校),23(愛知),3(私),1(本),中部大学第一高等学校,愛知県日進市三本木町細廻間４２５番地,4700101,2020-12-22,,236112,
D123310000123,D1(高校),23(愛知),3(私),1(本),名古屋たちばな高等学校,愛知県名古屋市中区伊勢山一丁目２番２９号,4600026,2020-12-22,,236113,
D123310000132,D1(高校),23(愛知),3(私),1(本),至学館高等学校,愛知県名古屋市東区大幸南２－１－１０,4610047,2020-12-22,,236114,
D123310000141,D1(高校),23(愛知),3(私),1(本),名古屋工業高等学校,愛知県名古屋市昭和区円上町２２－３８,4660054,2020-12-22,,236115,
D123310000150,D1(高校),23(愛知),3(私),1(本),桜花学園高等学校,愛知県名古屋市昭和区緑町１－７,4660013,2020-12-22,,236116,
D123310000169,D1(高校),23(愛知),3(私),1(本),南山高等学校,愛知県名古屋市昭和区五軒家町６番地,4660838,2020-12-22,,236117,
D123310000178,D1(高校),23(愛知),3(私),1(本),中京大学附属中京高等学校,愛知県名古屋市昭和区川名山町１２２,4668525,2020-12-22,,236118,
D123310000187,D1(高校),23(愛知),3(私),1(本),名古屋国際高等学校,愛知県名古屋市昭和区広路本町１ー１６,4660841,2020-12-22,,236119,
D123310000196,D1(高校),23(愛知),3(私),1(本),愛知みずほ大学瑞穂高等学校,愛知県名古屋市瑞穂区春敲町２－１３,4678521,2020-12-22,,236120,
D123310000203,D1(高校),23(愛知),3(私),1(本),名古屋葵大学高等学校,愛知県名古屋市瑞穂区汐路町４－２１,4678611,2020-12-22,,236121,
D123310000212,D1(高校),23(愛知),3(私),1(本),名古屋大谷高等学校,愛知県名古屋市瑞穂区高田町４－１９,4678511,2020-12-22,,236122,
D123310000221,D1(高校),23(愛知),3(私),1(本),享栄高等学校,愛知県名古屋市瑞穂区汐路町１－２６,4678626,2020-12-22,,236123,
D123310000230,D1(高校),23(愛知),3(私),1(本),名古屋経済大学高蔵高等学校,愛知県名古屋市瑞穂区高田町３－２８－１,4678558,2020-12-22,,236124,
D123310000249,D1(高校),23(愛知),3(私),1(本),大同大学大同高等学校,愛知県名古屋市南区大同町２－２１,4570811,2020-12-22,,236125,
D123310000258,D1(高校),23(愛知),3(私),1(本),菊華高等学校,愛知県名古屋市守山区小幡５－８－１３,4630011,2020-12-22,,236126,
D123310000267,D1(高校),23(愛知),3(私),1(本),東邦高等学校,愛知県名古屋市名東区平和が丘３－１１,4658516,2020-12-22,,236127,
D123310000276,D1(高校),23(愛知),3(私),1(本),日本福祉大学付属高等学校,愛知県知多郡美浜町奥田中之谷２－１,4703233,2020-12-22,,236128,
D123310000285,D1(高校),23(愛知),3(私),1(本),東海学園高等学校,愛知県名古屋市天白区中平２丁目９０１番地,4680014,2020-12-22,,236129,
D123310000294,D1(高校),23(愛知),3(私),1(本),修文学院高等学校,愛知県一宮市日光町６－１,4910938,2020-12-22,,236151,
D123310000301,D1(高校),23(愛知),3(私),1(本),聖霊高等学校,愛知県瀬戸市せいれい町２,4890863,2020-12-22,,236153,
D123310000310,D1(高校),23(愛知),3(私),1(本),聖カピタニオ女子高等学校,愛知県瀬戸市西長根町１３７,4890929,2020-12-22,,236154,
D123310000329,D1(高校),23(愛知),3(私),1(本),中部大学春日丘高等学校,愛知県春日井市松本町１１０５,4878501,2020-12-22,,236155,
D123310000338,D1(高校),23(愛知),3(私),1(本),清林館高等学校,愛知県愛西市持中町八町８８番地,4968006,2020-12-22,,236156,
D123310000347,D1(高校),23(愛知),3(私),1(本),滝高等学校,愛知県江南市東野町米野１,4838418,2020-12-22,,236157,
D123310000356,D1(高校),23(愛知),3(私),1(本),愛知啓成高等学校,愛知県稲沢市西町１－１－４１,4928529,2020-12-22,,236158,
D123310000365,D1(高校),23(愛知),3(私),1(本),星城高等学校,愛知県豊明市栄町新左山２０,4701161,2020-12-22,,236160,
D123310000374,D1(高校),23(愛知),3(私),1(本),誠信高等学校,愛知県丹羽郡扶桑町大字斉藤字本新須１,4800104,2020-12-22,,236161,
D123310000383,D1(高校),23(愛知),3(私),1(本),愛知黎明高等学校,愛知県弥富市稲吉２－５２,4980048,2020-12-22,,236162,
D123310000392,D1(高校),23(愛知),3(私),1(本),誉高等学校,愛知県小牧市本庄郷浦２６１３－２,4850821,2020-12-22,,236163,
D123310000409,D1(高校),23(愛知),3(私),1(本),栄徳高等学校,愛知県長久手市岩作三ヶ峯１－３２,4801103,2020-12-22,,236164,
D123310000418,D1(高校),23(愛知),3(私),1(本),大成高等学校,愛知県一宮市千秋町小山字大福田１８７８－２,4910814,2020-12-22,,236165,
D123310000427,D1(高校),23(愛知),3(私),1(本),人間環境大学附属岡崎高等学校,愛知県岡崎市稲熊町３の１１０,4440071,2020-12-22,,236181,
D123310000436,D1(高校),23(愛知),3(私),1(本),光ヶ丘女子高等学校,愛知県岡崎市大西町奥長入５２,4440811,2020-12-22,,236182,
D123310000445,D1(高校),23(愛知),3(私),1(本),岡崎城西高等学校,愛知県岡崎市中園町川成９８,4440942,2020-12-22,,236183,
D123310000454,D1(高校),23(愛知),3(私),1(本),安城学園高等学校,愛知県安城市小堤町４番２５号,4468635,2020-12-22,,236184,
D123310000463,D1(高校),23(愛知),3(私),1(本),杜若高等学校,愛知県豊田市平戸橋町波岩８７－１,4700331,2020-12-22,,236185,
D123310000472,D1(高校),23(愛知),3(私),1(本),愛知産業大学三河高等学校,愛知県岡崎市岡町原山１２－１０,4440005,2020-12-22,,236186,
D123310000481,D1(高校),23(愛知),3(私),1(本),豊田大谷高等学校,愛知県豊田市保見町南山１,4700344,2020-12-22,,236187,
D123310000490,D1(高校),23(愛知),3(私),9(廃),南山国際高等学校,愛知県豊田市亀首町八ッ口洞１３番地４５,4700375,2020-12-22,2023-05-01,236188,
D123310000506,D1(高校),23(愛知),3(私),1(本),黄柳野高等学校,愛知県新城市黄柳野字池田６６３－１,4411623,2020-12-22,,236189,
D123310000515,D1(高校),23(愛知),3(私),1(本),ルネサンス豊田高等学校,愛知県豊田市藤沢町丸竹１８２,4700302,2020-12-22,,236190,
D123310000524,D1(高校),23(愛知),3(私),1(本),桜丘高等学校,愛知県豊橋市南牛川２丁目１番地の１１,4408516,2020-12-22,,236201,
D123310000533,D1(高校),23(愛知),3(私),1(本),藤ノ花女子高等学校,愛知県豊橋市老松町１０９,4400053,2020-12-22,,236202,
D123310000542,D1(高校),23(愛知),3(私),1(本),豊橋中央高等学校,愛知県豊橋市鍵田町１０６番地,4400856,2020-12-22,,236203,
D123310000551,D1(高校),23(愛知),3(私),1(本),豊川高等学校,愛知県豊川市末広通１丁目３７番地,4420029,2020-12-22,,236204,
D123310000561,D1(高校),23(愛知),3(私),1(本),国際高等学校,愛知県日進市米野木町三ヶ峯４番地の４,4700193,2023-05-01,,,
D123310000570,D1(高校),23(愛知),3(私),2(分),ルネサンス豊田高等学校豊田駅前キャンパス,愛知県豊田市小坂本町１－９－１,4710034,2024-05-01,,,
D223310000006,D2(中等),23(愛知),3(私),1(本),海陽中等教育学校,愛知県蒲郡市海陽町３－１２－１,4438588,2020-12-22,,239781,
E123110000017,E1(養護),23(愛知),1(国),1(本),愛知教育大学附属特別支援学校,愛知県岡崎市六供町八貫１５,4440072,2020-12-22,,239901,
E123210000006,E1(特支盲),23(愛知),2(公),1(本),愛知県立名古屋盲学校,愛知県名古屋市千種区北千種１－８－２２,4640083,2020-12-22,,239711,
E123210000015,E1(特支盲),23(愛知),2(公),1(本),愛知県立岡崎盲学校,愛知県岡崎市竜美西１－１１－５,4440875,2020-12-22,,239713,
E123210000024,E1(特支聾),23(愛知),2(公),1(本),愛知県立名古屋聾学校,愛知県名古屋市千種区鹿子殿２１－１,4640021,2020-12-22,,239811,
E123210000033,E1(特支聾),23(愛知),2(公),1(本),愛知県立千種聾学校,愛知県名古屋市千種区若水２－５－１,4640071,2020-12-22,,239812,
E123210000042,E1(特支聾),23(愛知),2(公),1(本),愛知県立豊橋聾学校,愛知県豊橋市草間町字平東１００,4418141,2020-12-22,,239813,
E123210000051,E1(特支聾),23(愛知),2(公),1(本),愛知県立岡崎聾学校,愛知県岡崎市西阿知和町字御用田１－２３,4442111,2020-12-22,,239814,
E123210000060,E1(特支聾),23(愛知),2(公),1(本),愛知県立一宮聾学校,愛知県一宮市大和町苅安賀字上西之杁３０,4910934,2020-12-22,,239815,
E123210000079,E1(養護),23(愛知),2(公),1(本),愛知県立みあい特別支援学校,愛知県岡崎市美合町並松１－５１,4440802,2020-12-22,,239929,
E123210000088,E1(養護),23(愛知),2(公),1(本),愛知県立一宮東特別支援学校,愛知県一宮市丹羽字中山１１５１－１,4910083,2020-12-22,,239923,
E123210000097,E1(養護),23(愛知),2(公),1(本),愛知県立瀬戸つばき特別支援学校,愛知県瀬戸市南山口町４７４,4890965,2020-12-22,,239933,
E123210000104,E1(養護),23(愛知),2(公),1(本),愛知県立半田特別支援学校,愛知県半田市池田町２－３０,4750945,2020-12-22,,239919,
E123210000113,E1(養護),23(愛知),2(公),1(本),愛知県立春日台特別支援学校,愛知県春日井市神屋町７１３－８,4800392,2020-12-22,,239914,
E123210000122,E1(養護),23(愛知),2(公),1(本),愛知県立豊川特別支援学校,愛知県豊川市平尾町門田７７,4420863,2020-12-22,,239921,
E123210000131,E1(養護),23(愛知),2(公),2(分),愛知県立豊川特別支援学校本宮校舎,愛知県豊川市大木町鑓水４４５,4411205,2020-12-22,,239930,
E123210000140,E1(養護),23(愛知),2(公),1(本),愛知県立安城特別支援学校,愛知県安城市桜井町伝左２０,4441154,2020-12-22,,239920,
E123210000159,E1(養護),23(愛知),2(公),1(本),愛知県立いなざわ特別支援学校,愛知県稲沢市一色森山町２２５－１,4928364,2020-12-22,,239931,
E123210000168,E1(養護),23(愛知),2(公),1(本),愛知県立大府もちのき特別支援学校,愛知県大府市森岡町７－４２７,4740038,2020-12-22,,239932,
E123210000177,E1(養護),23(愛知),2(公),2(分),愛知県立大府もちのき特別支援学校桃花校舎,愛知県大府市中央町５－１５,4740025,2020-12-22,,239928,
E123210000186,E1(養護),23(愛知),2(公),1(本),愛知県立佐織特別支援学校,愛知県愛西市西川端町中東山３７,4968019,2020-12-22,,239922,
E123210000195,E1(養護),23(愛知),2(公),1(本),愛知県立三好特別支援学校,愛知県みよし市打越町山ノ神１－２,4700213,2020-12-22,,239915,
E123210000202,E1(養護),23(愛知),2(公),1(本),愛知県立春日井高等特別支援学校,愛知県春日井市中切町２－３－８,4860925,2020-12-22,,239926,
E123210000211,E1(養護),23(愛知),2(公),1(本),愛知県立豊田高等特別支援学校,愛知県豊田市竹町栄２１－１,4730906,2020-12-22,,239925,
E123210000220,E1(養護),23(愛知),2(公),1(本),愛知県立名古屋特別支援学校,愛知県名古屋市西区中小田井５－８８,4520822,2020-12-22,,239911,
E123210000239,E1(養護),23(愛知),2(公),1(本),愛知県立港特別支援学校,愛知県名古屋市港区港明１－１０－２,4550018,2020-12-22,,239924,
E123210000248,E1(養護),23(愛知),2(公),1(本),愛知県立豊橋特別支援学校,愛知県豊橋市西口町字西ノ口２５－１０,4400841,2020-12-22,,239917,
E123210000257,E1(養護),23(愛知),2(公),1(本),愛知県立岡崎特別支援学校,愛知県岡崎市美合町字並松１番９０,4440802,2020-12-22,,239913,
E123210000266,E1(養護),23(愛知),2(公),1(本),愛知県立一宮特別支援学校,愛知県一宮市杉山字氏神廻１番地,4910136,2020-12-22,,239916,
E123210000275,E1(養護),23(愛知),2(公),1(本),愛知県立ひいらぎ特別支援学校,愛知県半田市出口町１－８－１,4750903,2020-12-22,,239927,
E123210000284,E1(養護),23(愛知),2(公),1(本),愛知県立小牧特別支援学校,愛知県小牧市大字久保一色１１２９－２,4850003,2020-12-22,,239918,
E123210000293,E1(養護),23(愛知),2(公),1(本),愛知県立大府特別支援学校,愛知県大府市森岡町７－４２７,4740038,2020-12-22,,239912,
E123210000300,E1(養護),23(愛知),2(公),1(本),名古屋市立西特別支援学校,愛知県名古屋市中川区小本一丁目１９番３８号,4540828,2020-12-22,,239951,
E123210000319,E1(養護),23(愛知),2(公),1(本),名古屋市立南特別支援学校,愛知県名古屋市熱田区三本松町２３番２６号,4560032,2020-12-22,,239952,
E123210000328,E1(養護),23(愛知),2(公),1(本),名古屋市立天白特別支援学校,愛知県名古屋市天白区植田山二丁目１０１番地,4680001,2020-12-22,,239953,
E123210000337,E1(養護),23(愛知),2(公),1(本),名古屋市立守山特別支援学校,愛知県名古屋市守山区小幡一丁目１４番６号,4630011,2020-12-22,,239954,
E123210000346,E1(養護),23(愛知),2(公),2(分),名古屋市立南特別支援学校分校,愛知県名古屋市南区中割町２丁目１０番地,4570826,2020-12-22,,239955,
E123210000355,E1(養護),23(愛知),2(公),1(本),豊橋市立くすのき特別支援学校,愛知県豊橋市野依町字上ノ山３－２,4418124,2020-12-22,,239963,
E123210000364,E1(特支盲),23(愛知),2(公),1(本),瀬戸市立瀬戸特別支援学校,愛知県瀬戸市萩山台二丁目２２番地,4890886,2020-12-22,,239960,
E123210000373,E1(養護),23(愛知),2(公),2(分),瀬戸市立瀬戸特別支援学校光陵校舎,愛知県瀬戸市萩山台９－２４４,4890886,2020-12-22,,239962,
E123210000382,E1(養護),23(愛知),2(公),1(本),刈谷市立刈谷特別支援学校,愛知県刈谷市小垣江町白沢３６,4480813,2020-12-22,,239964,
E123210000391,E1(養護),23(愛知),2(公),1(本),豊田市立豊田特別支援学校,愛知県豊田市大清水町原山６６,4700342,2020-12-22,,239961,
E123210000408,E1(養護),23(愛知),2(公),1(本),愛知県立にしお特別支援学校,愛知県西尾市須脇町高河原８６,4450046,2022-05-01,,,
E123210000418,E1(特支聾),23(愛知),2(公),2(分),愛知県立千種聾学校ひがしうら校舎,愛知県知多郡東浦町大字生路字池上７０,4702104,2023-05-01,,,
E123210000427,E1(養護),23(愛知),2(公),1(本),名古屋市立若宮高等特別支援学校,愛知県名古屋市天白区古川町７６番地,4680046,2024-05-01,,,
H123210000000,H1(専修),23(愛知),2(公),1(本),愛知県立総合看護専門学校,愛知県名古屋市昭和区滝川町３６,4660826,2020-12-22,,238512,
H123210000019,H1(専修),23(愛知),2(公),9(廃),県立愛知看護専門学校,愛知県岡崎市欠町栗宿１８,4440011,2020-12-22,2024-05-01,238513,
H123210000028,H1(専修),23(愛知),2(公),1(本),愛知県立農業大学校,愛知県岡崎市美合町字並松１－２,4440802,2020-12-22,,238519,
H123210000037,H1(専修),23(愛知),2(公),9(廃),名古屋市立中央看護専門学校,愛知県名古屋市東区名古屋市東区葵１－４－７,4610004,2020-12-22,2025-05-01,238522,
H123210000046,H1(専修),23(愛知),2(公),1(本),半田常滑看護専門学校,愛知県半田市半田市東洋町２－４５,4750817,2020-12-22,,238526,
H123210000055,H1(専修),23(愛知),2(公),1(本),豊橋市立家政高等専修学校,愛知県豊橋市豊橋市老津町字西高縄７８,4413301,2020-12-22,,238527,
H123210000064,H1(専修),23(愛知),2(公),1(本),豊橋市立看護専門学校,愛知県豊橋市豊橋市青竹町字八間西１００－３,4418085,2020-12-22,,238529,
H123210000073,H1(専修),23(愛知),2(公),1(本),蒲郡市立ソフィア看護専門学校,愛知県蒲郡市蒲郡市五井町高立田３,4430003,2020-12-22,,238531,
H123210000082,H1(専修),23(愛知),2(公),1(本),岡崎市立看護専門学校,愛知県岡崎市岡崎市伊賀町字西郷中１０４,4440075,2020-12-22,,238532,
H123210000091,H1(専修),23(愛知),2(公),1(本),公立西知多看護専門学校,愛知県知多市知多市新知字七五三山１－２,4780017,2020-12-22,,238533,
H123210000108,H1(専修),23(愛知),2(公),1(本),津島市立看護専門学校,愛知県津島市津島市橘町６－３４,4960038,2020-12-22,,238534,
H123210000117,H1(専修),23(愛知),2(公),1(本),公立春日井小牧看護専門学校,愛知県春日井市春日井市八田町２－３８－１,4860849,2020-12-22,,238535,
H123210000126,H1(専修),23(愛知),2(公),9(廃),一宮市立中央看護専門学校,愛知県一宮市松降１－９ー２１,4910042,2020-12-22,2021-05-27,238536,
H123210000135,H1(専修),23(愛知),2(公),1(本),公立瀬戸旭看護専門学校,愛知県瀬戸市瀬戸市進陶町６－１,4890058,2020-12-22,,238538,
H123210000144,H1(専修),23(愛知),2(公),1(本),西尾市立看護専門学校,愛知県西尾市西尾市戸ヶ崎町広美１０９－１,4450074,2020-12-22,,238837,
H123210000153,H1(専修),23(愛知),2(公),9(廃),田原市立田原福祉専門学校,愛知県田原市田原町中小路１１－１,4413421,2020-12-22,2021-05-27,239074,H123310001613
H123310000008,H1(専修),23(愛知),3(私),1(本),東名古屋病院附属リハビリテーション学院,愛知県名古屋市名東区梅森坂５－１０１,4658620,2020-12-22,,238517,
H123310000017,H1(専修),23(愛知),3(私),1(本),専門学校星城大学リハビリテーション学院,愛知県名古屋市中区栄１－１４－２６,4600008,2020-12-22,,238518,
H123310000026,H1(専修),23(愛知),3(私),1(本),アリアーレビューティー専門学校,愛知県名古屋市千種区今池２－１－１４,4640850,2020-12-22,,238542,
H123310000035,H1(専修),23(愛知),3(私),1(本),トライデント外国語・エアライン・ホテル専門学校,愛知県名古屋市中村区名駅４－１－１１,4500002,2020-12-22,,238544,
H123310000044,H1(専修),23(愛知),3(私),1(本),愛知学院大学歯科技工専門学校,愛知県名古屋市千種区楠元町１－１００,4648650,2020-12-22,,238545,
H123310000053,H1(専修),23(愛知),3(私),1(本),ニチエイ調理専門学校,愛知県名古屋市中区新栄１－４３－９,4600007,2020-12-22,,238547,
H123310000062,H1(専修),23(愛知),3(私),1(本),名古屋経営会計専門学校,愛知県名古屋市千種区池下１－１－４,4640067,2020-12-22,,238549,
H123310000071,H1(専修),23(愛知),3(私),1(本),名古屋ビューティー専門学校,愛知県名古屋市東区葵１－１７－８,4618610,2020-12-22,,238552,
H123310000080,H1(専修),23(愛知),3(私),1(本),菊武ビジネス専門学校,愛知県名古屋市東区相生町６０,4610012,2020-12-22,,238553,
H123310000099,H1(専修),23(愛知),3(私),1(本),名古屋文化学園保育専門学校,愛知県名古屋市東区白壁１－５４,4610011,2020-12-22,,238555,
H123310000106,H1(専修),23(愛知),3(私),1(本),キクチ眼鏡専門学校,愛知県名古屋市東区泉二丁目５－５,4610001,2020-12-22,,238556,
H123310000115,H1(専修),23(愛知),3(私),1(本),中京法律専門学校,愛知県名古屋市東区徳川町１８０４,4610023,2020-12-22,,238557,
H123310000124,H1(専修),23(愛知),3(私),9(廃),布池外語専門学校,愛知県名古屋市東区葵１丁目１２番２３号,4610004,2020-12-22,2023-05-01,238558,
H123310000133,H1(専修),23(愛知),3(私),1(本),ナゴノ福祉歯科医療専門学校,愛知県名古屋市東区泉１－１７－１７,4610001,2020-12-22,,238559,
H123310000142,H1(専修),23(愛知),3(私),1(本),愛知調理専門学校,愛知県名古屋市北区上飯田西町三丁目４６番地,4620809,2020-12-22,,238562,
H123310000151,H1(専修),23(愛知),3(私),1(本),名古屋歯科医療専門学校,愛知県名古屋市西区新道１－２６－２０,4510043,2020-12-22,,238563,
H123310000160,H1(専修),23(愛知),3(私),1(本),名古屋市歯科医師会附属歯科衛生士専門学校,愛知県名古屋市北区黒川本通２－１６,4620841,2020-12-22,,238564,
H123310000179,H1(専修),23(愛知),3(私),1(本),愛生会看護専門学校,愛知県名古屋市北区五反田町１１０－１,4620011,2020-12-22,,238565,
H123310000188,H1(専修),23(愛知),3(私),1(本),専門学校名古屋ウェディング＆フラワー・ビューティ学院,愛知県名古屋市北区平安二丁目１５－４３,4628580,2020-12-22,,238566,
H123310000197,H1(専修),23(愛知),3(私),1(本),専門学校エクラ,愛知県名古屋市千種区仲田２－５－２,4640074,2020-12-22,,238567,
H123310000204,H1(専修),23(愛知),3(私),9(廃),ミス・パリ・ビューティ専門学校,愛知県名古屋市東区東桜１－８－３,4610005,2020-12-22,2024-05-01,238568,H123310001659
H123310000213,H1(専修),23(愛知),3(私),1(本),名古屋ユマニテク調理製菓専門学校,愛知県名古屋市中村区亀島２－６－１０,4530013,2020-12-22,,238571,
H123310000222,H1(専修),23(愛知),3(私),1(本),名鉄看護専門学校,愛知県名古屋市西区栄生２－２５－２４,4510052,2020-12-22,,238572,
H123310000231,H1(専修),23(愛知),3(私),9(廃),名西文化服装学院,愛知県名古屋市西区名西１－８－２７,4510064,2020-12-22,2024-05-01,238573,
H123310000240,H1(専修),23(愛知),3(私),1(本),国際調理師専門学校名駅校,愛知県名古屋市西区牛島町５－２０,4510046,2020-12-22,,238577,
H123310000259,H1(専修),23(愛知),3(私),1(本),名古屋文理栄養士専門学校,愛知県名古屋市西区東岸町２－５３－１,4510076,2020-12-22,,238578,
H123310000268,H1(専修),23(愛知),3(私),1(本),名古屋医療秘書福祉＆ＩＴ専門学校,愛知県名古屋市西区名駅２－２７－２８,4510045,2020-12-22,,238579,
H123310000277,H1(専修),23(愛知),3(私),1(本),米田柔整専門学校,愛知県名古屋市西区枇杷島二丁目３番１３号,4510053,2020-12-22,,238580,
H123310000286,H1(専修),23(愛知),3(私),1(本),名古屋モード学園,愛知県名古屋市中村区名駅４－２７－１,4500002,2020-12-22,,238583,
H123310000295,H1(専修),23(愛知),3(私),1(本),中和医療専門学校,愛知県稲沢市東緑町１－１－８１,4928251,2020-12-22,,238584,
H123310000302,H1(専修),23(愛知),3(私),1(本),専門学校日本デザイナー芸術学院,愛知県名古屋市中村区黄金通１－１６,4530804,2020-12-22,,238586,
H123310000311,H1(専修),23(愛知),3(私),1(本),大原簿記情報医療専門学校,愛知県名古屋市中村区名駅３－２０－８,4500002,2020-12-22,,238588,
H123310000320,H1(専修),23(愛知),3(私),1(本),中部リハビリテーション専門学校,愛知県名古屋市中村区若宮２－２,4530023,2020-12-22,,238590,
H123310000339,H1(専修),23(愛知),3(私),1(本),名古屋福祉専門学校,愛知県名古屋市中区丸の内１－３－２５,4600002,2020-12-22,,238593,
H123310000348,H1(専修),23(愛知),3(私),1(本),名古屋情報メディア専門学校,愛知県名古屋市熱田区大宝四丁目１９番１４号,4560062,2020-12-22,,238595,
H123310000357,H1(専修),23(愛知),3(私),1(本),専門学校名古屋デザイナー・アカデミー,愛知県名古屋市中区栄５－１－３,4600008,2020-12-22,,238596,
H123310000366,H1(専修),23(愛知),3(私),1(本),専門学校名古屋ビジュアルアーツ・アカデミー,愛知県名古屋市中区栄４－１６－２３,4600008,2020-12-22,,238597,
H123310000375,H1(専修),23(愛知),3(私),1(本),国際観光専門学校名古屋校,愛知県名古屋市中村区名駅南２丁目２番２６号,4500003,2020-12-22,,238598,
H123310000384,H1(専修),23(愛知),3(私),1(本),専修学校東洋調理技術学院,愛知県名古屋市西区牛島町１－１,4510046,2020-12-22,,238600,
H123310000393,H1(専修),23(愛知),3(私),1(本),中日美容専門学校,愛知県名古屋市中村区名駅南４－１１－２３,4500003,2020-12-22,,238605,
H123310000400,H1(専修),23(愛知),3(私),9(廃),名古屋芸術大学保育専門学校,愛知県名古屋市昭和区永金町１－１－１５,4660047,2020-12-22,2022-05-01,238606,
H123310000419,H1(専修),23(愛知),3(私),1(本),愛知文化服装専門学校,愛知県名古屋市瑞穂区川澄町１－５,4670002,2020-12-22,,238607,
H123310000428,H1(専修),23(愛知),3(私),1(本),中部楽器技術専門学校,愛知県名古屋市昭和区阿由知通３－１３－６,4660027,2020-12-22,,238609,
H123310000437,H1(専修),23(愛知),3(私),1(本),名古屋調理師専門学校,愛知県名古屋市瑞穂区新開町５－３,4670856,2020-12-22,,238615,
H123310000446,H1(専修),23(愛知),3(私),1(本),名古屋美容専門学校,愛知県名古屋市熱田区金山町１－８－１０,4560002,2020-12-22,,238616,
H123310000455,H1(専修),23(愛知),3(私),1(本),専修学校代々木ゼミナール名古屋校,愛知県名古屋市中村区則武１－５－７,4530014,2020-12-22,,238617,
H123310000464,H1(専修),23(愛知),3(私),1(本),東海医療科学専門学校,愛知県名古屋市中村区名駅南２－７－２,4500003,2020-12-22,,238618,
H123310000473,H1(専修),23(愛知),3(私),1(本),名古屋医専,愛知県名古屋市中村区名駅４－２７－１,4500002,2020-12-22,,238619,
H123310000482,H1(専修),23(愛知),3(私),1(本),専門学校日本マンガ芸術学院,愛知県名古屋市中村区黄金通１－１６,4530804,2020-12-22,,238620,
H123310000491,H1(専修),23(愛知),3(私),1(本),明美文化服装専門学校,愛知県名古屋市熱田区金山町１－１１－８,4560002,2020-12-22,,238621,
H123310000507,H1(専修),23(愛知),3(私),1(本),名古屋工学院専門学校,愛知県名古屋市熱田区神宮４－７－２１,4560031,2020-12-22,,238622,
H123310000516,H1(専修),23(愛知),3(私),1(本),東海工業専門学校熱田校,愛知県名古屋市熱田区花表町１９－１４,4560033,2020-12-22,,238623,
H123310000525,H1(専修),23(愛知),3(私),1(本),サンデザイン専門学校,愛知県名古屋市熱田区沢上１－１－１４,4560012,2020-12-22,,238624,
H123310000534,H1(専修),23(愛知),3(私),1(本),あいちビジネス専門学校,愛知県名古屋市中区伊勢山２－１３－２８,4600026,2020-12-22,,238626,
H123310000543,H1(専修),23(愛知),3(私),1(本),あいち造形デザイン専門学校,愛知県名古屋市千種区今池４－１０－７,4640850,2020-12-22,,238627,
H123310000552,H1(専修),23(愛知),3(私),1(本),ＥＬＩＣビジネス＆公務員専門学校,愛知県名古屋市熱田区新尾頭１－１２－１０,4560018,2020-12-22,,238628,
H123310000561,H1(専修),23(愛知),3(私),1(本),あいち福祉医療専門学校,愛知県名古屋市熱田区金山町１－７－１３,4560002,2020-12-22,,238629,
H123310000570,H1(専修),23(愛知),3(私),9(廃),名古屋ブライダルビューティー専門学校,愛知県名古屋市熱田区金山町一丁目６番９号,4560002,2020-12-22,2025-05-01,238630,
H123310000589,H1(専修),23(愛知),3(私),1(本),えきさい看護専門学校,愛知県名古屋市中川区松年町４－４８,4540854,2020-12-22,,238631,
H123310000598,H1(専修),23(愛知),3(私),1(本),まつかげ看護専門学校,愛知県名古屋市中川区打出２－３４１,4540926,2020-12-22,,238632,
H123310000605,H1(専修),23(愛知),3(私),1(本),専門学校日本神学校,愛知県名古屋市中区栄五丁目２３番地８号,4600008,2020-12-22,,238633,
H123310000614,H1(専修),23(愛知),3(私),1(本),専門学校名古屋鍼灸学校,愛知県名古屋市中川区尾頭橋三丁目５番２８号,4540012,2020-12-22,,238634,
H123310000623,H1(専修),23(愛知),3(私),1(本),名古屋医健スポーツ専門学校,愛知県名古屋市中区栄三丁目２０番３号,4600008,2020-12-22,,238635,
H123310000632,H1(専修),23(愛知),3(私),1(本),名古屋こども専門学校,愛知県名古屋市西区名駅２－１５－１７,4510045,2020-12-22,,238636,
H123310000641,H1(専修),23(愛知),3(私),1(本),名古屋ウェディング＆ブライダル専門学校,愛知県名古屋市西区名駅二丁目２７－３６,4510045,2020-12-22,,238637,
H123310000650,H1(専修),23(愛知),3(私),1(本),名古屋スクールオブミュージック＆ダンス専門学校,愛知県名古屋市中区栄三丁目１９番１５号,4600008,2020-12-22,,238638,
H123310000669,H1(専修),23(愛知),3(私),1(本),専修学校クラーク高等学院名古屋校,愛知県名古屋市中村区名駅三丁目１１番２０号,4500002,2020-12-22,,238639,
H123310000678,H1(専修),23(愛知),3(私),1(本),愛知芸術高等専修学校,愛知県名古屋市北区山田２－２－３３,4620810,2020-12-22,,238640,
H123310000687,H1(専修),23(愛知),3(私),1(本),独立行政法人労働者健康安全機構中部労災看護専門学校,愛知県名古屋市港区港明１－１０－５,4550018,2020-12-22,,238642,
H123310000696,H1(専修),23(愛知),3(私),1(本),専門学校日産愛知自動車大学校,愛知県名古屋市港区港栄１－７－１２,4550015,2020-12-22,,238643,
H123310000703,H1(専修),23(愛知),3(私),9(廃),名古屋市医師会看護専門学校,愛知県名古屋市港区千鳥１－１３－２２,4550031,2020-12-22,2023-05-01,238644,
H123310000712,H1(専修),23(愛知),3(私),1(本),名古屋デザイン＆テクノロジー専門学校,愛知県名古屋市中区栄三丁目２０番４号,4600008,2020-12-22,,238645,
H123310000721,H1(専修),23(愛知),3(私),1(本),名古屋ＥＣＯ動物海洋専門学校,愛知県名古屋市中区栄三丁目２１番６号,4600008,2020-12-22,,238646,
H123310000730,H1(専修),23(愛知),3(私),1(本),専門学校ノースリバービジネスカレッジ,愛知県名古屋市港区名港一丁目１９番１５号,4550037,2020-12-22,,238647,
H123310000749,H1(専修),23(愛知),3(私),9(廃),中京病院附属看護専門学校,愛知県名古屋市南区三条一丁目１番１０号,4578510,2020-12-22,2021-05-27,238652,
H123310000758,H1(専修),23(愛知),3(私),1(本),名古屋情報専門学校,愛知県名古屋市緑区有松９１２,4580924,2020-12-22,,238671,
H123310000767,H1(専修),23(愛知),3(私),1(本),東海歯科医療専門学校,愛知県名古屋市名東区藤が丘１５８,4650032,2020-12-22,,238682,
H123310000776,H1(専修),23(愛知),3(私),1(本),八事看護専門学校,愛知県名古屋市天白区大坪２－３０１,4680072,2020-12-22,,238691,
H123310000785,H1(専修),23(愛知),3(私),1(本),専門学校名古屋デンタル衛生士学院,愛知県名古屋市天白区平針三丁目１６０１番地,4680011,2020-12-22,,238692,
H123310000794,H1(専修),23(愛知),3(私),1(本),東海工業専門学校金山校,愛知県名古屋市中区金山２－７－１９,4600022,2020-12-22,,238695,
H123310000801,H1(専修),23(愛知),3(私),1(本),愛知美容専門学校,愛知県名古屋市中区新栄２－１６－２,4600007,2020-12-22,,238696,
H123310000810,H1(専修),23(愛知),3(私),1(本),名古屋医療情報専門学校,愛知県名古屋市熱田区二番二丁目１番２５号,4560052,2020-12-22,,238698,
H123310000829,H1(専修),23(愛知),3(私),1(本),名古屋綜合美容専門学校,愛知県名古屋市中区千代田３－２１－２５,4600012,2020-12-22,,238700,
H123310000838,H1(専修),23(愛知),3(私),1(本),豊橋調理製菓専門学校,愛知県豊橋市八町通１丁目２２－２,4400806,2020-12-22,,238704,
H123310000847,H1(専修),23(愛知),3(私),1(本),豊橋宮野ビジネス高等専修学校,愛知県豊橋市旭町字旭３４８番地３,4400057,2020-12-22,,238705,
H123310000856,H1(専修),23(愛知),3(私),1(本),豊橋歯科衛生士専門学校,愛知県豊橋市中野町字中原１００－４,4418149,2020-12-22,,238706,
H123310000865,H1(専修),23(愛知),3(私),1(本),中部コンピュータ・パティシエ専門学校,愛知県豊橋市花園町７５,4400895,2020-12-22,,238707,
H123310000874,H1(専修),23(愛知),3(私),1(本),東三河看護専門学校,愛知県豊橋市羽根井本町１３３番地４,4418029,2020-12-22,,238708,
H123310000883,H1(専修),23(愛知),3(私),1(本),あいち情報専門学校,愛知県豊橋市関屋町１－６,4400891,2020-12-22,,238709,
H123310000892,H1(専修),23(愛知),3(私),1(本),専門学校中部ビューティ・デザイン・デンタルカレッジ,愛知県豊橋市札木町５９番地,4400893,2020-12-22,,238710,
H123310000909,H1(専修),23(愛知),3(私),1(本),美容専門学校アーティス・ヘアー・カレッジ,愛知県豊橋市駅前大通１丁目１４番地,4400888,2020-12-22,,238712,
H123310000918,H1(専修),23(愛知),3(私),1(本),豊橋准看護学校,愛知県豊橋市中野町字中原１００番地３,4418149,2020-12-22,,238713,
H123310000927,H1(専修),23(愛知),3(私),1(本),東海医療技術専門学校,愛知県岡崎市美合町字平端２４番地４５,4440802,2020-12-22,,238723,
H123310000936,H1(専修),23(愛知),3(私),1(本),中部美容専門学校岡崎校,愛知県岡崎市祐金町１１９－２,4440037,2020-12-22,,238724,
H123310000945,H1(専修),23(愛知),3(私),1(本),慈恵福祉保育専門学校,愛知県岡崎市大和町字中切１番９,4440931,2020-12-22,,238725,
H123310000954,H1(専修),23(愛知),3(私),1(本),三河歯科衛生専門学校,愛知県岡崎市岡町原山１２－１３０,4440005,2020-12-22,,238727,
H123310000963,H1(専修),23(愛知),3(私),1(本),愛知ペット専門学校,愛知県岡崎市大平町字川田５８番１,4440007,2020-12-22,,238728,
H123310000972,H1(専修),23(愛知),3(私),1(本),桐華ファッション専門学校,愛知県半田市天王町１－３０,4750859,2020-12-22,,238766,
H123310000981,H1(専修),23(愛知),3(私),1(本),中部福祉保育日本語専門学校,愛知県豊川市馬場町上石畑６１,4420811,2020-12-22,,238786,
H123310000990,H1(専修),23(愛知),3(私),1(本),川崎服飾技芸専門学校,愛知県豊田市竹生町４丁目３番地,4710077,2020-12-22,,238816,
H123310001007,H1(専修),23(愛知),3(私),1(本),豊田地域看護専門学校,愛知県豊田市西山町３－３０－１,4710062,2020-12-22,,238818,
H123310001016,H1(専修),23(愛知),3(私),1(本),愛知県厚生農業協同組合連合会加茂看護専門学校,愛知県豊田市浄水町一丁目５８番地５,4718505,2020-12-22,,238819,
H123310001025,H1(専修),23(愛知),3(私),1(本),トヨタ看護専門学校,愛知県豊田市平和町４丁目４８番５,4710821,2020-12-22,,238820,
H123310001034,H1(専修),23(愛知),3(私),9(廃),愛知工業大学情報電子専門学校,愛知県豊田市陣中町１－２１－１,4710079,2020-12-22,2025-05-01,238821,
H123310001043,H1(専修),23(愛知),3(私),1(本),安城生活福祉高等専修学校,愛知県安城市相生町５－９,4460037,2020-12-22,,238826,
H123310001052,H1(専修),23(愛知),3(私),1(本),愛知県厚生農業協同組合連合会更生看護専門学校,愛知県安城市安城町東広畔４７－１,4460026,2020-12-22,,238827,
H123310001061,H1(専修),23(愛知),3(私),1(本),慈恵歯科医療ファッション専門学校,愛知県安城市相生町２０４,4460037,2020-12-22,,238830,
H123310001070,H1(専修),23(愛知),3(私),1(本),大岡学園ファッション文化専門学校,愛知県安城市大東町１１－２８,4460065,2020-12-22,,238832,
H123310001089,H1(専修),23(愛知),3(私),1(本),安城市医師会安城碧海看護専門学校,愛知県安城市安城町広美４２,4460026,2020-12-22,,238835,
H123310001098,H1(専修),23(愛知),3(私),1(本),西尾高等家政専門学校,愛知県西尾市丁田町落１６,4450062,2020-12-22,,238836,
H123310001105,H1(専修),23(愛知),3(私),1(本),西尾市医師会准看護学校,愛知県西尾市熊味町小松島３４番地,4450071,2020-12-22,,238838,
H123310001114,H1(専修),23(愛知),3(私),1(本),愛知県厚生農業協同組合連合会愛北看護専門学校,愛知県江南市高屋町大松原１３７番地７,4838036,2020-12-22,,238859,
H123310001123,H1(専修),23(愛知),3(私),9(廃),愛知中央美容専門学校,愛知県小牧市高根二丁目１番地,4850803,2020-12-22,2025-05-01,238868,
H123310001132,H1(専修),23(愛知),3(私),1(本),穂の香看護専門学校,愛知県新城市川路字萩平１番１２５,4411306,2020-12-22,,238876,
H123310001141,H1(専修),23(愛知),3(私),1(本),山本学園情報文化専門学校,愛知県知立市池端１－１３,4720025,2020-12-22,,238897,
H123310001150,H1(専修),23(愛知),3(私),1(本),中部ファッション専門学校,愛知県知立市池端１－１３,4720025,2020-12-22,,238899,
H123310001169,H1(専修),23(愛知),3(私),1(本),中部製菓専門学校,愛知県知立市池端１－８,4720025,2020-12-22,,238900,
H123310001178,H1(専修),23(愛知),3(私),9(廃),藤田医科大学看護専門学校,愛知県豊明市沓掛町田楽ヶ窪１－９８,4701192,2020-12-22,2022-05-01,238916,
H123310001187,H1(専修),23(愛知),3(私),1(本),専門学校愛知保健看護大学校,愛知県長久手市根嶽１２１６,4801148,2020-12-22,,238929,
H123310001196,H1(専修),23(愛知),3(私),1(本),専門学校トヨタ名古屋自動車大学校,愛知県清須市春日一番割１番地,4528567,2020-12-22,,238945,
H123310001203,H1(専修),23(愛知),3(私),1(本),専門学校名鉄自動車大学校,愛知県丹羽郡大口町中小口４－１０,4800142,2020-12-22,,238951,
H123310001212,H1(専修),23(愛知),3(私),1(本),尾北看護専門学校,愛知県丹羽郡大口町下小口六丁目１２２番地２,4800144,2020-12-22,,238952,
H123310001221,H1(専修),23(愛知),3(私),1(本),愛知自動車整備専門学校,愛知県弥富市前ケ平二丁目４９番１,4980003,2020-12-22,,238984,
H123310001230,H1(専修),23(愛知),3(私),1(本),名古屋栄養専門学校,愛知県名古屋市中区新栄１－９－６,4600007,2020-12-22,,239001,
H123310001249,H1(専修),23(愛知),3(私),1(本),名古屋ファッション専門学校,愛知県名古屋市中区新栄１－９－６,4600007,2020-12-22,,239004,
H123310001258,H1(専修),23(愛知),3(私),1(本),広告デザイン専門学校,愛知県名古屋市中区新栄１－１６－４,4600007,2020-12-22,,239007,
H123310001267,H1(専修),23(愛知),3(私),1(本),専門学校名古屋ビジネス・アカデミー,愛知県名古屋市中区栄５－１－３,4600008,2020-12-22,,239008,
H123310001276,H1(専修),23(愛知),3(私),1(本),日本福祉大学中央福祉専門学校,愛知県名古屋市中区千代田３－２７－１１,4600012,2020-12-22,,239010,
H123310001285,H1(専修),23(愛知),3(私),1(本),専門学校名古屋ホスピタリティ・アカデミー,愛知県名古屋市中区栄５－１１－２９,4600008,2020-12-22,,239011,
H123310001294,H1(専修),23(愛知),3(私),1(本),中部美容専門学校名古屋校,愛知県名古屋市中区上前津２丁目１０番２８号,4600013,2020-12-22,,239012,
H123310001301,H1(専修),23(愛知),3(私),1(本),心理・福祉・ビジネス名古屋専門学校,愛知県名古屋市中区丸の内２－６－４,4600002,2020-12-22,,239013,
H123310001310,H1(専修),23(愛知),3(私),9(廃),国際製菓技術専門学校,愛知県名古屋市中区古渡町１４番２６号,4600025,2020-12-22,2023-05-01,239014,
H123310001329,H1(専修),23(愛知),3(私),1(本),専修学校さつき調理福祉学院,愛知県名古屋市中村区亀島１－１１－６,4530013,2020-12-22,,239016,
H123310001338,H1(専修),23(愛知),3(私),1(本),トライデントコンピュータ専門学校,愛知県名古屋市中村区名駅３－２４－１５,4500002,2020-12-22,,239017,
H123310001347,H1(専修),23(愛知),3(私),1(本),ＨＡＬ名古屋,愛知県名古屋市中村区名駅４－２７－１,4500002,2020-12-22,,239018,
H123310001356,H1(専修),23(愛知),3(私),1(本),トライデントデザイン専門学校,愛知県名古屋市中村区名駅四丁目１番１１号,4500002,2020-12-22,,239019,
H123310001365,H1(専修),23(愛知),3(私),1(本),中部看護専門学校,愛知県名古屋市中村区寿町２９番地,4530028,2020-12-22,,239020,
H123310001374,H1(専修),23(愛知),3(私),1(本),名古屋未来工科専門学校,愛知県名古屋市中村区椿町１３－７,4530015,2020-12-22,,239021,
H123310001383,H1(専修),23(愛知),3(私),1(本),大原トラベル・ホテル・ブライダル専門学校,愛知県名古屋市中村区名駅３－１８－１０,4500002,2020-12-22,,239023,
H123310001392,H1(専修),23(愛知),3(私),1(本),大原法律公務員専門学校,愛知県名古屋市中村区名駅３－３－２２,4500002,2020-12-22,,239024,
H123310001409,H1(専修),23(愛知),3(私),9(廃),専門学校日本聴能言語福祉学院,愛知県名古屋市中村区若宮町２―１４,4530023,2020-12-22,2026-05-01,239025,
H123310001418,H1(専修),23(愛知),3(私),1(本),東京法律公務員専門学校名古屋校,愛知県名古屋市中村区椿町１６番１号,4530015,2020-12-22,,239026,
H123310001427,H1(専修),23(愛知),3(私),1(本),東京ＩＴプログラミング＆会計専門学校名古屋校,愛知県名古屋市中村区椿町１６番１号,4530015,2020-12-22,,239027,
H123310001436,H1(専修),23(愛知),3(私),1(本),セントラル動物専門学校,愛知県名古屋市中村区則武２－１－８,4530014,2020-12-22,,239029,
H123310001445,H1(専修),23(愛知),3(私),9(廃),名古屋理容美容専門学校,愛知県名古屋市中村区稲葉地本通３－３６,4530057,2020-12-22,2022-05-01,239030,H123310001445
H123310001454,H1(専修),23(愛知),3(私),1(本),名古屋外語・ホテル・ブライダル専門学校,愛知県名古屋市千種区今池５－２４－４,4640850,2020-12-22,,239032,
H123310001463,H1(専修),23(愛知),3(私),1(本),名古屋平成看護医療専門学校,愛知県名古屋市千種区今池１－５－３１,4648611,2020-12-22,,239035,
H123310001472,H1(専修),23(愛知),3(私),1(本),理学・作業名古屋専門学校,愛知県名古屋市中区丸の内３－１４－１,4600002,2020-12-22,,239036,
H123310001481,H1(専修),23(愛知),3(私),1(本),名古屋ユマニテク歯科衛生専門学校,愛知県名古屋市中村区名駅２－３３－８,4500002,2020-12-22,,239038,
H123310001490,H1(専修),23(愛知),3(私),1(本),名古屋動物専門学校,愛知県名古屋市中村区椿町１４番８号,4538565,2020-12-22,,239039,
H123310001506,H1(専修),23(愛知),3(私),1(本),ニュートン高等専修学校,愛知県名古屋市中村区名駅南２－７－６４,4500003,2020-12-22,,239040,
H123310001515,H1(専修),23(愛知),3(私),1(本),国際医学技術専門学校,愛知県名古屋市西区則武新町３丁目１番４６号,4510051,2020-12-22,,239041,
H123310001524,H1(専修),23(愛知),3(私),1(本),名古屋リゾート＆スポーツ専門学校,愛知県名古屋市西区菊井２ー１６ー６,4510044,2020-12-22,,239042,
H123310001533,H1(専修),23(愛知),3(私),1(本),名古屋ビューティーアート専門学校,愛知県名古屋市西区那古野２－１２－１０,4510042,2020-12-22,,239043,
H123310001542,H1(専修),23(愛知),3(私),1(本),名古屋スイーツ＆カフェ専門学校,愛知県名古屋市西区那古野二丁目１２番１６号,4510042,2020-12-22,,239044,
H123310001551,H1(専修),23(愛知),3(私),1(本),名古屋辻学園調理専門学校,愛知県名古屋市西区則武新町三丁目９番２６号,4510051,2020-12-22,,239045,
H123310001560,H1(専修),23(愛知),3(私),1(本),名古屋製菓専門学校,愛知県名古屋市中区新栄１丁目２番２５号,4600007,2020-12-22,,239046,
H123310001579,H1(専修),23(愛知),3(私),1(本),名古屋農業園芸・食テクノロジー専門学校,愛知県名古屋市中区栄２－１５－４３,4600008,2020-12-22,,239048,
H123310001588,H1(専修),23(愛知),3(私),1(本),東海医療工学専門学校,愛知県みよし市三好丘旭３－１－３,4700203,2020-12-22,,239051,
H123310001597,H1(専修),23(愛知),3(私),1(本),ＦＴＳビジネス専門学校,愛知県名古屋市中区橘一丁目７番３３号,4600016,2021-05-27,,239049,
H123310001604,H1(専修),23(愛知),3(私),1(本),セブンティーン美容専門学校,愛知県豊橋市神明町４７番地２,4400882,2021-05-27,,238714,
H123310001613,H1(専修),23(愛知),3(私),1(本),田原福祉グローバル専門学校,愛知県田原市田原町中小路１１番地１,4413421,2021-05-27,,239075,
H123310001622,H1(専修),23(愛知),3(私),1(本),理知の杜ビジネス専門学校,愛知県岡崎市康生通西二丁目２０番地２,4440059,2021-05-27,,238729,
H123310001631,H1(専修),23(愛知),3(私),1(本),名古屋理容美容専門学校,愛知県名古屋市中村区稲葉地本通三丁目３６番地,4530057,2022-05-01,,,
H123310001640,H1(専修),23(愛知),3(私),1(本),昌明福祉専門学校,愛知県名古屋市港区寛政町六丁目２１番地２,4550066,2024-05-01,,,
H123310001659,H1(専修),23(愛知),3(私),1(本),ミス・パリエステティック専門学校名古屋校,愛知県名古屋市東区東桜１－８－３,4610005,2024-05-01,,,
H123310001668,H1(専修),23(愛知),3(私),1(本),Ｈ＆Ａ国際ビジネス専門学校,愛知県名古屋市中村区椿町１１番２号,4530015,2025-05-01,,,
H123310001677,H1(専修),23(愛知),3(私),1(本),ＡⅠビジネス専門学校,愛知県名古屋市中村区則武一丁目３０番１７,4530014,2026-05-01,,,
H223310000007,H2(各種),23(愛知),3(私),9(廃),愛知英学院,愛知県名古屋市千種区今池５－２４－７,4640850,2020-12-22,2021-05-27,239141,
H223310000016,H2(各種),23(愛知),3(私),1(本),河合塾千種校,愛知県名古屋市千種区今池２－１－１０,4648610,2020-12-22,,239144,
H223310000025,H2(各種),23(愛知),3(私),9(廃),曹洞宗高等尼学林,愛知県名古屋市千種区城山町１－８０,4640045,2020-12-22,2024-05-01,239147,
H223310000034,H2(各種),23(愛知),3(私),1(本),石川速算実務学校,愛知県名古屋市東区白壁２丁目１番１８号,4610011,2020-12-22,,239160,
H223310000043,H2(各種),23(愛知),3(私),9(廃),あいち自動車学校,愛知県名古屋市北区成願寺１丁目６番５０号,4620021,2020-12-22,2025-05-01,239165,
H223310000052,H2(各種),23(愛知),3(私),9(廃),深田高等速算学校,愛知県名古屋市北区清水３丁目１５－１４,4620844,2020-12-22,2024-05-01,239171,
H223310000061,H2(各種),23(愛知),3(私),1(本),山田珠算専修学園,愛知県名古屋市北区山田西町３－１２７,4620814,2020-12-22,,239172,
H223310000070,H2(各種),23(愛知),3(私),1(本),河合塾名駅校,愛知県名古屋市中村区椿町１－８,4530015,2020-12-22,,239201,
H223310000089,H2(各種),23(愛知),3(私),1(本),名古屋朝鮮初級学校,愛知県豊明市栄町南館５５,4701168,2020-12-22,,239202,
H223310000098,H2(各種),23(愛知),3(私),9(廃),伊藤珠算学校,愛知県名古屋市中村区森末町３－１２,4530052,2020-12-22,2022-05-01,239208,
H223310000105,H2(各種),23(愛知),3(私),9(廃),河合塾名古屋校,愛知県名古屋市中村区椿町２番１号,4530015,2020-12-22,2021-05-27,239220,
H223310000114,H2(各種),23(愛知),3(私),1(本),名古屋韓国学校,愛知県名古屋市中村区井深町１６－５４,4530012,2020-12-22,,239221,
H223310000123,H2(各種),23(愛知),3(私),1(本),中部日本自動車学校,愛知県名古屋市昭和区八事富士見１７３７番地,4660812,2020-12-22,,239250,
H223310000132,H2(各種),23(愛知),3(私),1(本),笠寺高等珠算学校,愛知県名古屋市南区戸部町１の２２,4570043,2020-12-22,,239303,
H223310000141,H2(各種),23(愛知),3(私),1(本),道徳高等珠算学校,愛知県名古屋市南区道徳新町７－９６,4570847,2020-12-22,,239304,
H223310000150,H2(各種),23(愛知),3(私),1(本),名古屋国際学園,愛知県名古屋市守山区大字中志段味字南原２６８６,4630002,2020-12-22,,239310,
H223310000169,H2(各種),23(愛知),3(私),9(廃),守山高等珠算学校,愛知県名古屋市守山区守山３丁目２番１２号,4630067,2020-12-22,2024-05-01,239313,
H223310000178,H2(各種),23(愛知),3(私),1(本),瀬古高等珠算学校,愛知県名古屋市守山区瀬古１丁目１２１番地,4630068,2020-12-22,,239315,
H223310000187,H2(各種),23(愛知),3(私),1(本),名鉄自動車学校,愛知県名古屋市緑区鳴海町字文木９０番地,4580801,2020-12-22,,239316,
H223310000196,H2(各種),23(愛知),3(私),1(本),豊橋中部珠算学校,愛知県豊橋市中松山２８,4400875,2020-12-22,,239346,
H223310000203,H2(各種),23(愛知),3(私),1(本),大滝珠算学校,愛知県豊橋市向山大池町１２－２１,4400862,2020-12-22,,239357,
H223310000212,H2(各種),23(愛知),3(私),1(本),山本珠算学校,愛知県豊橋市老津町字西高縄６９,4413301,2020-12-22,,239362,
H223310000221,H2(各種),23(愛知),3(私),9(廃),豊橋朝鮮初級学校,愛知県豊橋市柳生町１９,4418041,2020-12-22,2024-05-01,239366,
H223310000230,H2(各種),23(愛知),3(私),9(廃),岡崎自動車学校,愛知県岡崎市不吹町１４番地,4440817,2020-12-22,2025-05-01,239370,
H223310000249,H2(各種),23(愛知),3(私),1(本),岡崎北部高等珠算学校,愛知県岡崎市伊賀町７－２６,4440075,2020-12-22,,239384,
H223310000258,H2(各種),23(愛知),3(私),9(廃),愛知県一宮自動車学校,愛知県一宮市島村字下老光寺１２０番地,4910121,2020-12-22,2025-05-01,239393,
H223310000267,H2(各種),23(愛知),3(私),1(本),一宮中央高等珠算学校,愛知県一宮市柳戸町１丁目５２,4921843,2020-12-22,,239397,
H223310000276,H2(各種),23(愛知),3(私),1(本),矢野ドレスメーカー女学院,愛知県一宮市大和町馬引荒木１１,4910931,2020-12-22,,239409,
H223310000285,H2(各種),23(愛知),3(私),9(廃),萩原高等珠算学校,愛知県一宮市萩原町萩原字河原崎１０１番地,4910353,2020-12-22,2026-05-01,239412,
H223310000294,H2(各種),23(愛知),3(私),9(廃),旭珠算学校,愛知県瀬戸市陶原町３丁目４５番地,4890805,2020-12-22,2021-05-27,239420,
H223310000301,H2(各種),23(愛知),3(私),1(本),愛知朝鮮第七初級学校,愛知県瀬戸市西茨町１１１－６０,4890884,2020-12-22,,239422,
H223310000310,H2(各種),23(愛知),3(私),1(本),東春朝鮮初級学校,愛知県春日井市弥生町平野２０４７,4860838,2020-12-22,,239433,
H223310000329,H2(各種),23(愛知),3(私),1(本),豊川珠算実務学校,愛知県豊川市桜木通１－１７－２,4420027,2020-12-22,,239445,
H223310000338,H2(各種),23(愛知),3(私),9(廃),津島高等珠算学校,愛知県津島市弥生町５６,4960804,2020-12-22,2024-05-01,239451,
H223310000347,H2(各種),23(愛知),3(私),1(本),宮川高等珠算学校,愛知県津島市瑠璃小路町１丁目２６番地,4960856,2020-12-22,,239454,
H223310000356,H2(各種),23(愛知),3(私),1(本),富士松高等珠算学校,愛知県刈谷市今岡町上手掛５０－３,4480008,2020-12-22,,239467,
H223310000365,H2(各種),23(愛知),3(私),9(廃),挙母高等珠算学校,愛知県豊田市朝日町７－５１,4710031,2020-12-22,2024-05-01,239478,
H223310000374,H2(各種),23(愛知),3(私),1(本),田中高等珠算学校,愛知県豊田市昭和町４丁目８３番地,4710078,2020-12-22,,239479,
H223310000383,H2(各種),23(愛知),3(私),1(本),安城高等珠算学校,愛知県安城市朝日町１番６号,4460031,2020-12-22,,239487,
H223310000392,H2(各種),23(愛知),3(私),1(本),蒲郡文化服装学院,愛知県蒲郡市竹島町１８－１０,4430031,2020-12-22,,239502,
H223310000409,H2(各種),23(愛知),3(私),9(廃),中村塾,愛知県常滑市大野町２丁目３０番地,4790866,2020-12-22,2021-05-27,239511,
H223310000418,H2(各種),23(愛知),3(私),9(廃),平洲高等珠算学校,愛知県常滑市小倉町７丁目１７番地,4790862,2020-12-22,2025-05-01,239512,
H223310000427,H2(各種),23(愛知),3(私),1(本),愛知実務珠算学校,愛知県江南市島宮町水堀１１３,4838268,2020-12-22,,239519,
H223310000436,H2(各種),23(愛知),3(私),1(本),三条高等珠算学校,愛知県一宮市３条字郷南東２５－１,4940003,2020-12-22,,239532,
H223310000445,H2(各種),23(愛知),3(私),9(廃),小牧珠算学校,愛知県小牧市小牧４－３２１,4850041,2020-12-22,2022-05-01,239534,
H223310000454,H2(各種),23(愛知),3(私),1(本),愛知朝鮮中高級学校,愛知県豊明市栄町南館５５,4701168,2020-12-22,,239565,
H223310000463,H2(各種),23(愛知),3(私),9(廃),愛知朝鮮第九初級学校,愛知県清須市西堀江立割２３８５,4520917,2020-12-22,2023-05-01,239571,
H223310000472,H2(各種),23(愛知),3(私),9(廃),東元珠算学校,愛知県一宮市木曽川町黒田字古城１４－１,4930001,2020-12-22,2023-05-01,239580,
H223310000481,H2(各種),23(愛知),3(私),1(本),平和高等速算学校,愛知県稲沢市平和町下三宅郷内３０８,4901312,2020-12-22,,239583,
H223310000490,H2(各種),23(愛知),3(私),1(本),大治高等速算学校,愛知県海部郡大治町大字堀之内字郷中３０８,4901137,2020-12-22,,239585,
H223310000506,H2(各種),23(愛知),3(私),9(廃),勝幡高等速算学校,愛知県愛西市勝幡町竹丸２２０４の１,4968001,2020-12-22,2025-05-01,239594,
H223310000515,H2(各種),23(愛知),3(私),1(本),光松珠算学校,愛知県田原市田原町殿町４番地,4413421,2020-12-22,,239611,
H223310000524,H2(各種),23(愛知),3(私),1(本),河合塾豊橋校,愛知県豊橋市駅前大通１－８８－２,4400888,2020-12-22,,239612,
H223310000533,H2(各種),23(愛知),3(私),1(本),駿台予備学校名古屋校,愛知県名古屋市中村区名駅南１－２８－１４,4500003,2020-12-22,,239625,
H223310000542,H2(各種),23(愛知),3(私),1(本),東海美容学校,愛知県津島市明天町１－２６,4960838,2020-12-22,,239626,
H223310000551,H2(各種),23(愛知),3(私),1(本),名古屋ＹＷＣＡ学院日本語学校,愛知県名古屋市中区新栄町２－３,4600004,2020-12-22,,239627,
H223310000560,H2(各種),23(愛知),3(私),1(本),ドルトンスクール名古屋,愛知県名古屋市千種区名古屋市千種区今池二丁目２番５号,4648610,2020-12-22,,239630,
H223310000579,H2(各種),23(愛知),3(私),1(本),カンティーニョ,愛知県豊橋市大岩町字久保田１２－１,4413134,2020-12-22,,239631,
H223310000588,H2(各種),23(愛知),3(私),1(本),伯人学校イーエーエス豊橋,愛知県豊橋市下地町字門１０番地の１,4400086,2020-12-22,,239632,
H223310000597,H2(各種),23(愛知),3(私),1(本),伯人学校イーエーエス豊田,愛知県豊田市東保見町山ノ田６６番,4700345,2020-12-22,,239633,
H223310000604,H2(各種),23(愛知),3(私),1(本),伯人学校イーエーエス碧南,愛知県碧南市田尻町四丁目５３番地,4470867,2020-12-22,,239634,
H223310000613,H2(各種),23(愛知),3(私),1(本),ＹＡＭＡＳＡ言語文化学院,愛知県岡崎市羽根東町一丁目２番地１,4440832,2020-12-22,,239635,
H223310000622,H2(各種),23(愛知),3(私),1(本),愛知工科大学外国語学校,愛知県名古屋市瑞穂区明前町１５－２３,4670852,2020-12-22,,239636,
H223310000631,H2(各種),23(愛知),3(私),1(本),名古屋ＡＩＵＥＯ国際学園,愛知県名古屋市中村区中島町１丁目４５番,4530022,2020-12-22,,239637,
H223310000640,H2(各種),23(愛知),3(私),1(本),江西インターナショナルスクール,愛知県名古屋市西区菊井二丁目１２番３２号,4510044,2020-12-22,,239638,
H223310000659,H2(各種),23(愛知),3(私),1(本),岡崎日本語学校,愛知県岡崎市康生通西１丁目１番,4440059,2020-12-22,,239639,
H223310000668,H2(各種),23(愛知),3(私),1(本),各種学校アセアン日本語学校,愛知県名古屋市中区千代田４丁目１２－３１,4600012,2020-12-22,,239640,
H223310000677,H2(各種),23(愛知),3(私),1(本),ＡＳＡＨＩ文化学院,愛知県名古屋市中川区山王３－１０－９,4540011,2022-05-01,,,
H223310000686,H2(各種),23(愛知),3(私),1(本),豊橋日本語学校,愛知県豊橋市八町通１－１８,4400806,2023-05-01,,,
H223310000695,H2(各種),23(愛知),3(私),1(本),ＪＰエデュケーション,愛知県名古屋市中村区大秋町四丁目７０番１,4530042,2024-05-01,,,
H223310000702,H2(各種),23(愛知),3(私),1(本),名古屋ＹＭＣＡ日本語学院,愛知県名古屋市西区花の木一丁目１番１８号,4510062,2024-05-01,,,
A124110000015,A1(幼稚園),24(三重),1(国),1(本),三重大学教育学部附属幼稚園,三重県津市観音寺町５２３,5140062,2020-12-22,,246501,
A124220100011,A1(幼稚園),24(三重),2(公),1(本),津市立南立誠幼稚園,三重県津市桜橋２丁目３９,5140003,2020-12-22,,246513,
A124220100020,A1(幼稚園),24(三重),2(公),1(本),津市立敬和幼稚園,三重県津市中河原南浦４４５,5140018,2020-12-22,,246514,
A124220100039,A1(幼稚園),24(三重),2(公),9(廃),津市立育生幼稚園,三重県津市阿漕町津興１１５８,5140811,2020-12-22,2023-05-01,246515,
A124220100048,A1(幼稚園),24(三重),2(公),1(本),津市立藤水幼稚園,三重県津市藤方１６２７,5140815,2020-12-22,,246517,
A124220100057,A1(幼稚園),24(三重),2(公),9(廃),津市立安東幼稚園,三重県津市納所町２３４,5140051,2020-12-22,2021-05-27,246518,
A124220100066,A1(幼稚園),24(三重),2(公),9(廃),津市立高茶屋幼稚園,三重県津市高茶屋３－１－１,5140819,2020-12-22,2025-05-01,246521,
A124220100075,A1(幼稚園),24(三重),2(公),9(廃),津市立白塚幼稚園,三重県津市白塚町４４６３,5140101,2020-12-22,2024-05-01,246524,
A124220100084,A1(幼稚園),24(三重),2(公),9(廃),津市立高野尾幼稚園,三重県津市高野尾町５２６６,5142221,2020-12-22,2022-05-01,247309,
A124220100093,A1(幼稚園),24(三重),2(公),9(廃),津市立大里幼稚園,三重県津市大里窪田町１８７０,5140125,2020-12-22,2025-05-01,247310,
A124220100100,A1(幼稚園),24(三重),2(公),1(本),津市立巽ヶ丘幼稚園,三重県津市久居東鷹跡町１７７－５,5141136,2020-12-22,,247351,
A124220100119,A1(幼稚園),24(三重),2(公),1(本),津市立密柑山幼稚園,三重県津市久居北口町５５４－２,5141105,2020-12-22,,247352,
A124220100128,A1(幼稚園),24(三重),2(公),1(本),津市立桃園幼稚園,三重県津市新家町８７３－１,5141116,2020-12-22,,247353,
A124220100137,A1(幼稚園),24(三重),2(公),1(本),津市立戸木幼稚園,三重県津市戸木町２３３７,5141138,2020-12-22,,247354,
A124220100146,A1(幼稚園),24(三重),2(公),9(廃),津市立栗葉幼稚園,三重県津市森町２８４－１,5141254,2020-12-22,2026-05-01,247355,
A124220100155,A1(幼稚園),24(三重),2(公),1(本),津市立榊原幼稚園,三重県津市榊原町５１５６,5141251,2020-12-22,,247357,
A124220100164,A1(幼稚園),24(三重),2(公),1(本),津市立のむら幼稚園,三重県津市久居野村町５４２－３,5141113,2020-12-22,,247381,
A124220100173,A1(幼稚園),24(三重),2(公),9(廃),津市立上野幼稚園,三重県津市河芸町上野２９６３,5100304,2020-12-22,2022-05-01,247301,A224220110063
A124220100182,A1(幼稚園),24(三重),2(公),1(本),津市立黒田幼稚園,三重県津市河芸町北黒田１０９－１,5100317,2020-12-22,,247302,
A124220100191,A1(幼稚園),24(三重),2(公),9(廃),津市立豊津幼稚園,三重県津市河芸町一色１６６６,5100306,2020-12-22,2022-05-01,247303,A224220110063
A124220100208,A1(幼稚園),24(三重),2(公),1(本),津市立千里ヶ丘幼稚園,三重県津市河芸町千里ヶ丘１３,5100302,2020-12-22,,247311,
A124220100217,A1(幼稚園),24(三重),2(公),9(廃),津市立明幼稚園,三重県津市芸濃町林３２５,5142202,2020-12-22,2025-05-01,247316,
A124220100226,A1(幼稚園),24(三重),2(公),1(本),津市立安濃幼稚園,三重県津市安濃町内多４７６,5142303,2020-12-22,,247305,
A124220100235,A1(幼稚園),24(三重),2(公),1(本),津市立明合幼稚園,三重県津市安濃町大塚２５３－２,5142323,2020-12-22,,247306,
A124220100244,A1(幼稚園),24(三重),2(公),1(本),津市立村主幼稚園,三重県津市安濃町連部９１－５,5142312,2020-12-22,,247307,
A124220100253,A1(幼稚園),24(三重),2(公),1(本),津市立みさと幼稚園,三重県津市美里町家所２０５４,5142104,2020-12-22,,247318,
A124220100262,A1(幼稚園),24(三重),2(公),1(本),津市立川合幼稚園,三重県津市一志町八太１１６４－１,5152515,2020-12-22,,247360,
A124220200010,A1(幼稚園),24(三重),2(公),9(廃),四日市市立四日市幼稚園,三重県四日市市元町１０－４,5100088,2020-12-22,2025-05-01,246551,A224220210115
A124220200029,A1(幼稚園),24(三重),2(公),1(本),幼稚園型認定こども園羽津幼稚園,三重県四日市市大宮西町１９番２２号,5100004,2020-12-22,,246564,
A124220200038,A1(幼稚園),24(三重),2(公),1(本),幼稚園型認定こども園海蔵幼稚園,三重県四日市市大字東阿倉川５８０番地,5100805,2020-12-22,,246555,
A124220200047,A1(幼稚園),24(三重),2(公),9(廃),四日市市立富洲原幼稚園,三重県四日市市富州原町３１番１４号,5108016,2020-12-22,2025-05-01,246565,A224220210106
A124220200056,A1(幼稚園),24(三重),2(公),9(廃),四日市市立富田幼稚園,三重県四日市市富田１丁目２４－２６,5108014,2020-12-22,2024-05-01,246554,A224220210071
A124220200065,A1(幼稚園),24(三重),2(公),9(廃),四日市市立高花平幼稚園,三重県四日市市高花平２丁目１－５６,5100945,2020-12-22,2021-05-27,246566,
A124220200074,A1(幼稚園),24(三重),2(公),1(本),幼稚園型認定こども園常磐中央幼稚園,三重県四日市市ときわ５丁目４－５３,5100834,2020-12-22,,246570,
A124220200083,A1(幼稚園),24(三重),2(公),1(本),幼稚園型認定こども園内部幼稚園,三重県四日市市采女町９１１番地,5100954,2020-12-22,,246558,
A124220200092,A1(幼稚園),24(三重),2(公),9(廃),四日市市立川島幼稚園,三重県四日市市川島町１７２５番地,5120934,2020-12-22,2024-05-01,246559,
A124220200109,A1(幼稚園),24(三重),2(公),9(廃),四日市市立神前幼稚園,三重県四日市市高角町３３８番地の１,5120923,2020-12-22,2022-05-01,246560,A224220210053
A124220200118,A1(幼稚園),24(三重),2(公),9(廃),四日市市立桜幼稚園,三重県四日市市桜町１４２０番地,5121211,2020-12-22,2023-05-01,246569,A224220210062
A124220200127,A1(幼稚園),24(三重),2(公),9(廃),四日市市立三重幼稚園,三重県四日市市東坂部町１１０－１,5120904,2020-12-22,2026-05-01,246561,
A124220200136,A1(幼稚園),24(三重),2(公),1(本),四日市市立大矢知幼稚園,三重県四日市市大矢知町３２５５番地,5108034,2020-12-22,,246567,
A124220200145,A1(幼稚園),24(三重),2(公),9(廃),四日市市立八郷中央幼稚園,三重県四日市市千代田町２６５番地の１,5128065,2020-12-22,2024-05-01,246568,A224220210080
A124220200154,A1(幼稚園),24(三重),2(公),9(廃),四日市市立下野幼稚園,三重県四日市市朝明町４６４番地,5128054,2020-12-22,2025-05-01,246563,A224220210099
A124220200163,A1(幼稚園),24(三重),2(公),1(本),幼稚園型認定こども園泊山幼稚園,三重県四日市市前田町１番１９号,5100893,2020-12-22,,246556,
A124220200172,A1(幼稚園),24(三重),2(公),9(廃),四日市市立三重西幼稚園,三重県四日市市三重３丁目１３０番地,5120912,2020-12-22,2024-05-01,246573,
A124220200181,A1(幼稚園),24(三重),2(公),1(本),幼稚園型認定こども園笹川中央幼稚園,三重県四日市市笹川３丁目１５７番地,5100944,2020-12-22,,246572,
A124220200190,A1(幼稚園),24(三重),2(公),9(廃),四日市市立楠北幼稚園,三重県四日市市楠町北五味塚２０６０－６３,5100103,2020-12-22,2021-05-27,247201,
A124220200207,A1(幼稚園),24(三重),2(公),9(廃),四日市市立楠南幼稚園,三重県四日市市楠町南五味塚２７５－１,5100104,2020-12-22,2021-05-27,247204,
A124220300019,A1(幼稚園),24(三重),2(公),9(廃),伊勢市立北浜幼稚園,三重県伊勢市村松町３２８０－６,5150507,2020-12-22,2022-05-01,246601,
A124220300028,A1(幼稚園),24(三重),2(公),9(廃),伊勢市立早修幼稚園,三重県伊勢市常磐３－１０－４４,5160041,2020-12-22,2022-05-01,246602,
A124220300037,A1(幼稚園),24(三重),2(公),9(廃),伊勢市立豊浜東幼稚園,三重県伊勢市東豊浜町１４５８－４,5150502,2020-12-22,2022-05-01,246603,
A124220300046,A1(幼稚園),24(三重),2(公),9(廃),伊勢市立城田幼稚園,三重県伊勢市上地町１５３７－４,5160051,2020-12-22,2022-05-01,246604,
A124220300055,A1(幼稚園),24(三重),2(公),9(廃),伊勢市立神社幼稚園,三重県伊勢市神社港２９５の２０,5160004,2020-12-22,2022-05-01,246605,
A124220300064,A1(幼稚園),24(三重),2(公),9(廃),伊勢市立豊浜西幼稚園,三重県伊勢市西豊浜町１７６０,5150505,2020-12-22,2022-05-01,246606,
A124220300073,A1(幼稚園),24(三重),2(公),9(廃),伊勢市立沼木幼稚園,三重県伊勢市上野町２９０８,5161104,2020-12-22,2022-05-01,246607,
A124220300082,A1(幼稚園),24(三重),2(公),1(本),伊勢市立小俣幼稚園,三重県伊勢市小俣町本町１,5190505,2020-12-22,,247501,
A124220300091,A1(幼稚園),24(三重),2(公),1(本),伊勢市立明野幼稚園,三重県伊勢市小俣町明野１４８１,5190501,2020-12-22,,247502,
A124220400018,A1(幼稚園),24(三重),2(公),1(本),松阪市立伊勢寺幼稚園,三重県松阪市伊勢寺町３０４,5150845,2020-12-22,,246653,
A124220400027,A1(幼稚園),24(三重),2(公),1(本),松阪市立阿坂幼稚園,三重県松阪市小阿坂町３３２５番地,5152343,2020-12-22,,246654,
A124220400036,A1(幼稚園),24(三重),2(公),9(廃),松阪市立西黒部幼稚園,三重県松阪市西黒部町７１３－１,5150103,2020-12-22,2026-05-01,246655,
A124220400045,A1(幼稚園),24(三重),2(公),9(廃),松阪市立機殿幼稚園,三重県松阪市六根町１９－３,5150127,2020-12-22,2026-05-01,246657,
A124220400054,A1(幼稚園),24(三重),2(公),9(廃),松阪市立朝見幼稚園,三重県松阪市大宮田町１９５,5150024,2020-12-22,2026-05-01,246658,
A124220400063,A1(幼稚園),24(三重),2(公),1(本),松阪市立揥水幼稚園,三重県松阪市豊原町１１２０,5150205,2020-12-22,,246659,
A124220400072,A1(幼稚園),24(三重),2(公),9(廃),松阪市立漕代幼稚園,三重県松阪市目田町２０７,5150216,2020-12-22,2026-05-01,246660,
A124220400081,A1(幼稚園),24(三重),2(公),1(本),松阪市立松尾幼稚園,三重県松阪市丹生寺６３３,5150832,2020-12-22,,246661,
A124220400090,A1(幼稚園),24(三重),2(公),1(本),松阪市立花岡幼稚園,三重県松阪市大黒田町６３５－１,5150063,2020-12-22,,246662,
A124220400107,A1(幼稚園),24(三重),2(公),1(本),松阪市立山室幼稚園,三重県松阪市山室町１８０７,5150052,2020-12-22,,246663,
A124220400116,A1(幼稚園),24(三重),2(公),1(本),松阪市立射和幼稚園,三重県松阪市庄町７３７,5192147,2020-12-22,,246664,
A124220400125,A1(幼稚園),24(三重),2(公),9(廃),松阪市立大石幼稚園,三重県松阪市大石町６４－１,5151205,2020-12-22,2024-05-01,246665,
A124220400134,A1(幼稚園),24(三重),2(公),1(本),松阪市立鎌田幼稚園,三重県松阪市鎌田町８０５,5150005,2020-12-22,,246666,
A124220400143,A1(幼稚園),24(三重),2(公),1(本),松阪市立港幼稚園,三重県松阪市荒木町１６,5150007,2020-12-22,,246667,
A124220400152,A1(幼稚園),24(三重),2(公),1(本),松阪市立松江幼稚園,三重県松阪市川井町３６６－１,5150818,2020-12-22,,246669,
A124220400161,A1(幼稚園),24(三重),2(公),1(本),松阪市立豊地幼稚園,三重県松阪市嬉野下之庄町３２７－１,5152354,2020-12-22,,247362,
A124220400170,A1(幼稚園),24(三重),2(公),1(本),松阪市立中原幼稚園,三重県松阪市嬉野田村町３９９－２,5152333,2020-12-22,,247363,
A124220400189,A1(幼稚園),24(三重),2(公),1(本),松阪市立中川こども園,三重県松阪市嬉野中川町１８５４,5152321,2020-12-22,,247366,
A124220400198,A1(幼稚園),24(三重),2(公),1(本),松阪市立豊田こども園,三重県松阪市嬉野川北町１３４６－８,5152316,2020-12-22,,247367,
A124220400205,A1(幼稚園),24(三重),2(公),9(廃),松阪市立三雲南幼稚園,三重県松阪市小津町５７７－３,5152114,2020-12-22,2023-05-01,247383,A224220410024
A124220400214,A1(幼稚園),24(三重),2(公),9(廃),松阪市立三雲北幼稚園,三重県松阪市肥留町５５１,5152105,2020-12-22,2023-05-01,247382,A224220410015
A124220500017,A1(幼稚園),24(三重),2(公),1(本),桑名市立陽和幼稚園,三重県桑名市吉之丸１０,5110032,2020-12-22,,246703,
A124220500026,A1(幼稚園),24(三重),2(公),1(本),桑名市立光風幼稚園,三重県桑名市大字東方３０２番地の５,5110811,2020-12-22,,246706,
A124220500035,A1(幼稚園),24(三重),2(公),1(本),桑名市立成徳南幼稚園,三重県桑名市大字東方２１５７番地,5110811,2020-12-22,,246707,
A124220500044,A1(幼稚園),24(三重),2(公),1(本),桑名市立明正幼稚園,三重県桑名市蓮花寺１２９－２,5110854,2020-12-22,,246709,
A124220500053,A1(幼稚園),24(三重),2(公),1(本),桑名市立正和北幼稚園,三重県桑名市芳ヶ崎１２３２－２,5110944,2020-12-22,,246710,
A124220500062,A1(幼稚園),24(三重),2(公),1(本),桑名市立成徳北幼稚園,三重県桑名市下深谷部３６８３の１,5110808,2020-12-22,,246712,
A124220500071,A1(幼稚園),24(三重),2(公),1(本),桑名市立正和南幼稚園,三重県桑名市志知３８４６－１,5110937,2020-12-22,,246711,
A124220500080,A1(幼稚園),24(三重),2(公),1(本),桑名市立光陵幼稚園,三重県桑名市大山田６丁目８番地,5110903,2020-12-22,,246716,
A124220500099,A1(幼稚園),24(三重),2(公),1(本),桑名市立陵成幼稚園,三重県桑名市藤が丘６ー１０９－２,5110865,2020-12-22,,246719,
A124220500106,A1(幼稚園),24(三重),2(公),1(本),桑名市立多度幼稚園,三重県桑名市多度町北猪飼２９９－１,5110123,2020-12-22,,247106,
A124220500115,A1(幼稚園),24(三重),2(公),1(本),桑名市立長島幼稚園,三重県桑名市長島町源部外面２１５番地,5111125,2020-12-22,,247104,
A124220700015,A1(幼稚園),24(三重),2(公),1(本),鈴鹿市立国府幼稚園,三重県鈴鹿市国府町３５１９－１,5130836,2020-12-22,,246819,
A124220700024,A1(幼稚園),24(三重),2(公),9(廃),鈴鹿市立加佐登幼稚園,三重県鈴鹿市高塚町１０８７－１,5130011,2020-12-22,2024-05-01,246801,
A124220700033,A1(幼稚園),24(三重),2(公),9(廃),鈴鹿市立白子幼稚園,三重県鈴鹿市白子１－１２－１２,5100243,2020-12-22,2024-05-01,246803,
A124220700042,A1(幼稚園),24(三重),2(公),9(廃),鈴鹿市立稲生幼稚園,三重県鈴鹿市稲生三丁目１０番１号,5100205,2020-12-22,2024-05-01,246805,
A124220700051,A1(幼稚園),24(三重),2(公),1(本),鈴鹿市立飯野幼稚園,三重県鈴鹿市三日市南２－１－７,5130804,2020-12-22,,246817,
A124220700060,A1(幼稚園),24(三重),2(公),9(廃),鈴鹿市立箕田幼稚園,三重県鈴鹿市南堀江１－２－２６,5130046,2020-12-22,2023-05-01,246808,
A124220700079,A1(幼稚園),24(三重),2(公),1(本),鈴鹿市立玉垣幼稚園,三重県鈴鹿市北玉垣町７３４,5130813,2020-12-22,,246810,
A124220700088,A1(幼稚園),24(三重),2(公),1(本),鈴鹿市立神戸幼稚園,三重県鈴鹿市神戸７－４－１２,5130801,2020-12-22,,246811,
A124220700097,A1(幼稚園),24(三重),2(公),9(廃),鈴鹿市立栄幼稚園,三重県鈴鹿市五祝町１０６８,5100252,2020-12-22,2024-05-01,246813,
A124220700104,A1(幼稚園),24(三重),2(公),9(廃),鈴鹿市立椿幼稚園,三重県鈴鹿市山本町７５０,5190315,2020-12-22,2022-05-01,246815,
A124220700113,A1(幼稚園),24(三重),2(公),1(本),鈴鹿市立旭が丘幼稚園,三重県鈴鹿市東旭が丘５－３－３３,5100211,2020-12-22,,246814,
A124220800014,A1(幼稚園),24(三重),2(公),9(廃),名張市立名張幼稚園,三重県名張市丸之内５５番地の５,5180718,2020-12-22,2023-05-01,246851,
A124220800023,A1(幼稚園),24(三重),2(公),9(廃),名張市立桔梗南幼稚園,三重県名張市桔梗が丘５－１１－２３の１,5180625,2020-12-22,2022-05-01,246852,A124220800014
A124220900013,A1(幼稚園),24(三重),2(公),9(廃),尾鷲市立尾鷲幼稚園,三重県尾鷲市中村町４番１１号,5193616,2020-12-22,2025-05-01,246901,
A124221000010,A1(幼稚園),24(三重),2(公),1(本),亀山市立亀山幼稚園,三重県亀山市江ヶ室１丁目２番１０号,5190121,2020-12-22,,246951,
A124221000029,A1(幼稚園),24(三重),2(公),1(本),亀山市立亀山東幼稚園,三重県亀山市本町１丁目９番１７号,5190116,2020-12-22,,246952,
A124221000038,A1(幼稚園),24(三重),2(公),1(本),亀山市立井田川幼稚園,三重県亀山市みどり町５３番地の１,5190106,2020-12-22,,246953,
A124221000047,A1(幼稚園),24(三重),2(公),1(本),亀山市立みずほ台幼稚園,三重県亀山市みずほ台１４番地の２９５,5190105,2020-12-22,,246954,
A124221100019,A1(幼稚園),24(三重),2(公),1(本),鳥羽市立かもめ幼稚園,三重県鳥羽市大明西町４－１２,5170023,2020-12-22,,247002,
A124221400016,A1(幼稚園),24(三重),2(公),9(廃),いなべ市立ふじわら幼稚園,三重県いなべ市藤原町川合７７０,5110504,2020-12-22,2021-05-27,247155,
A124221500015,A1(幼稚園),24(三重),2(公),9(廃),志摩市立浜島幼稚園,三重県志摩市浜島町浜島７０９,5170404,2020-12-22,2024-05-01,247651,A224221510012
A124221500024,A1(幼稚園),24(三重),2(公),9(廃),志摩市立大王幼稚園,三重県志摩市大王町波切３２４３－１,5170603,2020-12-22,2024-05-01,247663,A224221510021
A124221500033,A1(幼稚園),24(三重),2(公),9(廃),志摩市立志摩幼稚園,三重県志摩市志摩町和具６６０,5170703,2020-12-22,2024-05-01,247662,A224221510030
A124221500042,A1(幼稚園),24(三重),2(公),9(廃),志摩市立和具幼稚園,三重県志摩市志摩町和具３１７３,5170703,2020-12-22,2021-05-27,247660,
A124221500051,A1(幼稚園),24(三重),2(公),1(本),志摩市立鵜方幼稚園,三重県志摩市阿児町鵜方１５４７,5170501,2020-12-22,,247655,
A124221500060,A1(幼稚園),24(三重),2(公),9(廃),志摩市立国府幼稚園,三重県志摩市阿児町国府２１０７,5170506,2020-12-22,2021-05-27,247657,
A124221500079,A1(幼稚園),24(三重),2(公),9(廃),志摩市立磯部幼稚園,三重県志摩市磯部町恵利原１２７５,5170209,2020-12-22,2024-05-01,247658,A224221510049
A124221600014,A1(幼稚園),24(三重),2(公),1(本),伊賀市立桃青の丘幼稚園,三重県伊賀市上野丸之内１７７番地１,5180873,2020-12-22,,246753,
A124232400013,A1(幼稚園),24(三重),2(公),1(本),東員町立三和幼稚園,三重県員弁郡東員町長深６９０番地,5110255,2020-12-22,,247156,
A124232400022,A1(幼稚園),24(三重),2(公),1(本),東員町立稲部幼稚園,三重県員弁郡東員町大字大木１０７５番地,5110244,2020-12-22,,247157,
A124232400031,A1(幼稚園),24(三重),2(公),1(本),東員町立神田幼稚園,三重県員弁郡東員町六杷野新田１１１,5110242,2020-12-22,,247158,
A124232400040,A1(幼稚園),24(三重),2(公),1(本),東員町立笹尾西幼稚園,三重県員弁郡東員町笹尾西２丁目３１番１,5110231,2020-12-22,,247166,
A124232400059,A1(幼稚園),24(三重),2(公),1(本),東員町立笹尾東幼稚園,三重県員弁郡東員町笹尾東４－２８,5110232,2020-12-22,,247165,
A124232400068,A1(幼稚園),24(三重),2(公),1(本),東員町立城山幼稚園,三重県員弁郡東員町城山１丁目４４,5110233,2020-12-22,,247167,
A124234100012,A1(幼稚園),24(三重),2(公),9(廃),菰野町立菰野幼稚園,三重県三重郡菰野町菰野１４８５,5101233,2020-12-22,2025-05-01,247205,
A124234100021,A1(幼稚園),24(三重),2(公),1(本),菰野町立千種幼稚園,三重県三重郡菰野町大字音羽２２４０,5101252,2020-12-22,,247206,
A124234100030,A1(幼稚園),24(三重),2(公),9(廃),菰野町立朝上幼稚園,三重県三重郡菰野町田光３３０６－２,5101324,2020-12-22,2025-05-01,247207,
A124234100049,A1(幼稚園),24(三重),2(公),9(廃),菰野町立鵜川原幼稚園,三重県三重郡菰野町大字大強原８２９－１,5101222,2020-12-22,2025-05-01,247208,
A124234100058,A1(幼稚園),24(三重),2(公),1(本),菰野町立竹永幼稚園,三重県三重郡菰野町大字永井５９,5101311,2020-12-22,,247209,
A124234300010,A1(幼稚園),24(三重),2(公),1(本),朝日町立朝日幼稚園,三重県三重郡朝日町小向２０６８－１,5108102,2020-12-22,,247202,
A124234400019,A1(幼稚園),24(三重),2(公),1(本),川越町立川越幼稚園,三重県三重郡川越町豊田一色３８４－１,5108123,2020-12-22,,247203,
A124244200010,A1(幼稚園),24(三重),2(公),9(廃),明和町立斎宮幼稚園,三重県多気郡明和町大字竹川１６０,5150325,2020-12-22,2024-05-01,247455,
A124254300018,A1(幼稚園),24(三重),2(公),1(本),紀北町立紀伊長島幼稚園,三重県北牟婁郡紀北町長島２８６番地の３,5193205,2020-12-22,,247703,
A124254300027,A1(幼稚園),24(三重),2(公),9(廃),紀北町立ふなつ幼稚園,三重県北牟婁郡紀北町船津１３５１,5193405,2020-12-22,2023-05-01,247702,
A124256200014,A1(幼稚園),24(三重),2(公),1(本),紀宝町立うどの幼稚園,三重県南牟婁郡紀宝町鵜殿１２３２－１,5195701,2020-12-22,,247801,
A124320105014,A1(幼稚園),24(三重),3(私),1(本),聖ヤコブ幼稚園,三重県津市丸之内３４－１６,5140033,2020-12-22,,248003,
A124320105023,A1(幼稚園),24(三重),3(私),1(本),高田幼稚園,三重県津市一身田町７４６,5140114,2020-12-22,,248001,
A124320105032,A1(幼稚園),24(三重),3(私),1(本),大川幼稚園,三重県津市大谷町２４０,5140007,2020-12-22,,248009,
A124320105041,A1(幼稚園),24(三重),3(私),1(本),ふたば幼稚園,三重県津市白塚町３６４７－１,5140101,2020-12-22,,248011,
A124320105050,A1(幼稚園),24(三重),3(私),1(本),のべの幼稚園,三重県津市久居二ノ町１８５５,5141121,2020-12-22,,248206,
A124320105069,A1(幼稚園),24(三重),3(私),1(本),津西幼稚園,三重県津市河辺町字長２２７３－８,5140065,2020-12-22,,248013,
A124320105078,A1(幼稚園),24(三重),3(私),1(本),日生学園附属幼稚園,三重県津市白山町八対野２７３９,5152692,2020-12-22,,248201,
A124320205013,A1(幼稚園),24(三重),3(私),1(本),暁幼稚園,三重県四日市市天カ須賀五丁目２－５,5108001,2020-12-22,,248021,
A124320205022,A1(幼稚園),24(三重),3(私),1(本),富田文化幼稚園,三重県四日市市茂福９０５－４,5108027,2020-12-22,,248024,
A124320205031,A1(幼稚園),24(三重),3(私),1(本),海の星カトリック幼稚園,三重県四日市市十七軒町２－４,5100063,2020-12-22,,248028,
A124320205040,A1(幼稚園),24(三重),3(私),1(本),あおい幼稚園,三重県四日市市大矢知町２７００,5108034,2020-12-22,,248030,
A124320205059,A1(幼稚園),24(三重),3(私),1(本),幼稚園型認定こども園ときわ幼稚園,三重県四日市市西松本町１５－１０,5100837,2020-12-22,,248031,
A124320205068,A1(幼稚園),24(三重),3(私),1(本),ひかり幼稚園,三重県四日市市伊倉２－８－２３,5100832,2020-12-22,,248025,
A124320205077,A1(幼稚園),24(三重),3(私),1(本),エンゼル幼稚園,三重県四日市市千代田町４５９番地,5128065,2020-12-22,,248023,
A124320205086,A1(幼稚園),24(三重),3(私),1(本),まきば幼稚園,三重県四日市市松本３丁目１番３７号,5100836,2020-12-22,,248032,
A124320205095,A1(幼稚園),24(三重),3(私),1(本),羽津文化幼稚園,三重県四日市市別名５－４－３１,5100007,2020-12-22,,248033,
A124320205102,A1(幼稚園),24(三重),3(私),1(本),津田第一幼稚園,三重県四日市市笹川１丁目１０６－２,5100944,2020-12-22,,248034,
A124320205111,A1(幼稚園),24(三重),3(私),1(本),津田第二幼稚園,三重県四日市市笹川７丁目５２,5100944,2020-12-22,,248035,
A124320205120,A1(幼稚園),24(三重),3(私),1(本),桜あおい幼稚園,三重県四日市市智積町６１０４,5121212,2020-12-22,,248036,
A124320205139,A1(幼稚園),24(三重),3(私),1(本),津田三滝幼稚園,三重県四日市市川島町６５１３,5120934,2020-12-22,,248037,
A124320205148,A1(幼稚園),24(三重),3(私),1(本),認定こども園めぐみの園幼稚園,三重県四日市市室山町４７５－１,5100948,2020-12-22,,248085,
A124320305012,A1(幼稚園),24(三重),3(私),1(本),常盤幼稚園,三重県伊勢市岩渕１－６－３２,5160037,2020-12-22,,248044,
A124320305021,A1(幼稚園),24(三重),3(私),1(本),神宮五十鈴川幼稚園,三重県伊勢市宇治中之切町３８－２,5160025,2020-12-22,,248042,
A124320305030,A1(幼稚園),24(三重),3(私),1(本),神宮高倉山幼稚園,三重県伊勢市八日市場町１７－２０,5160076,2020-12-22,,248049,
A124320305049,A1(幼稚園),24(三重),3(私),1(本),まるこ幼稚園,三重県伊勢市一之木１－８－３,5160071,2020-12-22,,248047,
A124320305058,A1(幼稚園),24(三重),3(私),1(本),双康幼稚園,三重県伊勢市黒瀬町５６２－１３,5160018,2020-12-22,,248050,
A124320305067,A1(幼稚園),24(三重),3(私),1(本),和順幼稚園,三重県伊勢市小俣町元町２１４番地３,5190503,2020-12-22,,248207,
A124320405011,A1(幼稚園),24(三重),3(私),1(本),梅村幼稚園,三重県松阪市久保町１８４３－１０,5150044,2020-12-22,,248062,
A124320405020,A1(幼稚園),24(三重),3(私),1(本),まつさか幼稚園,三重県松阪市中央町４６８,5150019,2020-12-22,,248063,
A124320505010,A1(幼稚園),24(三重),3(私),1(本),マリア・モンテッソーリ幼稚園,三重県桑名市西方笹山７８７,5110864,2020-12-22,,248081,
A124320505029,A1(幼稚園),24(三重),3(私),1(本),津田桑名幼稚園,三重県桑名市清竹の丘９,5110810,2020-12-22,,248082,
A124320505038,A1(幼稚園),24(三重),3(私),1(本),幼稚園型認定こども園くわな幼稚園,三重県桑名市大字西汰上６５６番地,5110807,2020-12-22,,248083,
A124320505047,A1(幼稚園),24(三重),3(私),1(本),津田大山田幼稚園,三重県桑名市野田５－３－１２,5110904,2020-12-22,,248163,
A124320505056,A1(幼稚園),24(三重),3(私),1(本),コスモス幼稚園,三重県桑名市大字桑部字矢間２０６８番地,5110923,2020-12-22,,248084,
A124320705018,A1(幼稚園),24(三重),3(私),9(廃),第一さくら幼稚園,三重県鈴鹿市寺家３－２－１２,5100254,2020-12-22,2022-05-01,248121,A124320705072
A124320705027,A1(幼稚園),24(三重),3(私),1(本),すずか幼稚園,三重県鈴鹿市神戸２－２０－１８,5130801,2020-12-22,,248122,
A124320705036,A1(幼稚園),24(三重),3(私),1(本),白子ひかり幼稚園,三重県鈴鹿市白子本町２－３８,5100242,2020-12-22,,248123,
A124320705045,A1(幼稚園),24(三重),3(私),9(廃),第二さくら幼稚園,三重県鈴鹿市鈴鹿ハイツ５－４５,5100208,2020-12-22,2022-05-01,248124,A124320705072
A124320705054,A1(幼稚園),24(三重),3(私),1(本),第２すずか（きしおか）幼稚園,三重県鈴鹿市岸岡町２８１５,5100226,2020-12-22,,248126,
A124320705063,A1(幼稚園),24(三重),3(私),1(本),道伯幼稚園,三重県鈴鹿市道伯１丁目１２－２７,5130823,2020-12-22,,248127,
A124320705072,A1(幼稚園),24(三重),3(私),1(本),さくら幼稚園,三重県鈴鹿市鈴鹿ハイツ５－４５,5100028,2022-05-01,,,
A124320805017,A1(幼稚園),24(三重),3(私),1(本),桔梗が丘幼稚園,三重県名張市桔梗が丘１番町２街区６番地,5180621,2020-12-22,,248141,
A124320805026,A1(幼稚園),24(三重),3(私),1(本),梅が丘幼稚園,三重県名張市梅が丘南２番町２７８番地,5180742,2020-12-22,,248144,
A124321005013,A1(幼稚園),24(三重),3(私),9(廃),みずきが丘道伯幼稚園,三重県亀山市みずきが丘８１番地,5190181,2020-12-22,2025-05-01,248164,A224321015029
A124321205011,A1(幼稚園),24(三重),3(私),1(本),有馬幼稚園,三重県熊野市有馬町６５０番地,5194325,2020-12-22,,248162,
A124321505018,A1(幼稚園),24(三重),3(私),9(廃),しまの杜神明幼稚園,三重県志摩市阿児町神明１００１番地２,5170502,2020-12-22,2022-05-01,248209,A224321515015
A124321605017,A1(幼稚園),24(三重),3(私),1(本),白鳳幼稚園,三重県伊賀市上野伊予町１０６７－１,5180852,2020-12-22,,248101,
A224220110018,A2(こども),24(三重),2(公),1(本),津市立津みどりの森こども園,三重県津市神戸３３２－１,5140824,2020-12-22,,24A026,
A224220110027,A2(こども),24(三重),2(公),1(本),津市立香良洲浜っ子幼児園,三重県津市香良洲町５７２２,5140315,2020-12-22,,24A027,
A224220110036,A2(こども),24(三重),2(公),1(本),津市立白山こども園,三重県津市白山町南出４９３,5152611,2020-12-22,,24A028,
A224220110045,A2(こども),24(三重),2(公),1(本),津市立一志こども園,三重県津市一志町高野１４５１番地,5152504,2020-12-22,,24A029,
A224220110054,A2(こども),24(三重),2(公),1(本),津市立芸濃こども園,三重県津市芸濃町椋本６１４８番地,5142211,2020-12-22,,24A031,
A224220110063,A2(こども),24(三重),2(公),1(本),津市立河芸こども園,三重県津市河芸町上野２９６３,5100304,2022-05-01,,,
A224220210017,A2(こども),24(三重),2(公),1(本),四日市市立橋北こども園,三重県四日市市東新町２６番３２号,5100025,2020-12-22,,24A025,
A224220210026,A2(こども),24(三重),2(公),1(本),四日市市立塩浜こども園,三重県四日市市柳町３３番地,5100861,2020-12-22,,24A024,
A224220210035,A2(こども),24(三重),2(公),1(本),四日市市立保々こども園,三重県四日市市西村町２７２５－１,5121305,2020-12-22,,24A032,
A224220210044,A2(こども),24(三重),2(公),1(本),四日市市立楠こども園,三重県四日市市楠町北五味塚２０６０－６３,5100103,2021-05-27,,24A033,
A224220210053,A2(こども),24(三重),2(公),1(本),四日市市立神前こども園,三重県四日市市高角町２９８５－１,5120923,2022-05-01,,,
A224220210062,A2(こども),24(三重),2(公),1(本),四日市市立桜こども園,三重県四日市市桜台一丁目３５番地２８,5151214,2023-05-01,,,
A224220210071,A2(こども),24(三重),2(公),1(本),四日市市立富田こども園,三重県四日市市富田二丁目１２番９号,5108014,2023-05-01,,,
A224220210080,A2(こども),24(三重),2(公),1(本),四日市市立八郷こども園,三重県四日市市あかつき台１丁目２－８９,5128046,2024-05-01,,,
A224220210099,A2(こども),24(三重),2(公),1(本),四日市市立下野こども園,三重県四日市市朝明町４９８－１,5128054,2024-05-01,,,
A224220210106,A2(こども),24(三重),2(公),1(本),四日市市立富洲原こども園,三重県四日市市富州原町３１－３５,5108016,2024-05-01,,,
A224220210115,A2(こども),24(三重),2(公),1(本),四日市中央こども園,三重県四日市市元新町２－１７,5100095,2025-05-01,,,
A224220310016,A2(こども),24(三重),2(公),1(本),伊勢市立しごうこども園,三重県伊勢市一宇田町８９１－１,5160022,2020-12-22,,24A021,
A224220410015,A2(こども),24(三重),2(公),1(本),松阪市立三雲北こども園,三重県松阪市肥留町５５１番地,5152105,2023-05-01,,,
A224220410024,A2(こども),24(三重),2(公),1(本),松阪市立三雲南こども園,三重県松阪市小津町５７７番地３,5152114,2023-05-01,,,
A224221010017,A2(こども),24(三重),2(公),1(本),亀山市立関認定こども園アスレ,三重県亀山市関町木崎７８６番地,5191107,2020-12-22,,24A023,
A224221510012,A2(こども),24(三重),2(公),1(本),志摩市立浜島こども園,三重県志摩市浜島町浜島７０９,5170404,2024-05-01,,,
A224221510021,A2(こども),24(三重),2(公),1(本),志摩市立大王こども園,三重県志摩市大王町波切３２４３－１,5170603,2024-05-01,,,
A224221510030,A2(こども),24(三重),2(公),1(本),志摩市立志摩こども園,三重県志摩市志摩町布施田１０１６－５,5170702,2024-05-01,,,
A224221510049,A2(こども),24(三重),2(公),1(本),志摩市立磯部こども園,三重県志摩市磯部町恵利原１２７５,5170209,2024-05-01,,,
A224230310015,A2(こども),24(三重),2(公),1(本),木曽岬町立木曽岬こども園,三重県桑名郡木曽岬町大字和泉４３１番地１,4980803,2020-12-22,,24A030,
A224244210017,A2(こども),24(三重),2(公),1(本),明和町立みょうじょうこども園,三重県多気郡明和町明星１０６０,5150313,2020-12-22,,24A022,
A224244210026,A2(こども),24(三重),2(公),1(本),明和町立みどりこども園,三重県多気郡明和町大字上村１０３番地,5150322,2022-05-01,,,
A224244210035,A2(こども),24(三重),2(公),1(本),明和町立ささふえこども園,三重県多気郡明和町大字馬之上９０２番地１,5150332,2026-05-01,,,
A224320115011,A2(こども),24(三重),3(私),1(本),藤認定こども園,三重県津市豊が丘２丁目５７番５号,5142222,2020-12-22,,24A101,
A224320115020,A2(こども),24(三重),3(私),1(本),幼保連携型認定こども園こどもの杜ゆたか園,三重県津市一身田上津部田１７１５－１,5140061,2020-12-22,,24A104,
A224320115039,A2(こども),24(三重),3(私),1(本),幼保連携型認定こども園杜の街ゆたか園,三重県津市河芸町杜の街一丁目１－３,5100318,2020-12-22,,24A105,
A224320115048,A2(こども),24(三重),3(私),1(本),幼保連携型認定こども園みらいの森ゆたか園,三重県津市河芸町三行字住持９８９,5100311,2020-12-22,,24A106,
A224320115057,A2(こども),24(三重),3(私),1(本),津カトリックこども園,三重県津市西丸之内１８－２１,5140035,2020-12-22,,24A109,
A224320115066,A2(こども),24(三重),3(私),1(本),幼保連携型認定こども園ぼだいじこども園,三重県津市南中央１０番１８号,5140832,2020-12-22,,24A110,
A224320115075,A2(こども),24(三重),3(私),1(本),藤水保育園,三重県津市藤方１５３１,5140815,2020-12-22,,24A117,
A224320115084,A2(こども),24(三重),3(私),1(本),風の子藤水保育園,三重県津市雲出島貫町１７３５－５,5140305,2020-12-22,,24A118,
A224320115093,A2(こども),24(三重),3(私),1(本),風の丘藤水保育園,三重県津市戸木町４６０７,5141138,2020-12-22,,24A119,
A224320115100,A2(こども),24(三重),3(私),1(本),認定子供園清泉幼稚園,三重県津市南丸之内９－１２,5140034,2020-12-22,,24A120,
A224320115119,A2(こども),24(三重),3(私),1(本),ＮＯＢＥＮＯこども園,三重県津市久居井戸山町８６０－２,5141114,2020-12-22,,24A121,
A224320115128,A2(こども),24(三重),3(私),1(本),ルーテル二葉認定こども園,三重県津市南が丘１－１７,5140822,2020-12-22,,24A122,
A224320115137,A2(こども),24(三重),3(私),1(本),幼保連携型認定こども園すぎのこ保育園,三重県津市久居中町３３６番地４,5141107,2020-12-22,,24A128,
A224320115146,A2(こども),24(三重),3(私),1(本),津こども園,三重県津市南河路２４６番地,5140055,2020-12-22,,24A129,
A224320115155,A2(こども),24(三重),3(私),1(本),ゆたか認定こども園,三重県津市河芸町中別保１６５６,5100305,2020-12-22,,24A130,
A224320115164,A2(こども),24(三重),3(私),1(本),高田保育園,三重県津市一身田町２８０,5140114,2022-05-01,,,
A224320115173,A2(こども),24(三重),3(私),1(本),ぼだいじＩＲＯＲＩ園,三重県津市久居藤ヶ丘町２５９８－４,5141102,2022-05-01,,,
A224320115182,A2(こども),24(三重),3(私),1(本),風の音認定こども園,三重県津市高茶屋四丁目２７４６番５,5140819,2025-05-01,,,
A224320115191,A2(こども),24(三重),3(私),1(本),認定こども園久居保育園,三重県津市久居西鷹跡町３６５－１１,5141131,2026-05-01,,,
A224320215010,A2(こども),24(三重),3(私),1(本),高花平こども園,三重県四日市市高花平二丁目１－５３,5100945,2021-05-27,,24A143,
A224320215029,A2(こども),24(三重),3(私),1(本),いずみこども園,三重県四日市市三重六丁目１２９番地,5120912,2023-05-01,,,
A224320215038,A2(こども),24(三重),3(私),1(本),かわしまこども園,三重県四日市市三滝台四丁目４番地４,5120933,2023-05-01,,,
A224320215047,A2(こども),24(三重),3(私),1(本),たいすいこども園,三重県四日市市西日野町字今郷１８７１－７,5100943,2024-05-01,,,
A224320215056,A2(こども),24(三重),3(私),1(本),ひのもと第二こども園,三重県四日市市松原町２２－１０,5108015,2024-05-01,,,
A224320215065,A2(こども),24(三重),3(私),1(本),みのりこども園,三重県四日市市大宮町２６－５,5100003,2024-05-01,,,
A224320215074,A2(こども),24(三重),3(私),1(本),幼保連携型よっかいちひばり認定こども園,三重県四日市市西大鐘町１４９０,5128052,2024-05-01,,,
A224320215083,A2(こども),24(三重),3(私),1(本),愛育こども園,三重県四日市市生桑町１４－３,5120911,2024-05-01,,,
A224320215092,A2(こども),24(三重),3(私),1(本),愛華こども園,三重県四日市市平津町字堀越８４４－１,5128042,2024-05-01,,,
A224320215109,A2(こども),24(三重),3(私),1(本),社会福祉法人一二三会三重こども園,三重県四日市市三重１丁目７番地,5120912,2024-05-01,,,
A224320215118,A2(こども),24(三重),3(私),1(本),水沢こども園,三重県四日市市水沢町２１０３－５,5121105,2024-05-01,,,
A224320215127,A2(こども),24(三重),3(私),1(本),幼保連携型認定こども園フジ保育園,三重県四日市市東坂部町１５０－４,5120904,2024-05-01,,,
A224320215136,A2(こども),24(三重),3(私),1(本),たいすいノースこども園,三重県四日市市川北１丁目７１０,5108031,2025-05-01,,,
A224320215145,A2(こども),24(三重),3(私),1(本),たいすい中央こども園,三重県四日市市鵜の森１－１０－２０,5100074,2025-05-01,,,
A224320215154,A2(こども),24(三重),3(私),1(本),どんぐりこども園,三重県四日市市野田二丁目８番地３号,5100815,2026-05-01,,,
A224320315019,A2(こども),24(三重),3(私),1(本),修道こども園,三重県伊勢市楠部町４８－４０,5160014,2020-12-22,,24A102,
A224320315028,A2(こども),24(三重),3(私),1(本),暁の星こども園,三重県伊勢市小俣町本町１３３６・宮前４７５－１,5190505,2020-12-22,,24A103,
A224320315037,A2(こども),24(三重),3(私),1(本),マリアこども園,三重県伊勢市岡本１丁目２－３３,5160036,2020-12-22,,24A112,
A224320315046,A2(こども),24(三重),3(私),1(本),ゆたかこども園,三重県伊勢市御薗町王中島船原２３,5160803,2020-12-22,,24A111,
A224320315055,A2(こども),24(三重),3(私),1(本),有緝こども園,三重県伊勢市船江２－２－２９,5160008,2020-12-22,,24A123,
A224320315064,A2(こども),24(三重),3(私),1(本),めいりんこども園,三重県伊勢市岡本１丁目１８－６５,5160036,2020-12-22,,24A131,
A224320315073,A2(こども),24(三重),3(私),1(本),中島こども園,三重県伊勢市中島２丁目１３－４,5160067,2020-12-22,,24A132,
A224320415018,A2(こども),24(三重),3(私),1(本),幼保連携型認定こども園松阪清泉愛育園,三重県松阪市大黒田町６０９,5150063,2026-05-01,,,
A224320415027,A2(こども),24(三重),3(私),1(本),わかすぎこども園,三重県松阪市嬉野中川町１２６３－１,5152321,2026-05-01,,,
A224320415036,A2(こども),24(三重),3(私),1(本),わかすぎ第二こども園,三重県松阪市立野町５１８,5150054,2026-05-01,,,
A224320415045,A2(こども),24(三重),3(私),1(本),わかすぎ第三こども園,三重県松阪市甚目町６５３－１,5152108,2026-05-01,,,
A224320515017,A2(こども),24(三重),3(私),1(本),安永保育園,三重県桑名市安永字七区割１１０１－３,5110839,2020-12-22,,24A124,
A224320515026,A2(こども),24(三重),3(私),1(本),幼保連携型長寿認定こども園,三重県桑名市北寺町３１－３,5110073,2020-12-22,,24A126,
A224320515035,A2(こども),24(三重),3(私),1(本),耕逸山たどこども園,三重県桑名市多度町柚井１７７５,5110101,2020-12-22,,24A133,
A224320515044,A2(こども),24(三重),3(私),1(本),認定こども園ゆい保育園,三重県桑名市多度町小山字西天王平２０９７番地１,5110105,2020-12-22,,24A134,
A224320515053,A2(こども),24(三重),3(私),1(本),和泉保育園,三重県桑名市和泉トノ割７４６番地,5110838,2020-12-22,,24A139,
A224320515062,A2(こども),24(三重),3(私),1(本),幼保連携型認定こども園くわな,三重県桑名市大字西汰上２２２３番地,5110807,2020-12-22,,24A140,
A224320515071,A2(こども),24(三重),3(私),1(本),大山田北保育園,三重県桑名市大山田６丁目７番地２０４,5110903,2022-05-01,,,
A224320515080,A2(こども),24(三重),3(私),1(本),令のかぜ,三重県桑名市長島町東殿名字大川端１０２１番,5111121,2024-05-01,,,
A224320515099,A2(こども),24(三重),3(私),1(本),幼保連携型認定こども園光陽希望ヶ丘保育園,三重県桑名市大字西別所字小池６６７－１,5110851,2026-05-01,,,
A224320715015,A2(こども),24(三重),3(私),1(本),サン認定こども園,三重県鈴鹿市郡山町字西高山２００１－１０,5100263,2020-12-22,,24A113,
A224320715024,A2(こども),24(三重),3(私),1(本),認定こども園白百合幼稚園,三重県鈴鹿市東磯山二丁目３番１号,5100257,2020-12-22,,24A114,
A224320715033,A2(こども),24(三重),3(私),1(本),幼保連携型認定こども園ほうりん認定こども園,三重県鈴鹿市北長太町４１１９,5130049,2020-12-22,,24A115,
A224320715042,A2(こども),24(三重),3(私),1(本),石薬師認定こども園,三重県鈴鹿市石薬師町１７３５－１,5130012,2020-12-22,,24A141,
A224320715051,A2(こども),24(三重),3(私),1(本),幼保連携型認定こども園高岡ほうりん認定こども園,三重県鈴鹿市高岡町字塚原１８４３－７,5130014,2020-12-22,,24A142,
A224320715060,A2(こども),24(三重),3(私),1(本),くまだこども園,三重県鈴鹿市下大久保町字丸岡４８１番地の５,5131123,2021-05-27,,24A144,
A224320715079,A2(こども),24(三重),3(私),1(本),認定こども園いそやま保育園,三重県鈴鹿市東磯山二丁目２６番１８号,5100257,2022-05-01,,,
A224320715088,A2(こども),24(三重),3(私),1(本),きしだこども園,三重県鈴鹿市岸田町１４９１番地,5131121,2023-05-01,,,
A224320715097,A2(こども),24(三重),3(私),1(本),かもめ保育園,三重県鈴鹿市加佐登町２０５９－２,5130003,2026-05-01,,,
A224320815014,A2(こども),24(三重),3(私),1(本),富貴の森こども園,三重県名張市富貴ヶ丘６番町４２－２１,5180419,2020-12-22,,24A107,
A224320815023,A2(こども),24(三重),3(私),1(本),認定こども園名張よさみ幼稚園,三重県名張市夏見字芝出５４５,5180441,2020-12-22,,24A125,
A224320815032,A2(こども),24(三重),3(私),1(本),蔵持こども園,三重県名張市蔵持町原出１６６８,5180752,2020-12-22,,24A127,
A224320815041,A2(こども),24(三重),3(私),1(本),認定こども園つつじが丘幼稚園,三重県名張市つつじが丘北３－７,5180433,2020-12-22,,24A135,
A224320815050,A2(こども),24(三重),3(私),1(本),みはた虹の丘こども園,三重県名張市新田字女良塚１００５番地,5180611,2020-12-22,,24A136,
A224320815069,A2(こども),24(三重),3(私),1(本),みのわこども園,三重県名張市夏見３５７－３,5180441,2024-05-01,,,
A224320815078,A2(こども),24(三重),3(私),1(本),名張きぼうのこども園,三重県名張市丸之内５５番地５,5180718,2024-05-01,,,
A224320815087,A2(こども),24(三重),3(私),1(本),ききょうこども園,三重県名張市桔梗が丘３番町４街区４１１番地２,5180623,2025-05-01,,,
A224320815096,A2(こども),24(三重),3(私),1(本),西田原こども園,三重県名張市西田原４４４４番地,5180603,2025-05-01,,,
A224320915013,A2(こども),24(三重),3(私),1(本),ひのきっここども園,三重県尾鷲市古戸町５番１５号,5193652,2022-05-01,,,
A224321015010,A2(こども),24(三重),3(私),1(本),幼保連携型認定こども園亀山愛児園,三重県亀山市東町一丁目１０番１６号１,5190125,2020-12-22,,24A137,
A224321015029,A2(こども),24(三重),3(私),1(本),みずきが丘道伯幼稚園,三重県亀山市みずきが丘８１,5190181,2025-05-01,,,
A224321015038,A2(こども),24(三重),3(私),1(本),幼保連携型認定こども園あんぜんの丘こども園,三重県亀山市田茂町５００番地,5190136,2025-05-01,,,
A224321415016,A2(こども),24(三重),3(私),1(本),幼保連携型認定こども園大安中央こども園,三重県いなべ市大安町石榑東１８５６－１０,5110264,2025-05-01,,,
A224321515015,A2(こども),24(三重),3(私),1(本),しまの杜こども園,三重県志摩市阿児町神明１００１番地２,5170502,2022-05-01,,,
A224321615014,A2(こども),24(三重),3(私),1(本),認定こども園青山よさみ幼稚園,三重県伊賀市柏尾１３９７－１４,5180224,2020-12-22,,24A116,
A224321615023,A2(こども),24(三重),3(私),1(本),大山田こども園,三重県伊賀市平田７番地,5181422,2025-05-01,,,
A224334415019,A2(こども),24(三重),3(私),1(本),幼保連携型ひばり認定こども園,三重県三重郡川越町豊田８５－１,5108122,2024-05-01,,,
A224344115011,A2(こども),24(三重),3(私),1(本),多気の杜こども園,三重県多気郡多気町大字西山５２９番８,5192171,2022-05-01,,,
A224344215010,A2(こども),24(三重),3(私),1(本),幼保連携型認定こども園明和ゆたか園,三重県多気郡明和町斎宮字北野３５３５－１,5150321,2020-12-22,,24A108,
A224344215029,A2(こども),24(三重),3(私),1(本),認定こども園第２明和ゆたか園,三重県多気郡明和町大字佐田９２４番地９５,5150331,2020-12-22,,24A138,
A224344215038,A2(こども),24(三重),3(私),1(本),いつきのみやこども園,三重県多気郡明和町竹川１６０,5150325,2022-05-01,,,
B124110000013,B1(小学校),24(三重),1(国),1(本),三重大学教育学部附属小学校,三重県津市観音寺町３５９,5140062,2020-12-22,,240001,
B124220120015,B1(小学校),24(三重),2(公),1(本),津市立養正小学校,三重県津市丸之内養正町１４－１,5140036,2020-12-22,,240011,
B124220120024,B1(小学校),24(三重),2(公),1(本),津市立修成小学校,三重県津市修成町９－１,5140837,2020-12-22,,240012,
B124220120033,B1(小学校),24(三重),2(公),1(本),津市立南立誠小学校,三重県津市桜橋２丁目３９番地,5140003,2020-12-22,,240013,
B124220120042,B1(小学校),24(三重),2(公),1(本),津市立北立誠小学校,三重県津市江戸橋１－３０,5140001,2020-12-22,,240014,
B124220120051,B1(小学校),24(三重),2(公),1(本),津市立敬和小学校,三重県津市中河原４４５番地,5140018,2020-12-22,,240015,
B124220120060,B1(小学校),24(三重),2(公),1(本),津市立育生小学校,三重県津市下弁財町津興１３５０,5140805,2020-12-22,,240016,
B124220120079,B1(小学校),24(三重),2(公),1(本),津市立新町小学校,三重県津市八町３丁目３－１,5140041,2020-12-22,,240017,
B124220120088,B1(小学校),24(三重),2(公),1(本),津市立藤水小学校,三重県津市藤方１６２７,5140815,2020-12-22,,240018,
B124220120097,B1(小学校),24(三重),2(公),1(本),津市立高茶屋小学校,三重県津市高茶屋３丁目１番１号,5140819,2020-12-22,,240019,
B124220120104,B1(小学校),24(三重),2(公),1(本),津市立神戸小学校,三重県津市神戸３３２－１,5140824,2020-12-22,,240020,
B124220120113,B1(小学校),24(三重),2(公),1(本),津市立安東小学校,三重県津市納所町２４５,5140051,2020-12-22,,240021,
B124220120122,B1(小学校),24(三重),2(公),1(本),津市立櫛形小学校,三重県津市分部１２１１－１,5140071,2020-12-22,,240022,
B124220120131,B1(小学校),24(三重),2(公),1(本),津市立雲出小学校,三重県津市雲出本郷町１１６４,5140304,2020-12-22,,240023,
B124220120140,B1(小学校),24(三重),2(公),1(本),津市立一身田小学校,三重県津市一身田大古曽３５５番地,5140113,2020-12-22,,240024,
B124220120159,B1(小学校),24(三重),2(公),1(本),津市立白塚小学校,三重県津市白塚町４４６３,5140101,2020-12-22,,240025,
B124220120168,B1(小学校),24(三重),2(公),1(本),津市立栗真小学校,三重県津市栗真中山町４５２,5140103,2020-12-22,,240026,
B124220120177,B1(小学校),24(三重),2(公),2(分),津市立栗真小学校国児分校,三重県津市栗真町屋町５２４,5140102,2020-12-22,,240033,
B124220120186,B1(小学校),24(三重),2(公),1(本),津市立片田小学校,三重県津市片田井戸町２２,5140082,2020-12-22,,240027,
B124220120195,B1(小学校),24(三重),2(公),1(本),津市立大里小学校,三重県津市大里窪田町１８２１,5140125,2020-12-22,,241916,
B124220120202,B1(小学校),24(三重),2(公),1(本),津市立高野尾小学校,三重県津市高野尾町５２２６－１,5142221,2020-12-22,,241918,
B124220120211,B1(小学校),24(三重),2(公),1(本),津市立西が丘小学校,三重県津市長岡町８００－４３７,5140064,2020-12-22,,240030,
B124220120220,B1(小学校),24(三重),2(公),1(本),津市立豊が丘小学校,三重県津市豊が丘２丁目３４－１,5142222,2020-12-22,,240031,
B124220120239,B1(小学校),24(三重),2(公),1(本),津市立南が丘小学校,三重県津市垂水２５３８－１,5140821,2020-12-22,,240032,
B124220120248,B1(小学校),24(三重),2(公),1(本),津市立上野小学校,三重県津市河芸町上野２９６３,5100304,2020-12-22,,241901,
B124220120257,B1(小学校),24(三重),2(公),1(本),津市立豊津小学校,三重県津市河芸町一色１６８０,5100306,2020-12-22,,241902,
B124220120266,B1(小学校),24(三重),2(公),1(本),津市立黒田小学校,三重県津市河芸町北黒田１０９－１,5100317,2020-12-22,,241903,
B124220120275,B1(小学校),24(三重),2(公),1(本),津市立千里ヶ丘小学校,三重県津市河芸町千里ヶ丘１３番地,5100302,2020-12-22,,241919,
B124220120284,B1(小学校),24(三重),2(公),1(本),津市立明小学校,三重県津市芸濃町林３２５,5142202,2020-12-22,,241905,
B124220120293,B1(小学校),24(三重),2(公),1(本),津市立芸濃小学校,三重県津市芸濃町椋本５０４７番地,5142211,2020-12-22,,241906,
B124220120300,B1(小学校),24(三重),2(公),1(本),津市立明合小学校,三重県津市安濃町粟加９７８,5142324,2020-12-22,,241912,
B124220120319,B1(小学校),24(三重),2(公),1(本),津市立安濃小学校,三重県津市安濃町内多４５１,5142303,2020-12-22,,241913,
B124220120328,B1(小学校),24(三重),2(公),1(本),津市立村主小学校,三重県津市安濃町連部６８,5142312,2020-12-22,,241914,
B124220120337,B1(小学校),24(三重),2(公),1(本),津市立草生小学校,三重県津市安濃町草生４２０９,5142328,2020-12-22,,241915,
B124220120346,B1(小学校),24(三重),2(公),1(本),津市立誠之小学校,三重県津市久居西鷹跡町４２４,5141131,2020-12-22,,242001,
B124220120355,B1(小学校),24(三重),2(公),1(本),津市立成美小学校,三重県津市久居新町７３７,5141118,2020-12-22,,242002,
B124220120364,B1(小学校),24(三重),2(公),1(本),津市立立成小学校,三重県津市野村町５６０番地,5141113,2020-12-22,,242039,
B124220120373,B1(小学校),24(三重),2(公),1(本),津市立桃園小学校,三重県津市新家町１３５０,5141116,2020-12-22,,242003,
B124220120382,B1(小学校),24(三重),2(公),1(本),津市立戸木小学校,三重県津市戸木町８８０,5141138,2020-12-22,,242004,
B124220120391,B1(小学校),24(三重),2(公),1(本),津市立栗葉小学校,三重県津市森町２７０番地,5141254,2020-12-22,,242005,
B124220120408,B1(小学校),24(三重),2(公),1(本),津市立榊原小学校,三重県津市榊原町５８４８,5141251,2020-12-22,,242007,
B124220120417,B1(小学校),24(三重),2(公),1(本),津市立香良洲小学校,三重県津市香良洲町２１９０－１,5140315,2020-12-22,,242008,
B124220120426,B1(小学校),24(三重),2(公),1(本),津市立一志西小学校,三重県津市一志町田尻３５３－１,5152516,2020-12-22,,240034,
B124220120435,B1(小学校),24(三重),2(公),1(本),津市立一志東小学校,三重県津市一志町八太７８５－１,5152515,2020-12-22,,240035,
B124220120444,B1(小学校),24(三重),2(公),1(本),津市立家城小学校,三重県津市白山町南家城６４７,5153133,2020-12-22,,242013,
B124220120453,B1(小学校),24(三重),2(公),1(本),津市立川口小学校,三重県津市白山町川口１９９１,5152603,2020-12-22,,242015,
B124220120462,B1(小学校),24(三重),2(公),1(本),津市立八ツ山小学校,三重県津市白山町八対野２４８０,5152615,2020-12-22,,242016,
B124220120471,B1(小学校),24(三重),2(公),1(本),津市立大三小学校,三重県津市白山町二本木２９６,5152602,2020-12-22,,242017,
B124220120480,B1(小学校),24(三重),2(公),1(本),津市立倭小学校,三重県津市白山町上ノ村１８３,5152623,2020-12-22,,242018,
B124220120499,B1(小学校),24(三重),2(公),1(本),津市立美杉小学校,三重県津市美杉町奥津１０２５,5153531,2020-12-22,,242029,
B124220220014,B1(小学校),24(三重),2(公),1(本),四日市市立中部西小学校,三重県四日市市北町２－２３,5100081,2020-12-22,,240101,
B124220220023,B1(小学校),24(三重),2(公),1(本),四日市市立浜田小学校,三重県四日市市北浜田町１３－６,5100062,2020-12-22,,240103,
B124220220032,B1(小学校),24(三重),2(公),1(本),四日市市立羽津小学校,三重県四日市市大宮町１６－３５,5100003,2020-12-22,,240109,
B124220220041,B1(小学校),24(三重),2(公),1(本),四日市市立海蔵小学校,三重県四日市市東阿倉川５７８－１,5100805,2020-12-22,,240111,
B124220220050,B1(小学校),24(三重),2(公),1(本),四日市市立富洲原小学校,三重県四日市市富洲原３１－１４,5108016,2020-12-22,,240112,
B124220220069,B1(小学校),24(三重),2(公),1(本),四日市市立富田小学校,三重県四日市市富田一丁目２４－４９,5108014,2020-12-22,,240113,
B124220220078,B1(小学校),24(三重),2(公),1(本),四日市市立日永小学校,三重県四日市市日永４－５－１３,5100885,2020-12-22,,240114,
B124220220087,B1(小学校),24(三重),2(公),1(本),四日市市立四郷小学校,三重県四日市市西日野町３２０７－１,5100943,2020-12-22,,240115,
B124220220096,B1(小学校),24(三重),2(公),1(本),四日市市立高花平小学校,三重県四日市市高花平２丁目１番地,5100945,2020-12-22,,240116,
B124220220103,B1(小学校),24(三重),2(公),1(本),四日市市立常磐小学校,三重県四日市市城西町９－１４,5100829,2020-12-22,,240117,
B124220220112,B1(小学校),24(三重),2(公),1(本),四日市市立内部小学校,三重県四日市市采女町８８８番地の１,5100954,2020-12-22,,240118,
B124220220121,B1(小学校),24(三重),2(公),1(本),四日市市立小山田小学校,三重県四日市市山田町１３７３－１,5121111,2020-12-22,,240119,
B124220220130,B1(小学校),24(三重),2(公),1(本),四日市市立河原田小学校,三重県四日市市河原田町７０,5100874,2020-12-22,,240120,
B124220220149,B1(小学校),24(三重),2(公),1(本),四日市市立川島小学校,三重県四日市市川島町２０４６,5120934,2020-12-22,,240121,
B124220220158,B1(小学校),24(三重),2(公),1(本),四日市市立神前小学校,三重県四日市市曽井町４９３－１,5120922,2020-12-22,,240122,
B124220220167,B1(小学校),24(三重),2(公),1(本),四日市市立桜小学校,三重県四日市市桜町１２５７,5121211,2020-12-22,,240123,
B124220220176,B1(小学校),24(三重),2(公),1(本),四日市市立県小学校,三重県四日市市赤水町１００２番地,5121204,2020-12-22,,240124,
B124220220185,B1(小学校),24(三重),2(公),1(本),四日市市立三重小学校,三重県四日市市東坂部町２２２－２,5120904,2020-12-22,,240125,
B124220220194,B1(小学校),24(三重),2(公),1(本),四日市市立大矢知興譲小学校,三重県四日市市大矢知１２１２,5108034,2020-12-22,,240126,
B124220220201,B1(小学校),24(三重),2(公),1(本),四日市市立八郷小学校,三重県四日市市平津町９９－１,5128042,2020-12-22,,240128,
B124220220210,B1(小学校),24(三重),2(公),1(本),四日市市立下野小学校,三重県四日市市朝明町４７５－１,5128054,2020-12-22,,240129,
B124220220229,B1(小学校),24(三重),2(公),1(本),四日市市立水沢小学校,三重県四日市市水沢町２４９１番地,5121105,2020-12-22,,240130,
B124220220238,B1(小学校),24(三重),2(公),1(本),四日市市立保々小学校,三重県四日市市西村町２７４１,5121305,2020-12-22,,240131,
B124220220247,B1(小学校),24(三重),2(公),1(本),四日市市立泊山小学校,三重県四日市市大字日永５５３０－１９,5100885,2020-12-22,,240132,
B124220220256,B1(小学校),24(三重),2(公),1(本),四日市市立常磐西小学校,三重県四日市市松本７６４,5100836,2020-12-22,,240134,
B124220220265,B1(小学校),24(三重),2(公),1(本),四日市市立三重西小学校,三重県四日市市三重３－１２９,5120912,2020-12-22,,240137,
B124220220274,B1(小学校),24(三重),2(公),1(本),四日市市立大谷台小学校,三重県四日市市大谷台１－２０４,5120901,2020-12-22,,240135,
B124220220283,B1(小学校),24(三重),2(公),1(本),四日市市立桜台小学校,三重県四日市市桜台１丁目３２番地,5121214,2020-12-22,,240139,
B124220220292,B1(小学校),24(三重),2(公),1(本),四日市市立八郷西小学校,三重県四日市市萱生町１０８６番地,5128045,2020-12-22,,240141,
B124220220309,B1(小学校),24(三重),2(公),1(本),四日市市立三重北小学校,三重県四日市市山之一色町９０番地,5120906,2020-12-22,,240140,
B124220220318,B1(小学校),24(三重),2(公),1(本),四日市市立羽津北小学校,三重県四日市市大字羽津５００番地,5100012,2020-12-22,,240143,
B124220220327,B1(小学校),24(三重),2(公),1(本),四日市市立内部東小学校,三重県四日市市釆女町４２３－４,5100954,2020-12-22,,240144,
B124220220336,B1(小学校),24(三重),2(公),1(本),四日市市立中央小学校,三重県四日市市元新町２－３６,5100095,2020-12-22,,240145,
B124220220345,B1(小学校),24(三重),2(公),1(本),四日市市立橋北小学校,三重県四日市市川原町２５番２２号,5100033,2020-12-22,,240146,
B124220220354,B1(小学校),24(三重),2(公),1(本),四日市市立塩浜小学校,三重県四日市市塩浜町一番地,5100851,2020-12-22,,240147,
B124220220363,B1(小学校),24(三重),2(公),1(本),四日市市立笹川小学校,三重県四日市市笹川６－２５,5100944,2020-12-22,,240148,
B124220220372,B1(小学校),24(三重),2(公),1(本),四日市市立楠小学校,三重県四日市市楠町北五味塚２０６０－９,5100103,2020-12-22,,241706,
B124220320013,B1(小学校),24(三重),2(公),1(本),伊勢市立進修小学校,三重県伊勢市宇治浦田２丁目１６番４３号,5160026,2020-12-22,,240201,
B124220320022,B1(小学校),24(三重),2(公),1(本),伊勢市立修道小学校,三重県伊勢市久世戸町５－１,5160015,2020-12-22,,240203,
B124220320031,B1(小学校),24(三重),2(公),1(本),伊勢市立有緝小学校,三重県伊勢市船江２－２－５,5160008,2020-12-22,,240204,
B124220320040,B1(小学校),24(三重),2(公),1(本),伊勢市立早修小学校,三重県伊勢市常磐３－１０－１９,5160041,2020-12-22,,240205,
B124220320059,B1(小学校),24(三重),2(公),1(本),伊勢市立中島小学校,三重県伊勢市二俣１－２－１７,5160064,2020-12-22,,240206,
B124220320068,B1(小学校),24(三重),2(公),1(本),伊勢市立明倫小学校,三重県伊勢市岡本１－１８－２１,5160036,2020-12-22,,240208,
B124220320077,B1(小学校),24(三重),2(公),1(本),伊勢市立厚生小学校,三重県伊勢市一志町１－４,5160075,2020-12-22,,240209,
B124220320086,B1(小学校),24(三重),2(公),9(廃),伊勢市立神社小学校,三重県伊勢市神社港２９４,5160004,2020-12-22,2021-05-27,240210,
B124220320095,B1(小学校),24(三重),2(公),9(廃),伊勢市立大湊小学校,三重県伊勢市大湊町１１１８－１９４,5160001,2020-12-22,2021-05-27,240211,
B124220320102,B1(小学校),24(三重),2(公),1(本),伊勢市立佐八小学校,三重県伊勢市佐八町２２７８－１２,5161102,2020-12-22,,240212,
B124220320111,B1(小学校),24(三重),2(公),1(本),伊勢市立宮山小学校,三重県伊勢市旭町３１９,5160045,2020-12-22,,240213,
B124220320120,B1(小学校),24(三重),2(公),1(本),伊勢市立浜郷小学校,三重県伊勢市黒瀬町１６４８－１,5160018,2020-12-22,,240214,
B124220320139,B1(小学校),24(三重),2(公),1(本),伊勢市立四郷小学校,三重県伊勢市楠部町２４８４,5160014,2020-12-22,,240215,
B124220320148,B1(小学校),24(三重),2(公),1(本),伊勢市立豊浜東小学校,三重県伊勢市東豊浜町２９９－１,5150502,2020-12-22,,240216,
B124220320157,B1(小学校),24(三重),2(公),1(本),伊勢市立豊浜西小学校,三重県伊勢市西豊浜町１７７９,5150505,2020-12-22,,240217,
B124220320166,B1(小学校),24(三重),2(公),1(本),伊勢市立北浜小学校,三重県伊勢市村松町３２８５－１,5150507,2020-12-22,,240218,
B124220320175,B1(小学校),24(三重),2(公),1(本),伊勢市立東大淀小学校,三重県伊勢市東大淀町３５１番地,5150509,2020-12-22,,240219,
B124220320184,B1(小学校),24(三重),2(公),1(本),伊勢市立城田小学校,三重県伊勢市上地町１４９４番地,5160051,2020-12-22,,240220,
B124220320193,B1(小学校),24(三重),2(公),1(本),伊勢市立上野小学校,三重県伊勢市上野町２８４１－２,5161104,2020-12-22,,240221,
B124220320200,B1(小学校),24(三重),2(公),1(本),伊勢市立二見浦小学校,三重県伊勢市二見町光の街９０７番地７,5190611,2020-12-22,,242305,
B124220320219,B1(小学校),24(三重),2(公),1(本),伊勢市立小俣小学校,三重県伊勢市小俣町元町６６３番地１,5190503,2020-12-22,,242308,
B124220320228,B1(小学校),24(三重),2(公),1(本),伊勢市立明野小学校,三重県伊勢市小俣町明野１９３９,5190501,2020-12-22,,242339,
B124220320237,B1(小学校),24(三重),2(公),1(本),伊勢市立御薗小学校,三重県伊勢市御薗町長屋１０７４－９,5160804,2020-12-22,,242335,
B124220320246,B1(小学校),24(三重),2(公),1(本),伊勢市立みなと小学校,三重県伊勢市大湊町１２８２番地,5160001,2021-05-27,,240222,
B124220420012,B1(小学校),24(三重),2(公),1(本),松阪市立第一小学校,三重県松阪市殿町１３４９－１,5150073,2020-12-22,,240301,
B124220420021,B1(小学校),24(三重),2(公),9(廃),松阪市立第一小学校市民病院分校,三重県松阪市殿町１５５０,5150073,2020-12-22,2024-05-01,240327,
B124220420030,B1(小学校),24(三重),2(公),1(本),松阪市立第二小学校,三重県松阪市垣鼻町６３３,5150033,2020-12-22,,240302,
B124220420049,B1(小学校),24(三重),2(公),1(本),松阪市立第三小学校,三重県松阪市西之庄町１５０,5150816,2020-12-22,,240303,
B124220420058,B1(小学校),24(三重),2(公),1(本),松阪市立第四小学校,三重県松阪市鎌田町４２８－４,5150005,2020-12-22,,240304,
B124220420067,B1(小学校),24(三重),2(公),1(本),松阪市立第五小学校,三重県松阪市久保町２７６,5150044,2020-12-22,,240305,
B124220420076,B1(小学校),24(三重),2(公),1(本),松阪市立幸小学校,三重県松阪市殿町１１９８－２,5150073,2020-12-22,,240306,
B124220420085,B1(小学校),24(三重),2(公),1(本),松阪市立松江小学校,三重県松阪市川井町３８０－１,5150818,2020-12-22,,240307,
B124220420094,B1(小学校),24(三重),2(公),1(本),松阪市立伊勢寺小学校,三重県松阪市伊勢寺町２６,5150845,2020-12-22,,240308,
B124220420101,B1(小学校),24(三重),2(公),1(本),松阪市立阿坂小学校,三重県松阪市小阿坂町３３２５,5152343,2020-12-22,,240309,
B124220420110,B1(小学校),24(三重),2(公),9(廃),松阪市立松ケ崎小学校,三重県松阪市松崎浦町７５１－２,5152132,2020-12-22,2026-05-01,240310,B124220420441
B124220420129,B1(小学校),24(三重),2(公),1(本),松阪市立港小学校,三重県松阪市荒木町１６,5150007,2020-12-22,,240311,
B124220420138,B1(小学校),24(三重),2(公),1(本),松阪市立東黒部小学校,三重県松阪市垣内田町６－１,5150118,2020-12-22,,240312,B124220420423
B124220420147,B1(小学校),24(三重),2(公),1(本),松阪市立西黒部小学校,三重県松阪市西黒部町７１３－１,5150103,2020-12-22,,240313,B124220420423
B124220420156,B1(小学校),24(三重),2(公),1(本),松阪市立機殿小学校,三重県松阪市六根町１６－１,5150127,2020-12-22,,240314,B124220420423
B124220420165,B1(小学校),24(三重),2(公),9(廃),松阪市立朝見小学校,三重県松阪市大宮田町１９５,5150024,2020-12-22,2026-05-01,240315,B124220420423
B124220420174,B1(小学校),24(三重),2(公),9(廃),松阪市立揥水小学校,三重県松阪市豊原町１１２０,5150205,2020-12-22,2026-05-01,240316,B124220420432
B124220420183,B1(小学校),24(三重),2(公),1(本),松阪市立漕代小学校,三重県松阪市目田町２０７,5150216,2020-12-22,,240317,B124220420432
B124220420192,B1(小学校),24(三重),2(公),1(本),松阪市立花岡小学校,三重県松阪市大黒田町７５７,5150063,2020-12-22,,240318,
B124220420209,B1(小学校),24(三重),2(公),1(本),松阪市立松尾小学校,三重県松阪市丹生寺町５６６,5150832,2020-12-22,,240320,
B124220420218,B1(小学校),24(三重),2(公),1(本),松阪市立大河内小学校,三重県松阪市矢津町１７７５,5151102,2020-12-22,,240321,
B124220420227,B1(小学校),24(三重),2(公),1(本),松阪市立南小学校,三重県松阪市小片野町９４５,5151204,2020-12-22,,240325,
B124220420236,B1(小学校),24(三重),2(公),1(本),松阪市立射和小学校,三重県松阪市射和町５５７－１,5192145,2020-12-22,,240326,
B124220420245,B1(小学校),24(三重),2(公),1(本),松阪市立山室山小学校,三重県松阪市光町１,5150051,2020-12-22,,240319,
B124220420254,B1(小学校),24(三重),2(公),1(本),松阪市立徳和小学校,三重県松阪市上川町１９７－４,5150041,2020-12-22,,240328,
B124220420263,B1(小学校),24(三重),2(公),1(本),松阪市立豊地小学校,三重県松阪市嬉野堀之内町２２９,5152353,2020-12-22,,242019,
B124220420272,B1(小学校),24(三重),2(公),1(本),松阪市立中川小学校,三重県松阪市嬉野中川町１０５７,5152321,2020-12-22,,242020,
B124220420281,B1(小学校),24(三重),2(公),1(本),松阪市立豊田小学校,三重県松阪市嬉野川北町１３３８－２,5152316,2020-12-22,,242021,
B124220420290,B1(小学校),24(三重),2(公),1(本),松阪市立中原小学校,三重県松阪市嬉野田村町４４,5152333,2020-12-22,,242024,
B124220420307,B1(小学校),24(三重),2(公),1(本),松阪市立天白小学校,三重県松阪市曽原町７７４,5152112,2020-12-22,,242035,
B124220420316,B1(小学校),24(三重),2(公),1(本),松阪市立鵲小学校,三重県松阪市笠松町２７９番地,5152103,2020-12-22,,242036,
B124220420325,B1(小学校),24(三重),2(公),1(本),松阪市立小野江小学校,三重県松阪市小野江町３５５,5152109,2020-12-22,,242037,
B124220420334,B1(小学校),24(三重),2(公),9(廃),松阪市立米ノ庄小学校,三重県松阪市市場庄町２０番地,5152121,2020-12-22,2026-05-01,242038,B124220420441
B124220420343,B1(小学校),24(三重),2(公),1(本),松阪市立仁柿小学校,三重県松阪市飯南町上仁柿１９４,5151304,2020-12-22,,242101,
B124220420352,B1(小学校),24(三重),2(公),1(本),松阪市立有間野小学校,三重県松阪市飯南町有間野１０６４,5151413,2020-12-22,,242105,
B124220420361,B1(小学校),24(三重),2(公),1(本),松阪市立柿野小学校,三重県松阪市飯南町深野３６８８,5151301,2020-12-22,,242103,
B124220420370,B1(小学校),24(三重),2(公),1(本),松阪市立粥見小学校,三重県松阪市飯南町粥見３９６９,5151411,2020-12-22,,242104,
B124220420389,B1(小学校),24(三重),2(公),1(本),松阪市立香肌小学校,三重県松阪市飯高町森１８１０－２,5151615,2020-12-22,,242109,
B124220420398,B1(小学校),24(三重),2(公),1(本),松阪市立宮前小学校,三重県松阪市飯高町宮前１０２２,5151502,2020-12-22,,242113,
B124220420405,B1(小学校),24(三重),2(公),1(本),松阪市立波瀬小学校,三重県松阪市飯高町波瀬６７５,5151725,2020-12-22,,242115,
B124220420414,B1(小学校),24(三重),2(公),1(本),松阪市立川俣小学校,三重県松阪市飯高町粟野４８１,5151613,2020-12-22,,242116,
B124220420423,B1(小学校),24(三重),2(公),1(本),松阪市立東部北小学校,三重県松阪市大宮田町１９５,5150024,2026-05-01,,,
B124220420432,B1(小学校),24(三重),2(公),1(本),松阪市立東部南小学校,三重県松阪市豊原町１１２０,5150205,2026-05-01,,,
B124220420441,B1(小学校),24(三重),2(公),1(本),松阪市立よねのしょう小学校,三重県松阪市市場庄町２０,5152121,2026-05-01,,,
B124220520011,B1(小学校),24(三重),2(公),1(本),桑名市立日進小学校,三重県桑名市新屋敷１２６,5110043,2020-12-22,,240401,
B124220520020,B1(小学校),24(三重),2(公),1(本),桑名市立精義小学校,三重県桑名市寿町３－２８,5110061,2020-12-22,,240402,
B124220520039,B1(小学校),24(三重),2(公),1(本),桑名市立立教小学校,三重県桑名市吉之丸１０番地,5110032,2020-12-22,,240403,
B124220520048,B1(小学校),24(三重),2(公),1(本),桑名市立城東小学校,三重県桑名市大字小貝須１８８３－２,5110841,2020-12-22,,240404,
B124220520057,B1(小学校),24(三重),2(公),1(本),桑名市立益世小学校,三重県桑名市益生町５９,5110831,2020-12-22,,240405,
B124220520066,B1(小学校),24(三重),2(公),1(本),桑名市立修徳小学校,三重県桑名市東方３０２番地５,5110811,2020-12-22,,240406,
B124220520075,B1(小学校),24(三重),2(公),1(本),桑名市立大成小学校,三重県桑名市東方２１５７,5110811,2020-12-22,,240407,
B124220520084,B1(小学校),24(三重),2(公),1(本),桑名市立桑部小学校,三重県桑名市桑部４７９－１,5110923,2020-12-22,,240408,
B124220520093,B1(小学校),24(三重),2(公),1(本),桑名市立在良小学校,三重県桑名市蓮花寺１２９－２,5110854,2020-12-22,,240409,
B124220520100,B1(小学校),24(三重),2(公),1(本),桑名市立七和小学校,三重県桑名市芳ヶ崎１２３２－２,5110944,2020-12-22,,240410,
B124220520119,B1(小学校),24(三重),2(公),1(本),桑名市立深谷小学校,三重県桑名市下深谷部３６８３－１,5110808,2020-12-22,,240411,
B124220520128,B1(小学校),24(三重),2(公),1(本),桑名市立久米小学校,三重県桑名市志知３８４６－１,5110937,2020-12-22,,240412,
B124220520137,B1(小学校),24(三重),2(公),1(本),桑名市立城南小学校,三重県桑名市和泉２６９－１,5110838,2020-12-22,,240413,
B124220520146,B1(小学校),24(三重),2(公),1(本),桑名市立大和小学校,三重県桑名市大字播磨７７０番地,5110862,2020-12-22,,240414,
B124220520155,B1(小学校),24(三重),2(公),1(本),桑名市立大山田東小学校,三重県桑名市筒尾８－１１－１,5110901,2020-12-22,,240415,
B124220520164,B1(小学校),24(三重),2(公),1(本),桑名市立大山田北小学校,三重県桑名市大山田６丁目８番地,5110903,2020-12-22,,240416,
B124220520173,B1(小学校),24(三重),2(公),1(本),桑名市立大山田西小学校,三重県桑名市野田二丁目８番地,5110904,2020-12-22,,240417,
B124220520182,B1(小学校),24(三重),2(公),1(本),桑名市立大山田南小学校,三重県桑名市松ノ木６－１１－１,5110902,2020-12-22,,240418,
B124220520191,B1(小学校),24(三重),2(公),1(本),桑名市立藤が丘小学校,三重県桑名市藤が丘６－１０９－１,5110865,2020-12-22,,240419,
B124220520208,B1(小学校),24(三重),2(公),1(本),桑名市立星見ヶ丘小学校,三重県桑名市星見ヶ丘８－５０１,5110912,2020-12-22,,240420,
B124220520217,B1(小学校),24(三重),2(公),9(廃),桑名市立多度東小学校,三重県桑名市多度町下野代９５５,5110117,2020-12-22,2026-05-01,241501,C224220540014
B124220520226,B1(小学校),24(三重),2(公),9(廃),桑名市立多度中小学校,三重県桑名市多度町小山２０６０,5110105,2020-12-22,2026-05-01,241504,C224220540014
B124220520235,B1(小学校),24(三重),2(公),9(廃),桑名市立多度北小学校,三重県桑名市多度町香取２２０２,5110102,2020-12-22,2026-05-01,241505,C224220540014
B124220520244,B1(小学校),24(三重),2(公),9(廃),桑名市立多度青葉小学校,三重県桑名市多度町力尾２３０４－２,5110125,2020-12-22,2026-05-01,241510,C224220540014
B124220520253,B1(小学校),24(三重),2(公),1(本),桑名市立長島北部小学校,三重県桑名市長島町西川４２３,5111102,2020-12-22,,241506,
B124220520262,B1(小学校),24(三重),2(公),1(本),桑名市立長島中部小学校,三重県桑名市長島町西外面２１８８,5111143,2020-12-22,,241507,
B124220520271,B1(小学校),24(三重),2(公),1(本),桑名市立伊曽島小学校,三重県桑名市長島町福吉５６７,5111137,2020-12-22,,241508,
B124220520280,B1(小学校),24(三重),2(公),2(分),桑名市立伊曽島小学校悠分校,三重県桑名市横満蔵５６８番地３,5111133,2020-12-22,,241511,
B124220720019,B1(小学校),24(三重),2(公),1(本),鈴鹿市立国府小学校,三重県鈴鹿市国府町２３７３－１,5130836,2020-12-22,,240601,
B124220720028,B1(小学校),24(三重),2(公),1(本),鈴鹿市立庄野小学校,三重県鈴鹿市庄野東２－５－３５,5130832,2020-12-22,,240602,
B124220720037,B1(小学校),24(三重),2(公),1(本),鈴鹿市立加佐登小学校,三重県鈴鹿市高塚町１０６９番地,5130011,2020-12-22,,240603,
B124220720046,B1(小学校),24(三重),2(公),1(本),鈴鹿市立牧田小学校,三重県鈴鹿市岡田１－２９－１,5130027,2020-12-22,,240604,
B124220720055,B1(小学校),24(三重),2(公),1(本),鈴鹿市立石薬師小学校,三重県鈴鹿市石薬師町１７１３番地,5130012,2020-12-22,,240605,
B124220720064,B1(小学校),24(三重),2(公),1(本),鈴鹿市立白子小学校,三重県鈴鹿市白子１－１２－１２,5100243,2020-12-22,,240606,
B124220720073,B1(小学校),24(三重),2(公),1(本),鈴鹿市立愛宕小学校,三重県鈴鹿市東江島町２３－１５,5100233,2020-12-22,,240607,
B124220720082,B1(小学校),24(三重),2(公),1(本),鈴鹿市立稲生小学校,三重県鈴鹿市稲生３－１０－１,5100205,2020-12-22,,240608,
B124220720091,B1(小学校),24(三重),2(公),1(本),鈴鹿市立飯野小学校,三重県鈴鹿市三日市南二丁目１番７号,5130804,2020-12-22,,240609,
B124220720108,B1(小学校),24(三重),2(公),1(本),鈴鹿市立河曲小学校,三重県鈴鹿市十宮町７１９番地の２,5130038,2020-12-22,,240610,
B124220720117,B1(小学校),24(三重),2(公),1(本),鈴鹿市立一ノ宮小学校,三重県鈴鹿市一ノ宮町５５７,5130031,2020-12-22,,240611,
B124220720126,B1(小学校),24(三重),2(公),1(本),鈴鹿市立長太小学校,三重県鈴鹿市長太旭町５－４－５,5130042,2020-12-22,,240612,
B124220720135,B1(小学校),24(三重),2(公),1(本),鈴鹿市立箕田小学校,三重県鈴鹿市南堀江１－１－１,5130046,2020-12-22,,240613,
B124220720144,B1(小学校),24(三重),2(公),1(本),鈴鹿市立若松小学校,三重県鈴鹿市若松中１－４－１,5100224,2020-12-22,,240614,
B124220720153,B1(小学校),24(三重),2(公),1(本),鈴鹿市立玉垣小学校,三重県鈴鹿市北玉垣町９４７,5130813,2020-12-22,,240615,
B124220720162,B1(小学校),24(三重),2(公),1(本),鈴鹿市立神戸小学校,三重県鈴鹿市神戸二丁目１２－１０,5130801,2020-12-22,,240616,
B124220720171,B1(小学校),24(三重),2(公),9(廃),鈴鹿市立合川小学校,三重県鈴鹿市三宅町３６９４－２,5100265,2020-12-22,2026-05-01,240617,B124220720313
B124220720180,B1(小学校),24(三重),2(公),9(廃),鈴鹿市立天名小学校,三重県鈴鹿市御薗町２５００,5100261,2020-12-22,2026-05-01,240618,B124220720313
B124220720199,B1(小学校),24(三重),2(公),1(本),鈴鹿市立栄小学校,三重県鈴鹿市五祝町１８４５－２,5100252,2020-12-22,,240619,
B124220720206,B1(小学校),24(三重),2(公),1(本),鈴鹿市立鈴西小学校,三重県鈴鹿市深溝町３１７２－１,5190321,2020-12-22,,240620,
B124220720215,B1(小学校),24(三重),2(公),1(本),鈴鹿市立椿小学校,三重県鈴鹿市山本町７５０,5190315,2020-12-22,,240621,
B124220720224,B1(小学校),24(三重),2(公),1(本),鈴鹿市立旭が丘小学校,三重県鈴鹿市東旭が丘五丁目３－１８,5100211,2020-12-22,,240622,
B124220720233,B1(小学校),24(三重),2(公),1(本),鈴鹿市立深伊沢小学校,三重県鈴鹿市伊船町１６９３,5190323,2020-12-22,,240623,
B124220720242,B1(小学校),24(三重),2(公),1(本),鈴鹿市立庄内小学校,三重県鈴鹿市東庄内町２４５８ー１,5190272,2020-12-22,,240624,
B124220720251,B1(小学校),24(三重),2(公),1(本),鈴鹿市立井田川小学校,三重県鈴鹿市和泉町８１４番地,5130006,2020-12-22,,240625,
B124220720260,B1(小学校),24(三重),2(公),1(本),鈴鹿市立鼓ヶ浦小学校,三重県鈴鹿市寺家１－４１－１,5100254,2020-12-22,,240626,
B124220720279,B1(小学校),24(三重),2(公),1(本),鈴鹿市立桜島小学校,三重県鈴鹿市桜島町４－１２,5130817,2020-12-22,,240627,
B124220720288,B1(小学校),24(三重),2(公),1(本),鈴鹿市立明生小学校,三重県鈴鹿市大池二丁目１３番１号,5130827,2020-12-22,,240628,
B124220720297,B1(小学校),24(三重),2(公),1(本),鈴鹿市立清和小学校,三重県鈴鹿市算所５－２１－１２,5130806,2020-12-22,,240629,
B124220720304,B1(小学校),24(三重),2(公),9(廃),鈴鹿市立郡山小学校,三重県鈴鹿市郡山町７１０－６,5100263,2020-12-22,2026-05-01,240630,B124220720313
B124220720313,B1(小学校),24(三重),2(公),1(本),鈴鹿市立天栄小学校,三重県鈴鹿市郡山町７１０番地の６,5100263,2026-05-01,,,
B124220820018,B1(小学校),24(三重),2(公),1(本),名張市立名張小学校,三重県名張市丸之内５５,5180718,2020-12-22,,240701,
B124220820027,B1(小学校),24(三重),2(公),1(本),名張市立蔵持小学校,三重県名張市蔵持町原出３３８,5180752,2020-12-22,,240702,
B124220820036,B1(小学校),24(三重),2(公),1(本),名張市立桔梗が丘小学校,三重県名張市桔梗が丘３－２－６７,5180623,2020-12-22,,240714,
B124220820045,B1(小学校),24(三重),2(公),1(本),名張市立薦原小学校,三重県名張市薦生１５９５,5180606,2020-12-22,,240704,
B124220820054,B1(小学校),24(三重),2(公),1(本),名張市立比奈知小学校,三重県名張市下比奈知１４２２,5180413,2020-12-22,,240706,
B124220820063,B1(小学校),24(三重),2(公),1(本),名張市立美旗小学校,三重県名張市新田１１７－２,5180611,2020-12-22,,240708,
B124220820072,B1(小学校),24(三重),2(公),1(本),名張市立箕曲小学校,三重県名張市夏見３５１,5180441,2020-12-22,,240709,
B124220820081,B1(小学校),24(三重),2(公),1(本),名張市立錦生赤目小学校,三重県名張市赤目町檀１１６番地,5180463,2020-12-22,,240710,
B124220820090,B1(小学校),24(三重),2(公),1(本),名張市立桔梗が丘南小学校,三重県名張市桔梗が丘５－１２－３８,5180625,2020-12-22,,240715,
B124220820107,B1(小学校),24(三重),2(公),1(本),名張市立桔梗が丘東小学校,三重県名張市桔梗が丘７－１－８６,5180627,2020-12-22,,240716,
B124220820116,B1(小学校),24(三重),2(公),1(本),名張市立つつじが丘小学校,三重県名張市つつじが丘北３－５,5180433,2020-12-22,,240717,
B124220820125,B1(小学校),24(三重),2(公),1(本),名張市立すずらん台小学校,三重県名張市すずらん台東３－２１９,5180403,2020-12-22,,240718,
B124220820134,B1(小学校),24(三重),2(公),1(本),名張市立梅が丘小学校,三重県名張市梅が丘北１－３４０,5180746,2020-12-22,,240719,
B124220820143,B1(小学校),24(三重),2(公),1(本),名張市立百合が丘小学校,三重県名張市百合が丘東９－１,5180479,2020-12-22,,240720,
B124220920017,B1(小学校),24(三重),2(公),1(本),尾鷲市立尾鷲小学校,三重県尾鷲市中村町４－５８,5193616,2020-12-22,,240801,
B124220920026,B1(小学校),24(三重),2(公),1(本),尾鷲市立宮之上小学校,三重県尾鷲市宮ノ上町６－４８,5193663,2020-12-22,,240802,
B124220920035,B1(小学校),24(三重),2(公),1(本),尾鷲市立矢浜小学校,三重県尾鷲市矢浜２－３－５２,5193671,2020-12-22,,240803,
B124220920044,B1(小学校),24(三重),2(公),1(本),尾鷲市立向井小学校,三重県尾鷲市大字向井１３４－１２,5193625,2020-12-22,,240804,
B124220920053,B1(小学校),24(三重),2(公),1(本),尾鷲市立須賀利小学校,三重県尾鷲市須賀利町１０７,5193421,2020-12-22,,240805,
B124220920062,B1(小学校),24(三重),2(公),1(本),尾鷲市立九鬼小学校,三重県尾鷲市九鬼町３７４－１,5193701,2020-12-22,,240806,
B124220920071,B1(小学校),24(三重),2(公),9(廃),尾鷲市立三木小学校,三重県尾鷲市三木浦町３９１,5193814,2020-12-22,2021-05-27,240808,
B124220920080,B1(小学校),24(三重),2(公),9(廃),尾鷲市立三木里小学校,三重県尾鷲市三木里町６３８,5193811,2020-12-22,2021-05-27,240809,
B124220920099,B1(小学校),24(三重),2(公),1(本),尾鷲市立賀田小学校,三重県尾鷲市賀田町３１９,5193921,2020-12-22,,240811,
B124220920106,B1(小学校),24(三重),2(公),1(本),尾鷲市立梶賀小学校,三重県尾鷲市梶賀町３３３,5193923,2020-12-22,,240813,
B124221020014,B1(小学校),24(三重),2(公),1(本),亀山市立亀山西小学校,三重県亀山市本丸町５８５番地,5190152,2020-12-22,,240901,
B124221020023,B1(小学校),24(三重),2(公),1(本),亀山市立亀山東小学校,三重県亀山市本町１－９－９,5190116,2020-12-22,,240902,
B124221020032,B1(小学校),24(三重),2(公),1(本),亀山市立昼生小学校,三重県亀山市中庄町１４０５,5190134,2020-12-22,,240903,
B124221020041,B1(小学校),24(三重),2(公),1(本),亀山市立川崎小学校,三重県亀山市能褒野町７７－２２,5190212,2020-12-22,,240904,
B124221020050,B1(小学校),24(三重),2(公),1(本),亀山市立野登小学校,三重県亀山市両尾町２１２４,5190222,2020-12-22,,240905,
B124221020069,B1(小学校),24(三重),2(公),1(本),亀山市立白川小学校,三重県亀山市白木町２７３９番地,5190169,2020-12-22,,240907,
B124221020078,B1(小学校),24(三重),2(公),1(本),亀山市立神辺小学校,三重県亀山市太岡寺町１３１０,5190168,2020-12-22,,240908,
B124221020087,B1(小学校),24(三重),2(公),1(本),亀山市立井田川小学校,三重県亀山市みどり町５２番地,5190106,2020-12-22,,240910,
B124221020096,B1(小学校),24(三重),2(公),1(本),亀山市立亀山南小学校,三重県亀山市天神３－１０－２５,5190142,2020-12-22,,240911,
B124221020103,B1(小学校),24(三重),2(公),1(本),亀山市立関小学校,三重県亀山市関町木崎１４１６番地,5191107,2020-12-22,,241801,
B124221020112,B1(小学校),24(三重),2(公),1(本),亀山市立加太小学校,三重県亀山市加太板屋４５６９,5191129,2020-12-22,,241803,
B124221120013,B1(小学校),24(三重),2(公),1(本),鳥羽市立鳥羽小学校,三重県鳥羽市堅神町８０５－２,5170014,2020-12-22,,241001,
B124221120022,B1(小学校),24(三重),2(公),1(本),鳥羽市立答志小学校,三重県鳥羽市答志町９４１－１,5170002,2020-12-22,,241005,
B124221120031,B1(小学校),24(三重),2(公),1(本),鳥羽市立神島小学校,三重県鳥羽市神島町３５８－３,5170001,2020-12-22,,241006,
B124221120040,B1(小学校),24(三重),2(公),1(本),鳥羽市立菅島小学校,三重県鳥羽市菅島町１－２,5170004,2020-12-22,,241007,
B124221120059,B1(小学校),24(三重),2(公),1(本),鳥羽市立加茂小学校,三重県鳥羽市岩倉２７－１,5170041,2020-12-22,,241008,
B124221120068,B1(小学校),24(三重),2(公),1(本),鳥羽市立安楽島小学校,三重県鳥羽市安楽島町３７７,5170021,2020-12-22,,241009,
B124221120077,B1(小学校),24(三重),2(公),9(廃),鳥羽市立鏡浦小学校,三重県鳥羽市浦村町１７４４－１,5170025,2020-12-22,2021-05-27,241010,
B124221120086,B1(小学校),24(三重),2(公),1(本),鳥羽市立弘道小学校,三重県鳥羽市相差町１０１４,5170032,2020-12-22,,241011,
B124221220012,B1(小学校),24(三重),2(公),1(本),熊野市立荒坂小学校,三重県熊野市ニ木島町７２９,5194204,2020-12-22,,241101,
B124221220021,B1(小学校),24(三重),2(公),2(分),熊野市立荒坂小学校甫母分校,三重県熊野市甫母町３６４,5194202,2020-12-22,,241102,
B124221220030,B1(小学校),24(三重),2(公),1(本),熊野市立遊木小学校,三重県熊野市遊木町１０８,5194205,2020-12-22,,241104,
B124221220049,B1(小学校),24(三重),2(公),1(本),熊野市立新鹿小学校,三重県熊野市新鹿町９１６－４,5194206,2020-12-22,,241105,
B124221220058,B1(小学校),24(三重),2(公),2(分),熊野市立新鹿小学校波田須分校,三重県熊野市波田須町６０２,5194207,2020-12-22,,241110,
B124221220067,B1(小学校),24(三重),2(公),1(本),熊野市立木本小学校,三重県熊野市木本町３４９－１０,5194323,2020-12-22,,241108,
B124221220076,B1(小学校),24(三重),2(公),1(本),熊野市立井戸小学校,三重県熊野市井戸町２３８,5194324,2020-12-22,,241109,
B124221220085,B1(小学校),24(三重),2(公),1(本),熊野市立有馬小学校,三重県熊野市有馬町５３０,5194325,2020-12-22,,241111,
B124221220094,B1(小学校),24(三重),2(公),1(本),熊野市立金山小学校,三重県熊野市金山町２３７０－２,5194327,2020-12-22,,241112,
B124221220101,B1(小学校),24(三重),2(公),1(本),熊野市立育生小学校,三重県熊野市育生町尾川４１,5194447,2020-12-22,,241113,
B124221220110,B1(小学校),24(三重),2(公),2(分),熊野市立育生小学校赤倉分校,三重県熊野市赤倉５３８,5194446,2020-12-22,,241114,
B124221220129,B1(小学校),24(三重),2(公),1(本),熊野市立神上小学校,三重県熊野市神川町神上６３,5194442,2020-12-22,,241115,
B124221220138,B1(小学校),24(三重),2(公),2(分),熊野市立神上小学校青柳分校,三重県熊野市神川町柳谷２６５,5194443,2020-12-22,,241116,
B124221220147,B1(小学校),24(三重),2(公),1(本),熊野市立五郷小学校,三重県熊野市五郷町桃崎１６９８番地１,5194671,2020-12-22,,241117,
B124221220156,B1(小学校),24(三重),2(公),1(本),熊野市立飛鳥小学校,三重県熊野市飛鳥町野口３７５,5194565,2020-12-22,,241121,
B124221220165,B1(小学校),24(三重),2(公),1(本),熊野市立上川小学校,三重県熊野市紀和町楊枝２,6471325,2020-12-22,,242815,
B124221220174,B1(小学校),24(三重),2(公),1(本),熊野市立入鹿小学校,三重県熊野市紀和町大栗須１,5195412,2020-12-22,,242818,
B124221220183,B1(小学校),24(三重),2(公),2(分),熊野市立入鹿小学校西山分校,三重県熊野市紀和町長尾８５０,5195403,2020-12-22,,242821,
B124221220192,B1(小学校),24(三重),2(公),1(本),熊野市立矢ノ川小学校,三重県熊野市紀和町矢ノ川４５５,5195406,2020-12-22,,242820,
B124221420010,B1(小学校),24(三重),2(公),1(本),いなべ市立阿下喜小学校,三重県いなべ市北勢町阿下喜２５６２－１,5110428,2020-12-22,,241601,
B124221420029,B1(小学校),24(三重),2(公),1(本),いなべ市立治田小学校,三重県いなべ市北勢町東村３０－１,5110432,2020-12-22,,241602,
B124221420038,B1(小学校),24(三重),2(公),1(本),いなべ市立十社小学校,三重県いなべ市北勢町畑毛６３４,5110413,2020-12-22,,241603,
B124221420047,B1(小学校),24(三重),2(公),1(本),いなべ市立山郷小学校,三重県いなべ市北勢町大辻新田２７６,5110425,2020-12-22,,241606,
B124221420056,B1(小学校),24(三重),2(公),1(本),いなべ市立員弁西小学校,三重県いなべ市員弁町笠田新田６０７,5110205,2020-12-22,,241607,
B124221420065,B1(小学校),24(三重),2(公),1(本),いなべ市立員弁東小学校,三重県いなべ市員弁町大泉１２０１番地,5110224,2020-12-22,,241609,
B124221420074,B1(小学校),24(三重),2(公),1(本),いなべ市立笠間小学校,三重県いなべ市大安町門前５６１,5110281,2020-12-22,,241610,
B124221420083,B1(小学校),24(三重),2(公),1(本),いなべ市立三里小学校,三重県いなべ市大安町平塚１２４７,5110273,2020-12-22,,241611,
B124221420092,B1(小学校),24(三重),2(公),1(本),いなべ市立石榑小学校,三重県いなべ市大安町石榑南６１１,5110266,2020-12-22,,241612,
B124221420109,B1(小学校),24(三重),2(公),1(本),いなべ市立丹生川小学校,三重県いなべ市大安町丹生川中１１８９,5110262,2020-12-22,,241613,
B124221420118,B1(小学校),24(三重),2(公),1(本),いなべ市立藤原小学校,三重県いなべ市藤原町市場４９１,5110511,2020-12-22,,242824,
B124221520019,B1(小学校),24(三重),2(公),1(本),志摩市立浜島小学校,三重県志摩市浜島町１１１２番地,5170404,2020-12-22,,242600,
B124221520028,B1(小学校),24(三重),2(公),1(本),志摩市立大王小学校,三重県志摩市大王町波切８７７－３,5170603,2020-12-22,,242605,
B124221520037,B1(小学校),24(三重),2(公),1(本),志摩市立志摩小学校,三重県志摩市志摩町和具３１４番地１,5170703,2020-12-22,,242610,
B124221520046,B1(小学校),24(三重),2(公),1(本),志摩市立鵜方小学校,三重県志摩市阿児町鵜方１７７５,5170501,2020-12-22,,242614,
B124221520055,B1(小学校),24(三重),2(公),1(本),志摩市立神明小学校,三重県志摩市阿児町神明５２２－１,5170502,2020-12-22,,242615,
B124221520064,B1(小学校),24(三重),2(公),1(本),志摩市立東海小学校,三重県志摩市阿児町甲賀１５１８,5170505,2020-12-22,,242622,
B124221520073,B1(小学校),24(三重),2(公),1(本),志摩市立磯部小学校,三重県志摩市磯部町恵利原１２７５,5170209,2020-12-22,,242621,
B124221620018,B1(小学校),24(三重),2(公),1(本),伊賀市立上野東小学校,三重県伊賀市緑ケ丘中町４３５２番地,5180834,2020-12-22,,240501,
B124221620027,B1(小学校),24(三重),2(公),1(本),伊賀市立上野西小学校,三重県伊賀市上野丸之内１１２,5180873,2020-12-22,,240502,
B124221620036,B1(小学校),24(三重),2(公),1(本),伊賀市立久米小学校,三重県伊賀市久米町５４４番地,5180843,2020-12-22,,240503,
B124221620045,B1(小学校),24(三重),2(公),1(本),伊賀市立上野北小学校,三重県伊賀市西高倉３１４６,5180025,2020-12-22,,240506,
B124221620054,B1(小学校),24(三重),2(公),1(本),伊賀市立府中小学校,三重県伊賀市東条８８,5180013,2020-12-22,,240508,
B124221620063,B1(小学校),24(三重),2(公),1(本),伊賀市立中瀬小学校,三重県伊賀市西明寺１０５,5180809,2020-12-22,,240509,
B124221620072,B1(小学校),24(三重),2(公),1(本),伊賀市立友生小学校,三重県伊賀市ゆめが丘２－１１,5180131,2020-12-22,,240510,
B124221620081,B1(小学校),24(三重),2(公),9(廃),伊賀市立依那古小学校,三重県伊賀市沖２６５番地,5180103,2020-12-22,2023-05-01,240516,B124221620223
B124221620090,B1(小学校),24(三重),2(公),9(廃),伊賀市立比自岐小学校,三重県伊賀市比自岐５１２番地,5180105,2020-12-22,2023-05-01,240517,B124221620223
B124221620107,B1(小学校),24(三重),2(公),9(廃),伊賀市立神戸小学校,三重県伊賀市上神戸４０,5180116,2020-12-22,2023-05-01,240518,B124221620223
B124221620116,B1(小学校),24(三重),2(公),1(本),伊賀市立成和東小学校,三重県伊賀市猪田１３５０番地,5180123,2020-12-22,,240523,
B124221620125,B1(小学校),24(三重),2(公),1(本),伊賀市立成和西小学校,三重県伊賀市大内６２４番地,5180034,2020-12-22,,240522,
B124221620134,B1(小学校),24(三重),2(公),1(本),伊賀市立三訪小学校,三重県伊賀市三田１６５２番地,5180022,2020-12-22,,240521,
B124221620143,B1(小学校),24(三重),2(公),1(本),伊賀市立柘植小学校,三重県伊賀市柘植町２３４３,5191402,2020-12-22,,242401,
B124221620152,B1(小学校),24(三重),2(公),1(本),伊賀市立西柘植小学校,三重県伊賀市大字新堂１６０番地,5191416,2020-12-22,,242402,
B124221620161,B1(小学校),24(三重),2(公),1(本),伊賀市立壬生野小学校,三重県伊賀市川東１７８６－３,5191424,2020-12-22,,242403,
B124221620170,B1(小学校),24(三重),2(公),1(本),伊賀市立島ヶ原小学校,三重県伊賀市島ヶ原５１４－２,5191711,2020-12-22,,242407,
B124221620189,B1(小学校),24(三重),2(公),9(廃),伊賀市立玉滝小学校,三重県伊賀市玉滝９５３６－２,5181322,2020-12-22,2021-05-27,242405,
B124221620198,B1(小学校),24(三重),2(公),1(本),伊賀市立阿山小学校,三重県伊賀市馬場１０４５番地,5181313,2020-12-22,,240524,
B124221620205,B1(小学校),24(三重),2(公),1(本),伊賀市立大山田小学校,三重県伊賀市平田２５,5181422,2020-12-22,,242410,
B124221620214,B1(小学校),24(三重),2(公),1(本),伊賀市立青山小学校,三重県伊賀市阿保１７８９,5180226,2020-12-22,,242505,
B124221620223,B1(小学校),24(三重),2(公),1(本),伊賀市立上野南小学校,三重県伊賀市沖２６５番地,5180103,2023-05-01,,,
B124230320012,B1(小学校),24(三重),2(公),1(本),木曽岬町立木曽岬小学校,三重県桑名郡木曽岬町大字田代１６０,4980819,2020-12-22,,241509,
B124232420017,B1(小学校),24(三重),2(公),1(本),東員町立三和小学校,三重県員弁郡東員町長深７００,5110255,2020-12-22,,241614,
B124232420026,B1(小学校),24(三重),2(公),1(本),東員町立稲部小学校,三重県員弁郡東員町大木９４４,5110244,2020-12-22,,241615,
B124232420035,B1(小学校),24(三重),2(公),1(本),東員町立神田小学校,三重県員弁郡東員町六把野新田１００,5110242,2020-12-22,,241616,
B124232420044,B1(小学校),24(三重),2(公),1(本),東員町立笹尾西小学校,三重県員弁郡東員町笹尾西２－１－１,5110231,2020-12-22,,241622,
B124232420053,B1(小学校),24(三重),2(公),1(本),東員町立笹尾東小学校,三重県員弁郡東員町笹尾東４丁目２８番地,5110232,2020-12-22,,241623,
B124232420062,B1(小学校),24(三重),2(公),1(本),東員町立城山小学校,三重県員弁郡東員町城山１－４８,5110233,2020-12-22,,241624,
B124234120016,B1(小学校),24(三重),2(公),1(本),菰野町立菰野小学校,三重県三重郡菰野町菰野１４９０,5101233,2020-12-22,,241701,
B124234120025,B1(小学校),24(三重),2(公),1(本),菰野町立千種小学校,三重県三重郡菰野町千草３８６１,5101251,2020-12-22,,241702,
B124234120034,B1(小学校),24(三重),2(公),1(本),菰野町立朝上小学校,三重県三重郡菰野町田光６６,5101324,2020-12-22,,241703,
B124234120043,B1(小学校),24(三重),2(公),1(本),菰野町立鵜川原小学校,三重県三重郡菰野町大強原９１３,5101222,2020-12-22,,241704,
B124234120052,B1(小学校),24(三重),2(公),1(本),菰野町立竹永小学校,三重県三重郡菰野町竹成２５９３－５,5101312,2020-12-22,,241705,
B124234320014,B1(小学校),24(三重),2(公),1(本),朝日町立朝日小学校,三重県三重郡朝日町大字柿７５０,5108103,2020-12-22,,241707,
B124234420013,B1(小学校),24(三重),2(公),1(本),川越町立川越北小学校,三重県三重郡川越町豊田一色６９,5108123,2020-12-22,,241708,
B124234420022,B1(小学校),24(三重),2(公),1(本),川越町立川越南小学校,三重県三重郡川越町大字高松２５８番地,5108121,2020-12-22,,241709,
B124244120015,B1(小学校),24(三重),2(公),1(本),多気町立相可小学校,三重県多気郡多気町兄国４６４,5192159,2020-12-22,,242201,
B124244120024,B1(小学校),24(三重),2(公),1(本),多気町立佐奈小学校,三重県多気郡多気町仁田１２０,5192179,2020-12-22,,242202,
B124244120033,B1(小学校),24(三重),2(公),1(本),多気町立津田小学校,三重県多気郡多気町井内林１３８,5192186,2020-12-22,,242203,
B124244120042,B1(小学校),24(三重),2(公),1(本),多気町立外城田小学校,三重県多気郡多気町森荘５３４－１,5192164,2020-12-22,,242204,
B124244120051,B1(小学校),24(三重),2(公),1(本),多気町立勢和小学校,三重県多気郡多気町片野２３４３,5192203,2020-12-22,,242226,
B124244220014,B1(小学校),24(三重),2(公),9(廃),明和町立上御糸小学校,三重県多気郡明和町佐田２０３８ー２,5150331,2020-12-22,2026-05-01,242205,B124244220078
B124244220023,B1(小学校),24(三重),2(公),9(廃),明和町立下御糸小学校,三重県多気郡明和町内座３６７,5150343,2020-12-22,2026-05-01,242206,B124244220078
B124244220032,B1(小学校),24(三重),2(公),9(廃),明和町立大淀小学校,三重県多気郡明和町大淀２８７３－１,5150302,2020-12-22,2026-05-01,242207,B124244220078
B124244220041,B1(小学校),24(三重),2(公),1(本),明和町立斎宮小学校,三重県多気郡明和町斎宮３３８５－２,5150321,2020-12-22,,242208,
B124244220050,B1(小学校),24(三重),2(公),1(本),明和町立明星小学校,三重県多気郡明和町明星１５４７,5150313,2020-12-22,,242209,
B124244220069,B1(小学校),24(三重),2(公),9(廃),明和町立修正小学校,三重県多気郡明和町有爾中８１６－１,5150316,2020-12-22,2023-05-01,242210,
B124244220078,B1(小学校),24(三重),2(公),1(本),明和町立明和北小学校,三重県多気郡明和町大字馬之上９０２番地１,5150332,2026-05-01,,,
B124244320013,B1(小学校),24(三重),2(公),1(本),大台町立日進小学校,三重県多気郡大台町新田２７８,5192423,2020-12-22,,242211,
B124244320022,B1(小学校),24(三重),2(公),1(本),大台町立川添小学校,三重県多気郡大台町上楠４２０番地,5192427,2020-12-22,,242212,
B124244320031,B1(小学校),24(三重),2(公),1(本),大台町立三瀬谷小学校,三重県多気郡大台町佐原１０７,5192404,2020-12-22,,242213,
B124244320040,B1(小学校),24(三重),2(公),1(本),大台町立宮川小学校,三重県多気郡大台町茂原５４３－３,5192514,2020-12-22,,242227,
B124246120010,B1(小学校),24(三重),2(公),1(本),玉城町立田丸小学校,三重県度会郡玉城町佐田１２４７,5190414,2020-12-22,,242301,
B124246120029,B1(小学校),24(三重),2(公),1(本),玉城町立有田小学校,三重県度会郡玉城町長更３７６,5190404,2020-12-22,,242302,
B124246120038,B1(小学校),24(三重),2(公),1(本),玉城町立外城田小学校,三重県度会郡玉城町蚊野２０１８,5190431,2020-12-22,,242303,
B124246120047,B1(小学校),24(三重),2(公),1(本),玉城町立下外城田小学校,三重県度会郡玉城町小社曽根７７６,5190422,2020-12-22,,242304,
B124247020019,B1(小学校),24(三重),2(公),1(本),度会町立度会小学校,三重県度会郡度会町棚橋１６７９－１,5162103,2020-12-22,,242342,
B124247120018,B1(小学校),24(三重),2(公),1(本),大紀町立七保小学校,三重県度会郡大紀町打見３８８,5192736,2020-12-22,,242341,
B124247120027,B1(小学校),24(三重),2(公),1(本),大紀町立大宮小学校,三重県度会郡大紀町滝原１７４８－１,5192703,2020-12-22,,242326,
B124247120036,B1(小学校),24(三重),2(公),1(本),大紀町立大紀小学校,三重県度会郡大紀町大内山８７５,5193111,2020-12-22,,242343,
B124247120045,B1(小学校),24(三重),2(公),9(廃),大紀町立錦小学校,三重県度会郡大紀町錦４２６－１,5192911,2020-12-22,2025-05-01,242330,B124247120036
B124247220017,B1(小学校),24(三重),2(公),1(本),南伊勢町立南勢小学校,三重県度会郡南伊勢町五ヵ所浦３７５５－４,5160101,2020-12-22,,242344,
B124247220026,B1(小学校),24(三重),2(公),1(本),南伊勢町立南島東小学校,三重県度会郡南伊勢町贄浦１８８－２,5161307,2020-12-22,,242338,
B124247220035,B1(小学校),24(三重),2(公),1(本),南伊勢町立南島西小学校,三重県度会郡南伊勢町村山１０３６,5161423,2020-12-22,,242318,
B124254320012,B1(小学校),24(三重),2(公),1(本),紀北町立三浦小学校,三重県北牟婁郡紀北町三浦４３２,5193208,2020-12-22,,242701,
B124254320021,B1(小学校),24(三重),2(公),9(廃),紀北町立海野小学校,三重県北牟婁郡紀北町海野４１１,5193206,2020-12-22,2021-05-27,242702,
B124254320030,B1(小学校),24(三重),2(公),1(本),紀北町立西小学校,三重県北牟婁郡紀北町長島１５３８,5193205,2020-12-22,,242703,
B124254320049,B1(小学校),24(三重),2(公),1(本),紀北町立東小学校,三重県北牟婁郡紀北町東長島２４５８,5193204,2020-12-22,,242704,
B124254320058,B1(小学校),24(三重),2(公),1(本),紀北町立赤羽小学校,三重県北牟婁郡紀北町島原２７０８－２,5193203,2020-12-22,,242706,
B124254320067,B1(小学校),24(三重),2(公),1(本),紀北町立相賀小学校,三重県北牟婁郡紀北町相賀３６８－３,5193406,2020-12-22,,242709,
B124254320076,B1(小学校),24(三重),2(公),9(廃),紀北町立矢口小学校,三重県北牟婁郡紀北町矢口浦３１１,5193415,2020-12-22,2025-05-01,242712,B124254320067
B124254320085,B1(小学校),24(三重),2(公),1(本),紀北町立船津小学校,三重県北牟婁郡紀北町船津１０５７,5193405,2020-12-22,,242715,
B124254320094,B1(小学校),24(三重),2(公),1(本),紀北町立上里小学校,三重県北牟婁郡紀北町上里８０１,5193403,2020-12-22,,242716,
B124256120019,B1(小学校),24(三重),2(公),1(本),御浜町立神志山小学校,三重県南牟婁郡御浜町志原１６,5195202,2020-12-22,,242801,
B124256120028,B1(小学校),24(三重),2(公),1(本),御浜町立御浜小学校,三重県南牟婁郡御浜町下市木１９５６,5195203,2020-12-22,,242802,
B124256120037,B1(小学校),24(三重),2(公),1(本),御浜町立阿田和小学校,三重県南牟婁郡御浜町阿田和１７９１ー１,5195204,2020-12-22,,242803,
B124256120046,B1(小学校),24(三重),2(公),1(本),御浜町立尾呂志学園小学校,三重県南牟婁郡御浜町上野５３５－５,5195322,2020-12-22,,242805,
B124256220018,B1(小学校),24(三重),2(公),1(本),紀宝町立井田小学校,三重県南牟婁郡紀宝町井田１７８７－２,5195711,2020-12-22,,242807,
B124256220027,B1(小学校),24(三重),2(公),1(本),紀宝町立神内小学校,三重県南牟婁郡紀宝町神内４９３,5195712,2020-12-22,,242808,
B124256220036,B1(小学校),24(三重),2(公),1(本),紀宝町立成川小学校,三重県南牟婁郡紀宝町成川６３２,5195713,2020-12-22,,242809,
B124256220045,B1(小学校),24(三重),2(公),1(本),紀宝町立相野谷小学校,三重県南牟婁郡紀宝町井内９８－１,5195834,2020-12-22,,242810,
B124256220054,B1(小学校),24(三重),2(公),1(本),紀宝町立鵜殿小学校,三重県南牟婁郡紀宝町鵜殿１２３２－１,5195701,2020-12-22,,242823,
B124320225017,B1(小学校),24(三重),3(私),1(本),暁小学校,三重県四日市市蒔田３丁目３－３７,5108022,2020-12-22,,243001,
B124320525014,B1(小学校),24(三重),3(私),1(本),津田学園小学校,三重県桑名市野田５－３－１２,5110904,2020-12-22,,243002,
C124110000011,C1(中学校),24(三重),1(国),1(本),三重大学教育学部附属中学校,三重県津市観音寺町４７１,5140062,2020-12-22,,243501,
C124210030013,C1(中学校),24(三重),2(公),1(本),三重県立みえ四葉ヶ咲中学校,三重県津市柳山津興１２３９,5140803,2025-05-01,,,
C124220130011,C1(中学校),24(三重),2(公),1(本),津市立橋北中学校,三重県津市桜橋２丁目３８－１,5140003,2020-12-22,,243511,
C124220130020,C1(中学校),24(三重),2(公),1(本),津市立東橋内中学校,三重県津市中河原３５６－２,5140018,2020-12-22,,243512,
C124220130039,C1(中学校),24(三重),2(公),1(本),津市立西橋内中学校,三重県津市東古河町７－１,5140037,2020-12-22,,243513,
C124220130048,C1(中学校),24(三重),2(公),1(本),津市立橋南中学校,三重県津市上弁財町津興２５３７－４,5140804,2020-12-22,,243514,
C124220130057,C1(中学校),24(三重),2(公),1(本),津市立南郊中学校,三重県津市高茶屋４丁目４４－１,5140819,2020-12-22,,243515,
C124220130066,C1(中学校),24(三重),2(公),1(本),津市立西郊中学校,三重県津市一色町２１９,5140057,2020-12-22,,243516,
C124220130075,C1(中学校),24(三重),2(公),1(本),津市立一身田中学校,三重県津市一身田中野８８０－１,5140112,2020-12-22,,243518,
C124220130084,C1(中学校),24(三重),2(公),2(分),津市立一身田中学校国児分校,三重県津市栗真町屋町５２４,5140102,2020-12-22,,243522,
C124220130093,C1(中学校),24(三重),2(公),1(本),津市立豊里中学校,三重県津市大里睦合町８２０－１,5140126,2020-12-22,,243519,
C124220130100,C1(中学校),24(三重),2(公),1(本),津市立南が丘中学校,三重県津市垂水２６２２番地の１,5140821,2020-12-22,,243521,
C124220130119,C1(中学校),24(三重),2(公),1(本),津市立朝陽中学校,三重県津市河芸町上野２０１０,5100304,2020-12-22,,244701,
C124220130128,C1(中学校),24(三重),2(公),1(本),津市立芸濃中学校,三重県津市芸濃町椋本５１４７,5142211,2020-12-22,,244702,
C124220130137,C1(中学校),24(三重),2(公),1(本),津市立東観中学校,三重県津市安濃町東観音寺４９４番地１,5142326,2020-12-22,,244704,
C124220130146,C1(中学校),24(三重),2(公),1(本),津市立久居中学校,三重県津市久居西鷹跡町４９４,5141131,2020-12-22,,244751,
C124220130155,C1(中学校),24(三重),2(公),1(本),津市立久居西中学校,三重県津市久居一色町９４０,5141253,2020-12-22,,244752,
C124220130164,C1(中学校),24(三重),2(公),1(本),津市立久居東中学校,三重県津市久居井戸山町７２１－１,5141114,2020-12-22,,244754,
C124220130173,C1(中学校),24(三重),2(公),1(本),津市立香海中学校,三重県津市香良洲町１２８,5140315,2020-12-22,,244753,
C124220130182,C1(中学校),24(三重),2(公),1(本),津市立一志中学校,三重県津市一志町高野２６０９,5152504,2020-12-22,,244769,
C124220130191,C1(中学校),24(三重),2(公),1(本),津市立白山中学校,三重県津市白山町川口４７１－６,5152603,2020-12-22,,244756,
C124220130208,C1(中学校),24(三重),2(公),1(本),津市立美杉中学校,三重県津市美杉町八知５８００,5153421,2020-12-22,,244760,
C124220230010,C1(中学校),24(三重),2(公),1(本),四日市市立中部中学校,三重県四日市市西浦２－５－３６,5100071,2020-12-22,,243551,
C124220230029,C1(中学校),24(三重),2(公),1(本),四日市市立橋北中学校,三重県四日市市高浜町１－４,5100026,2020-12-22,,243552,
C124220230038,C1(中学校),24(三重),2(公),1(本),四日市市立港中学校,三重県四日市市十七軒町１０番４１号,5100063,2020-12-22,,243554,
C124220230047,C1(中学校),24(三重),2(公),1(本),四日市市立塩浜中学校,三重県四日市市塩浜４０９６,5100863,2020-12-22,,243553,
C124220230056,C1(中学校),24(三重),2(公),1(本),四日市市立山手中学校,三重県四日市市東阿倉川７０,5100805,2020-12-22,,243555,
C124220230065,C1(中学校),24(三重),2(公),1(本),四日市市立富洲原中学校,三重県四日市市天カ須賀５－３－１０,5108001,2020-12-22,,243557,
C124220230074,C1(中学校),24(三重),2(公),1(本),四日市市立富田中学校,三重県四日市市東茂福町４－１９,5108011,2020-12-22,,243558,
C124220230083,C1(中学校),24(三重),2(公),1(本),四日市市立笹川中学校,三重県四日市市西日野町２６８番地の２,5100943,2020-12-22,,243559,
C124220230092,C1(中学校),24(三重),2(公),1(本),四日市市立南中学校,三重県四日市市前田町１８ー１７,5100893,2020-12-22,,243560,
C124220230109,C1(中学校),24(三重),2(公),1(本),四日市市立西陵中学校,三重県四日市市西山町７２２９,5121103,2020-12-22,,243561,
C124220230118,C1(中学校),24(三重),2(公),1(本),四日市市立三滝中学校,三重県四日市市高角町２０６８番地の２,5120923,2020-12-22,,243562,
C124220230127,C1(中学校),24(三重),2(公),1(本),四日市市立大池中学校,三重県四日市市下海老町２６６２番地の１,5121203,2020-12-22,,243563,
C124220230136,C1(中学校),24(三重),2(公),1(本),四日市市立朝明中学校,三重県四日市市平津町４０９－２,5128042,2020-12-22,,243564,
C124220230145,C1(中学校),24(三重),2(公),1(本),四日市市立保々中学校,三重県四日市市西村町２７８７－２,5121305,2020-12-22,,243566,
C124220230154,C1(中学校),24(三重),2(公),1(本),四日市市立常磐中学校,三重県四日市市大字松本８１０,5100836,2020-12-22,,243567,
C124220230163,C1(中学校),24(三重),2(公),1(本),四日市市立西笹川中学校,三重県四日市市笹川４―１０４,5100944,2020-12-22,,243568,
C124220230172,C1(中学校),24(三重),2(公),1(本),四日市市立三重平中学校,三重県四日市市三重８－１,5120912,2020-12-22,,243569,
C124220230181,C1(中学校),24(三重),2(公),1(本),四日市市立羽津中学校,三重県四日市市羽津甲２６番地,5100012,2020-12-22,,243571,
C124220230190,C1(中学校),24(三重),2(公),1(本),四日市市立西朝明中学校,三重県四日市市北山町１１６９,5128051,2020-12-22,,243572,
C124220230207,C1(中学校),24(三重),2(公),1(本),四日市市立桜中学校,三重県四日市市桜町１６０４,5121211,2020-12-22,,243574,
C124220230216,C1(中学校),24(三重),2(公),1(本),四日市市立内部中学校,三重県四日市市波木町６９７,5100961,2020-12-22,,243575,
C124220230225,C1(中学校),24(三重),2(公),1(本),四日市市立楠中学校,三重県四日市市楠町北五味塚２０９２番地,5100103,2020-12-22,,244603,
C124220330019,C1(中学校),24(三重),2(公),1(本),伊勢市立倉田山中学校,三重県伊勢市神田久志本町１６４５－２,5160016,2020-12-22,,243601,
C124220330028,C1(中学校),24(三重),2(公),1(本),伊勢市立厚生中学校,三重県伊勢市一之木５－５－３,5160071,2020-12-22,,243602,
C124220330037,C1(中学校),24(三重),2(公),1(本),伊勢市立港中学校,三重県伊勢市竹ヶ鼻町７８－１０,5160005,2020-12-22,,243605,
C124220330046,C1(中学校),24(三重),2(公),1(本),伊勢市立城田中学校,三重県伊勢市粟野町４７２,5160054,2020-12-22,,243609,
C124220330055,C1(中学校),24(三重),2(公),1(本),伊勢市立五十鈴中学校,三重県伊勢市中村町４４４,5160028,2020-12-22,,243610,
C124220330064,C1(中学校),24(三重),2(公),1(本),伊勢市立伊勢宮川中学校,三重県伊勢市二俣４－５－３,5160064,2020-12-22,,243603,
C124220330073,C1(中学校),24(三重),2(公),1(本),伊勢市立桜浜中学校,三重県伊勢市植山町４６１,5150506,2020-12-22,,243611,
C124220330082,C1(中学校),24(三重),2(公),1(本),伊勢市立二見中学校,三重県伊勢市二見町光の街９０７番地７,5190611,2020-12-22,,244902,
C124220330091,C1(中学校),24(三重),2(公),1(本),伊勢市立小俣中学校,三重県伊勢市小俣町相合７５０,5190502,2020-12-22,,244903,
C124220330108,C1(中学校),24(三重),2(公),1(本),伊勢市立御薗中学校,三重県伊勢市磯町尾立２２２５,5168502,2020-12-22,,244920,
C124220430018,C1(中学校),24(三重),2(公),1(本),松阪市立殿町中学校,三重県松阪市殿町１５０８－１,5150073,2020-12-22,,243651,
C124220430027,C1(中学校),24(三重),2(公),9(廃),松阪市立殿町中学校市民病院分校,三重県松阪市殿町１５５０,5150073,2020-12-22,2024-05-01,243661,
C124220430036,C1(中学校),24(三重),2(公),1(本),松阪市立鎌田中学校,三重県松阪市鎌田町６５６,5150005,2020-12-22,,243653,
C124220430045,C1(中学校),24(三重),2(公),1(本),松阪市立久保中学校,三重県松阪市垣鼻町１７９０－１,5150033,2020-12-22,,243654,
C124220430054,C1(中学校),24(三重),2(公),1(本),松阪市立東部中学校,三重県松阪市魚見町８８４,5150128,2020-12-22,,243662,
C124220430063,C1(中学校),24(三重),2(公),1(本),松阪市立中部中学校,三重県松阪市立野町１３４４,5150054,2020-12-22,,243657,
C124220430072,C1(中学校),24(三重),2(公),1(本),松阪市立大江中学校,三重県松阪市小片野町２２８番地,5151204,2020-12-22,,243660,
C124220430081,C1(中学校),24(三重),2(公),1(本),松阪市立西中学校,三重県松阪市曲町４－８,5150841,2020-12-22,,243663,
C124220430090,C1(中学校),24(三重),2(公),1(本),松阪市立嬉野中学校,三重県松阪市嬉野下之庄町１７２５,5152354,2020-12-22,,244768,
C124220430107,C1(中学校),24(三重),2(公),1(本),松阪市立三雲中学校,三重県松阪市中道町３４５,5152115,2020-12-22,,244767,
C124220430116,C1(中学校),24(三重),2(公),1(本),松阪市立飯南中学校,三重県松阪市飯南町粥見５６６,5151411,2020-12-22,,244808,
C124220430125,C1(中学校),24(三重),2(公),1(本),松阪市立飯高中学校,三重県松阪市飯高町宮前９２７,5151502,2020-12-22,,244804,
C124220530017,C1(中学校),24(三重),2(公),1(本),桑名市立成徳中学校,三重県桑名市東汰上４１５－１,5110806,2020-12-22,,243701,
C124220530026,C1(中学校),24(三重),2(公),1(本),桑名市立明正中学校,三重県桑名市明正町３１番地,5110823,2020-12-22,,243702,
C124220530035,C1(中学校),24(三重),2(公),1(本),桑名市立光風中学校,三重県桑名市新矢田二丁目３７番地,5110069,2020-12-22,,243703,
C124220530044,C1(中学校),24(三重),2(公),1(本),桑名市立陽和中学校,三重県桑名市小貝須１４０８－４,5110841,2020-12-22,,243704,
C124220530053,C1(中学校),24(三重),2(公),1(本),桑名市立正和中学校,三重県桑名市坂井３３９－２５,5110939,2020-12-22,,243705,
C124220530062,C1(中学校),24(三重),2(公),1(本),桑名市立陵成中学校,三重県桑名市筒尾８－１２,5110901,2020-12-22,,243706,
C124220530071,C1(中学校),24(三重),2(公),1(本),桑名市立光陵中学校,三重県桑名市大山田５－１２,5110903,2020-12-22,,243707,
C124220530080,C1(中学校),24(三重),2(公),9(廃),桑名市立多度中学校,三重県桑名市多度町柚井２４,5110101,2020-12-22,2026-05-01,244501,C224220540014
C124220530099,C1(中学校),24(三重),2(公),1(本),桑名市立長島中学校,三重県桑名市長島町西外面２１７５,5111143,2020-12-22,,244502,
C124220530106,C1(中学校),24(三重),2(公),2(分),桑名市立長島中学校悠分校,三重県桑名市長島町横満蔵５６８番地３,5111133,2020-12-22,,244504,
C124220730015,C1(中学校),24(三重),2(公),1(本),鈴鹿市立平田野中学校,三重県鈴鹿市国府町９１０５番地の１,5130836,2020-12-22,,243801,
C124220730024,C1(中学校),24(三重),2(公),1(本),鈴鹿市立白鳥中学校,三重県鈴鹿市加佐登３丁目１番１号,5130004,2020-12-22,,243802,
C124220730033,C1(中学校),24(三重),2(公),1(本),鈴鹿市立神戸中学校,三重県鈴鹿市十宮町１３３５番地,5130038,2020-12-22,,243803,
C124220730042,C1(中学校),24(三重),2(公),1(本),鈴鹿市立大木中学校,三重県鈴鹿市北堀江２－１５－１,5130045,2020-12-22,,243804,
C124220730051,C1(中学校),24(三重),2(公),1(本),鈴鹿市立千代崎中学校,三重県鈴鹿市東玉垣町２８６３番地,5130814,2020-12-22,,243805,
C124220730060,C1(中学校),24(三重),2(公),1(本),鈴鹿市立白子中学校,三重県鈴鹿市中旭が丘４－５－６２,5100212,2020-12-22,,243806,
C124220730079,C1(中学校),24(三重),2(公),1(本),鈴鹿市立天栄中学校,三重県鈴鹿市秋永町１８３９,5100258,2020-12-22,,243807,
C124220730088,C1(中学校),24(三重),2(公),1(本),鈴鹿市立鈴峰中学校,三重県鈴鹿市長澤町１８６７番地の１,5190314,2020-12-22,,243808,
C124220730097,C1(中学校),24(三重),2(公),1(本),鈴鹿市立鼓ヶ浦中学校,三重県鈴鹿市寺家４－１１－１,5100254,2020-12-22,,243809,
C124220730104,C1(中学校),24(三重),2(公),1(本),鈴鹿市立創徳中学校,三重県鈴鹿市三日市町１８０３番地の８,5130803,2020-12-22,,243810,
C124220830014,C1(中学校),24(三重),2(公),1(本),名張市立名張中学校,三重県名張市丸之内１５番地,5180718,2020-12-22,,243851,
C124220830023,C1(中学校),24(三重),2(公),1(本),名張市立赤目中学校,三重県名張市箕曲中村２１９,5180444,2020-12-22,,243852,
C124220830032,C1(中学校),24(三重),2(公),1(本),名張市立桔梗が丘中学校,三重県名張市桔梗が丘７番町１街区１９２６番地１,5180627,2020-12-22,,243854,
C124220830041,C1(中学校),24(三重),2(公),1(本),名張市立北中学校,三重県名張市美旗中村２３８０,5180615,2020-12-22,,243855,
C124220830050,C1(中学校),24(三重),2(公),1(本),名張市立南中学校,三重県名張市つつじが丘南１－２４１,5180421,2020-12-22,,243856,
C124220930013,C1(中学校),24(三重),2(公),1(本),尾鷲市立尾鷲中学校,三重県尾鷲市矢浜２－１６－７,5193671,2020-12-22,,243901,
C124220930022,C1(中学校),24(三重),2(公),1(本),尾鷲市立須賀利中学校,三重県尾鷲市須賀利町３８７,5193421,2020-12-22,,243902,
C124220930031,C1(中学校),24(三重),2(公),1(本),尾鷲市立北輪内中学校,三重県尾鷲市三木里町２０５,5193811,2020-12-22,,243904,
C124220930040,C1(中学校),24(三重),2(公),1(本),尾鷲市立輪内中学校,三重県尾鷲市賀田町５７２,5193921,2020-12-22,,243905,
C124221030010,C1(中学校),24(三重),2(公),1(本),亀山市立亀山中学校,三重県亀山市西丸町５６４,5190159,2020-12-22,,243951,
C124221030029,C1(中学校),24(三重),2(公),1(本),亀山市立中部中学校,三重県亀山市田村町７５,5190213,2020-12-22,,243952,
C124221030038,C1(中学校),24(三重),2(公),1(本),亀山市立関中学校,三重県亀山市関町新所１８６３番地,5191111,2020-12-22,,244651,
C124221130019,C1(中学校),24(三重),2(公),9(廃),鳥羽市立鳥羽東中学校,三重県鳥羽市安楽島町１４５１－１９,5170021,2020-12-22,2026-05-01,244009,C124221130064
C124221130028,C1(中学校),24(三重),2(公),1(本),鳥羽市立答志中学校,三重県鳥羽市答志町２２２０－５,5170002,2020-12-22,,244003,
C124221130037,C1(中学校),24(三重),2(公),1(本),鳥羽市立神島中学校,三重県鳥羽市神島町３５８－３,5170001,2020-12-22,,244004,
C124221130046,C1(中学校),24(三重),2(公),9(廃),鳥羽市立加茂中学校,三重県鳥羽市岩倉町１０５,5170041,2020-12-22,2026-05-01,244006,C124221130064
C124221130055,C1(中学校),24(三重),2(公),9(廃),鳥羽市立長岡中学校,三重県鳥羽市相差町１９１０,5170032,2020-12-22,2022-05-01,244008,C124221130019
C124221130064,C1(中学校),24(三重),2(公),1(本),鳥羽市立鳥羽中央中学校,三重県鳥羽市安楽島町１４５１番地１９,5170021,2026-05-01,,,
C124221230018,C1(中学校),24(三重),2(公),1(本),熊野市立荒坂中学校,三重県熊野市二木島町４３２,5194204,2020-12-22,,244051,
C124221230027,C1(中学校),24(三重),2(公),1(本),熊野市立新鹿中学校,三重県熊野市新鹿町９１６－４,5194206,2020-12-22,,244052,
C124221230036,C1(中学校),24(三重),2(公),1(本),熊野市立木本中学校,三重県熊野市井戸町４８７７－１,5194324,2020-12-22,,244053,
C124221230045,C1(中学校),24(三重),2(公),1(本),熊野市立有馬中学校,三重県熊野市有馬町１３９８,5194325,2020-12-22,,244054,
C124221230054,C1(中学校),24(三重),2(公),1(本),熊野市立神上中学校,三重県熊野市神川町神上６３,5194442,2020-12-22,,244056,
C124221230063,C1(中学校),24(三重),2(公),1(本),熊野市立五郷中学校,三重県熊野市五郷町桃崎１６９８－１,5194671,2020-12-22,,244057,
C124221230072,C1(中学校),24(三重),2(公),1(本),熊野市立飛鳥中学校,三重県熊野市飛鳥町小阪４９９,5194563,2020-12-22,,244058,
C124221230081,C1(中学校),24(三重),2(公),1(本),熊野市立上川中学校,三重県熊野市紀和町楊枝２,6471325,2020-12-22,,245158,
C124221230090,C1(中学校),24(三重),2(公),1(本),熊野市立入鹿中学校,三重県熊野市紀和町小栗須２７,5195414,2020-12-22,,245159,
C124221230107,C1(中学校),24(三重),2(公),1(本),熊野市立西山中学校,三重県熊野市紀和町長尾１１１４,5195403,2020-12-22,,245160,
C124221430016,C1(中学校),24(三重),2(公),1(本),いなべ市立北勢中学校,三重県いなべ市北勢町阿下喜２４８０番地,5110428,2020-12-22,,244551,
C124221430025,C1(中学校),24(三重),2(公),1(本),いなべ市立員弁中学校,三重県いなべ市員弁町大泉新田１７３９,5110217,2020-12-22,,244552,
C124221430034,C1(中学校),24(三重),2(公),1(本),いなべ市立大安中学校,三重県いなべ市大安町石榑東２９７７,5110264,2020-12-22,,244553,
C124221430043,C1(中学校),24(三重),2(公),1(本),いなべ市立藤原中学校,三重県いなべ市藤原町市場４９１,5110511,2020-12-22,,244555,
C124221530015,C1(中学校),24(三重),2(公),1(本),志摩市立浜島中学校,三重県志摩市浜島町塩屋６０４－５,5170402,2020-12-22,,245051,
C124221530024,C1(中学校),24(三重),2(公),1(本),志摩市立大王中学校,三重県志摩市大王町波切１５０６－２,5170603,2020-12-22,,245062,
C124221530033,C1(中学校),24(三重),2(公),1(本),志摩市立志摩中学校,三重県志摩市志摩町和具３０３,5170703,2020-12-22,,245063,
C124221530042,C1(中学校),24(三重),2(公),1(本),志摩市立文岡中学校,三重県志摩市阿児町鵜方３３４７－２,5170501,2020-12-22,,245057,
C124221530051,C1(中学校),24(三重),2(公),1(本),志摩市立東海中学校,三重県志摩市阿児町甲賀２０８８－１,5170505,2020-12-22,,245058,
C124221530060,C1(中学校),24(三重),2(公),1(本),志摩市立磯部中学校,三重県志摩市磯部町恵利原１３００,5170209,2020-12-22,,245060,
C124221630014,C1(中学校),24(三重),2(公),1(本),伊賀市立崇広中学校,三重県伊賀市上野丸之内７８番地,5180873,2020-12-22,,243751,
C124221630023,C1(中学校),24(三重),2(公),1(本),伊賀市立緑ケ丘中学校,三重県伊賀市緑ケ丘本町４１５３,5180836,2020-12-22,,243753,
C124221630032,C1(中学校),24(三重),2(公),1(本),伊賀市立城東中学校,三重県伊賀市印代４５０,5180008,2020-12-22,,243758,
C124221630041,C1(中学校),24(三重),2(公),1(本),伊賀市立上野南中学校,三重県伊賀市森寺１４８８番地,5180126,2020-12-22,,243759,
C124221630050,C1(中学校),24(三重),2(公),1(本),伊賀市立柘植中学校,三重県伊賀市柘植町１８８１,5191402,2020-12-22,,244951,
C124221630069,C1(中学校),24(三重),2(公),1(本),伊賀市立霊峰中学校,三重県伊賀市新堂１６０,5191416,2020-12-22,,244952,
C124221630078,C1(中学校),24(三重),2(公),1(本),伊賀市立島ヶ原中学校,三重県伊賀市島ヶ原５１４－２,5191711,2020-12-22,,244956,
C124221630087,C1(中学校),24(三重),2(公),1(本),伊賀市立阿山中学校,三重県伊賀市千貝１０,5181319,2020-12-22,,244958,
C124221630096,C1(中学校),24(三重),2(公),1(本),伊賀市立大山田中学校,三重県伊賀市平田６５５番地,5181422,2020-12-22,,244957,
C124221630103,C1(中学校),24(三重),2(公),1(本),伊賀市立青山中学校,三重県伊賀市阿保１８７０,5180226,2020-12-22,,245001,
C124230330018,C1(中学校),24(三重),2(公),1(本),木曽岬町立木曽岬中学校,三重県桑名郡木曽岬町中和泉３６１番地,4980812,2020-12-22,,244503,
C124232430013,C1(中学校),24(三重),2(公),1(本),東員町立東員第一中学校,三重県員弁郡東員町六把野新田５５７,5110242,2020-12-22,,244554,
C124232430022,C1(中学校),24(三重),2(公),1(本),東員町立東員第二中学校,三重県員弁郡東員町城山２丁目１,5110233,2020-12-22,,244556,
C124234130012,C1(中学校),24(三重),2(公),1(本),菰野町立菰野中学校,三重県三重郡菰野町菰野１１９２,5101233,2020-12-22,,244601,
C124234130021,C1(中学校),24(三重),2(公),1(本),菰野町立八風中学校,三重県三重郡菰野町田光３８０８ー１８,5101324,2020-12-22,,244602,
C124234330010,C1(中学校),24(三重),2(公),1(本),朝日町立朝日中学校,三重県三重郡朝日町大字柿２８３８,5108103,2020-12-22,,244605,
C124234430019,C1(中学校),24(三重),2(公),1(本),川越町立川越中学校,三重県三重郡川越町豊田一色６７,5108123,2020-12-22,,244606,
C124244130011,C1(中学校),24(三重),2(公),1(本),多気町立勢和中学校,三重県多気郡多気町片野２２５４,5192203,2020-12-22,,244855,
C124244130020,C1(中学校),24(三重),2(公),1(本),多気郡多気町松阪市学校組合立多気中学校,三重県多気郡多気町相可１５４０,5192181,2020-12-22,,244851,
C124244230010,C1(中学校),24(三重),2(公),1(本),明和町立明和中学校,三重県多気郡明和町坂本１２３７－１,5150333,2020-12-22,,244852,
C124244330019,C1(中学校),24(三重),2(公),1(本),大台町立大台中学校,三重県多気郡大台町上三瀬９０３－１,5192403,2020-12-22,,244860,
C124244330028,C1(中学校),24(三重),2(公),1(本),大台町立宮川中学校,三重県多気郡大台町茂原６４３－８,5192514,2020-12-22,,244859,
C124246130016,C1(中学校),24(三重),2(公),1(本),玉城町立玉城中学校,三重県度会郡玉城町田丸１１４－１,5190415,2020-12-22,,244901,
C124247030015,C1(中学校),24(三重),2(公),1(本),度会町立度会中学校,三重県度会郡度会町棚橋３００,5162103,2020-12-22,,244916,
C124247130014,C1(中学校),24(三重),2(公),9(廃),大紀町立大宮中学校,三重県度会郡大紀町滝原１８８９－７,5192703,2020-12-22,2026-05-01,244923,C124247130023
C124247130023,C1(中学校),24(三重),2(公),1(本),大紀町立大紀中学校,三重県度会郡大紀町滝原１８８９番地７,5192703,2020-12-22,,244924,
C124247230013,C1(中学校),24(三重),2(公),1(本),南伊勢町立南勢中学校,三重県度会郡南伊勢町船越２１００,5160109,2020-12-22,,244905,
C124247230022,C1(中学校),24(三重),2(公),1(本),南伊勢町立南島中学校,三重県度会郡南伊勢町東宮１０３３,5161309,2020-12-22,,244925,
C124254330018,C1(中学校),24(三重),2(公),1(本),紀北町立紀北中学校,三重県北牟婁郡紀北町長島４４４,5193205,2020-12-22,,245101,
C124254330027,C1(中学校),24(三重),2(公),1(本),紀北町立赤羽中学校,三重県北牟婁郡紀北町島原２６９７－２,5193203,2020-12-22,,245102,
C124254330036,C1(中学校),24(三重),2(公),1(本),紀北町立潮南中学校,三重県北牟婁郡紀北町相賀４９９－３,5193406,2020-12-22,,245103,
C124254330045,C1(中学校),24(三重),2(公),1(本),紀北町立三船中学校,三重県北牟婁郡紀北町上里５４３,5193403,2020-12-22,,245104,
C124256130015,C1(中学校),24(三重),2(公),1(本),御浜町立御浜中学校,三重県南牟婁郡御浜町志原１７３７,5195202,2020-12-22,,245151,
C124256130024,C1(中学校),24(三重),2(公),1(本),御浜町立阿田和中学校,三重県南牟婁郡御浜町阿田和３９９６ー１,5195204,2020-12-22,,245152,
C124256130033,C1(中学校),24(三重),2(公),1(本),御浜町立尾呂志学園中学校,三重県南牟婁郡御浜町上野５３５－５,5195322,2020-12-22,,245153,
C124256230014,C1(中学校),24(三重),2(公),1(本),紀宝町立相野谷中学校,三重県南牟婁郡紀宝町大里１５４６,5195835,2020-12-22,,245155,
C124256230023,C1(中学校),24(三重),2(公),1(本),紀宝町立矢渕中学校,三重県南牟婁郡紀宝町鵜殿２０番地,5195701,2020-12-22,,245156,
C124320135014,C1(中学校),24(三重),3(私),1(本),高田中学校,三重県津市一身田町２８４３,5140114,2020-12-22,,245401,
C124320135023,C1(中学校),24(三重),3(私),1(本),セントヨゼフ女子学園中学校,三重県津市半田１３３０,5140823,2020-12-22,,245402,
C124320235013,C1(中学校),24(三重),3(私),1(本),暁中学校,三重県四日市市萱生町２３８番地,5128538,2020-12-22,,245403,
C124320235022,C1(中学校),24(三重),3(私),1(本),海星中学校,三重県四日市市追分１－９－３４,5100882,2020-12-22,,245404,
C124320235031,C1(中学校),24(三重),3(私),1(本),四日市メリノール学院中学校,三重県四日市市平尾町２８００,5121205,2020-12-22,,245405,
C124320335012,C1(中学校),24(三重),3(私),1(本),皇學館中学校,三重県伊勢市楠部町１３８,5168588,2020-12-22,,245408,
C124320435011,C1(中学校),24(三重),3(私),1(本),三重中学校,三重県松阪市久保町１２３２,5158533,2020-12-22,,245407,
C124320535010,C1(中学校),24(三重),3(私),1(本),津田学園中学校,三重県桑名市野田５－３－１２,5110904,2020-12-22,,245411,
C124321635017,C1(中学校),24(三重),3(私),1(本),桜丘中学校,三重県伊賀市下神戸２７５６,5180192,2020-12-22,,245409,
C224220140018,C2(義務),24(三重),2(公),1(本),津市立みさとの丘学園,三重県津市美里町三郷８４番地,5142113,2020-12-22,,24C011,
C224220540014,C2(義務),24(三重),2(公),1(本),桑名市立多度学園,三重県桑名市多度町小山２３３０,5110105,2026-05-01,,,
D124210050016,D1(高校),24(三重),2(公),1(本),三重県立桑名高等学校,三重県桑名市東方１７９５,5110811,2020-12-22,,245511,
D124210050025,D1(高校),24(三重),2(公),1(本),三重県立桑名西高等学校,三重県桑名市大字志知字東山２８３９,5110937,2020-12-22,,245557,
D124210050034,D1(高校),24(三重),2(公),1(本),三重県立桑名北高等学校,三重県桑名市下深谷部字山王２５２７,5110808,2020-12-22,,245566,
D124210050043,D1(高校),24(三重),2(公),1(本),三重県立桑名工業高等学校,三重県桑名市芳ヶ崎１３３０－１,5110944,2020-12-22,,245512,
D124210050052,D1(高校),24(三重),2(公),1(本),三重県立いなべ総合学園高等学校,三重県いなべ市員弁町御薗６３２,5110222,2020-12-22,,245513,
D124210050061,D1(高校),24(三重),2(公),1(本),三重県立川越高等学校,三重県三重郡川越町豊田２３０２－１,5108566,2020-12-22,,245570,
D124210050070,D1(高校),24(三重),2(公),1(本),三重県立四日市高等学校,三重県四日市市富田４－１－４３,5108510,2020-12-22,,245514,
D124210050089,D1(高校),24(三重),2(公),1(本),三重県立四日市南高等学校,三重県四日市市大字日永字岡山４９１７,5108562,2020-12-22,,245515,
D124210050098,D1(高校),24(三重),2(公),1(本),三重県立四日市西高等学校,三重県四日市市桜町６１００番地,5121211,2020-12-22,,245563,
D124210050105,D1(高校),24(三重),2(公),1(本),三重県立朝明高等学校,三重県四日市市中野町２２１６,5121304,2020-12-22,,245564,
D124210050114,D1(高校),24(三重),2(公),1(本),三重県立四日市四郷高等学校,三重県四日市市八王子町字高花１６５４,5100947,2020-12-22,,245567,
D124210050123,D1(高校),24(三重),2(公),1(本),三重県立四日市農芸高等学校,三重県四日市市河原田町２８４７,5100874,2020-12-22,,245516,
D124210050132,D1(高校),24(三重),2(公),1(本),三重県立四日市工業高等学校,三重県四日市市日永東３丁目４番６３号,5100886,2020-12-22,,245517,
D124210050141,D1(高校),24(三重),2(公),1(本),三重県立四日市中央工業高等学校,三重県四日市市菅原町６７８,5120925,2020-12-22,,245519,
D124210050150,D1(高校),24(三重),2(公),1(本),三重県立四日市商業高等学校,三重県四日市市尾平町字永代寺２７４５,5120921,2020-12-22,,245518,
D124210050169,D1(高校),24(三重),2(公),1(本),三重県立北星高等学校,三重県四日市市大字茂福字横座６６８－１,5108027,2020-12-22,,245601,
D124210050178,D1(高校),24(三重),2(公),1(本),三重県立菰野高等学校,三重県三重郡菰野町大字福村８７０番地,5101234,2020-12-22,,245520,
D124210050187,D1(高校),24(三重),2(公),1(本),三重県立神戸高等学校,三重県鈴鹿市神戸４丁目１番８０号,5130801,2020-12-22,,245521,
D124210050196,D1(高校),24(三重),2(公),1(本),三重県立白子高等学校,三重県鈴鹿市白子４－１７－１,5100243,2020-12-22,,245522,
D124210050203,D1(高校),24(三重),2(公),1(本),三重県立石薬師高等学校,三重県鈴鹿市石薬師町字寺東４５２,5130012,2020-12-22,,245565,
D124210050212,D1(高校),24(三重),2(公),1(本),三重県立稲生高等学校,三重県鈴鹿市稲生町８２３２－１,5100201,2020-12-22,,245568,
D124210050221,D1(高校),24(三重),2(公),1(本),三重県立飯野高等学校,三重県鈴鹿市三日市町字東新田場１６９５,5130803,2020-12-22,,245604,
D124210050230,D1(高校),24(三重),2(公),1(本),三重県立亀山高等学校,三重県亀山市本町１－１０－１,5190116,2020-12-22,,245523,
D124210050249,D1(高校),24(三重),2(公),1(本),三重県立津高等学校,三重県津市新町３－１－１,5140042,2020-12-22,,245524,
D124210050258,D1(高校),24(三重),2(公),1(本),三重県立津西高等学校,三重県津市河辺町２２１０－２,5140065,2020-12-22,,245561,
D124210050267,D1(高校),24(三重),2(公),1(本),三重県立津東高等学校,三重県津市一身田上津部田１４７０,5140061,2020-12-22,,245525,
D124210050276,D1(高校),24(三重),2(公),1(本),三重県立津工業高等学校,三重県津市半田５３４,5140823,2020-12-22,,245526,
D124210050285,D1(高校),24(三重),2(公),1(本),三重県立津商業高等学校,三重県津市渋見町６９９,5140063,2020-12-22,,245527,
D124210050294,D1(高校),24(三重),2(公),1(本),三重県立みえ夢学園高等学校,三重県津市柳山津興１２３９,5140803,2020-12-22,,245602,
D124210050301,D1(高校),24(三重),2(公),1(本),三重県立久居高等学校,三重県津市戸木町３５６９－１,5141138,2020-12-22,,245569,
D124210050310,D1(高校),24(三重),2(公),1(本),三重県立久居農林高等学校,三重県津市久居東鷹跡町１０５,5141136,2020-12-22,,245528,
D124210050329,D1(高校),24(三重),2(公),1(本),三重県立白山高等学校,三重県津市白山町大字南家城６７８,5153133,2020-12-22,,245529,
D124210050338,D1(高校),24(三重),2(公),1(本),三重県立松阪高等学校,三重県松阪市垣鼻町１６６４,5158577,2020-12-22,,245530,
D124210050347,D1(高校),24(三重),2(公),1(本),三重県立松阪工業高等学校,三重県松阪市殿町１４１７番地,5150073,2020-12-22,,245531,
D124210050356,D1(高校),24(三重),2(公),1(本),三重県立松阪商業高等学校,三重県松阪市豊原町１６００,5150205,2020-12-22,,245532,
D124210050365,D1(高校),24(三重),2(公),1(本),三重県立飯南高等学校,三重県松阪市飯南町粥見５４８０－１,5151411,2020-12-22,,245533,
D124210050374,D1(高校),24(三重),2(公),1(本),三重県立相可高等学校,三重県多気郡多気町相可５０,5192181,2020-12-22,,245534,
D124210050383,D1(高校),24(三重),2(公),1(本),三重県立昴学園高等学校,三重県多気郡大台町茂原４８,5192593,2020-12-22,,245536,
D124210050392,D1(高校),24(三重),2(公),1(本),三重県立宇治山田高等学校,三重県伊勢市浦口３－１３－１,5160062,2020-12-22,,245539,
D124210050409,D1(高校),24(三重),2(公),1(本),三重県立伊勢高等学校,三重県伊勢市神田久志本町１７０３－１,5168515,2020-12-22,,245540,
D124210050418,D1(高校),24(三重),2(公),1(本),三重県立伊勢工業高等学校,三重県伊勢市神久２－７－１８,5160017,2020-12-22,,245541,
D124210050427,D1(高校),24(三重),2(公),1(本),三重県立宇治山田商業高等学校,三重県伊勢市黒瀬町１１９３,5160018,2020-12-22,,245542,
D124210050436,D1(高校),24(三重),2(公),1(本),三重県立伊勢まなび高等学校,三重県伊勢市神田久志本町１５６０,5160016,2020-12-22,,245603,
D124210050445,D1(高校),24(三重),2(公),1(本),三重県立明野高等学校,三重県伊勢市小俣町明野１４８１,5190501,2020-12-22,,245537,
D124210050454,D1(高校),24(三重),2(公),9(廃),三重県立南伊勢高等学校　南勢校舎,三重県度会郡南伊勢町船越２９２６－１,5160109,2020-12-22,2026-05-01,245572,
D124210050463,D1(高校),24(三重),2(公),1(本),三重県立南伊勢高等学校　度会校舎,三重県度会郡度会町大野木２８３１,5162102,2020-12-22,,245574,
D124210050472,D1(高校),24(三重),2(公),1(本),三重県立鳥羽高等学校,三重県鳥羽市安楽島町１４５９,5170021,2020-12-22,,245549,
D124210050481,D1(高校),24(三重),2(公),1(本),三重県立志摩高等学校,三重県志摩市磯部町恵利原１３０８,5170209,2020-12-22,,245550,
D124210050490,D1(高校),24(三重),2(公),1(本),三重県立水産高等学校,三重県志摩市志摩町和具２５７８,5170703,2020-12-22,,245551,
D124210050506,D1(高校),24(三重),2(公),1(本),三重県立上野高等学校,三重県伊賀市上野丸之内１０７,5180873,2020-12-22,,245544,
D124210050515,D1(高校),24(三重),2(公),1(本),三重県立伊賀白鳳高等学校,三重県伊賀市緑ヶ丘西町２２７０－１,5180837,2020-12-22,,245543,
D124210050524,D1(高校),24(三重),2(公),1(本),三重県立あけぼの学園高等学校,三重県伊賀市川東４１２,5191424,2020-12-22,,245545,
D124210050533,D1(高校),24(三重),2(公),1(本),三重県立名張青峰高等学校,三重県名張市百合が丘東６－１,5180476,2020-12-22,,245605,
D124210050542,D1(高校),24(三重),2(公),1(本),三重県立名張高等学校,三重県名張市東町２０６７－２,5180711,2020-12-22,,245548,
D124210050551,D1(高校),24(三重),2(公),1(本),三重県立尾鷲高等学校,三重県尾鷲市古戸野町３－１２,5193659,2020-12-22,,245552,
D124210050560,D1(高校),24(三重),2(公),1(本),三重県立木本高等学校,三重県熊野市木本町１１０１－４,5194394,2020-12-22,,245555,
D124210050579,D1(高校),24(三重),2(公),1(本),三重県立紀南高等学校,三重県南牟婁郡御浜町阿田和１９６０,5195204,2020-12-22,,245556,
D124210050580,D1(高校),24(三重),2(公),1(本),三重県立熊野青藍高等学校木本校舎,三重県熊野市木本町１１０１－４,5194394,2025-05-01,,,
D124210050599,D1(高校),24(三重),2(公),2(分),三重県立熊野青藍高等学校紀南校舎,三重県南牟婁郡御浜町阿田和１９６０,5195204,2025-05-01,,,
D124310055019,D1(高校),24(三重),3(私),1(本),津田学園高等学校,三重県桑名市野田５丁目３－１２,5110904,2020-12-22,,246016,
D124310055028,D1(高校),24(三重),3(私),1(本),暁高等学校,三重県四日市市萱生町２３８番地,5128538,2020-12-22,,246001,
D124310055037,D1(高校),24(三重),3(私),1(本),海星高等学校,三重県四日市市追分１－９－３４,5100882,2020-12-22,,246002,
D124310055046,D1(高校),24(三重),3(私),1(本),四日市メリノール学院高等学校,三重県四日市市平尾町２８００,5121205,2020-12-22,,246003,
D124310055055,D1(高校),24(三重),3(私),1(本),鈴鹿高等学校,三重県鈴鹿市庄野町１２６０,5130831,2020-12-22,,246004,
D124310055064,D1(高校),24(三重),3(私),1(本),高田高等学校,三重県津市一身田町２８４３,5140114,2020-12-22,,246006,
D124310055073,D1(高校),24(三重),3(私),1(本),セントヨゼフ女子学園高等学校,三重県津市半田１３３０,5140823,2020-12-22,,246007,
D124310055082,D1(高校),24(三重),3(私),1(本),青山高等学校,三重県津市白山町八対野２７３９,5152692,2020-12-22,,246015,
D124310055091,D1(高校),24(三重),3(私),1(本),三重高等学校,三重県松阪市久保町１２３２,5158533,2020-12-22,,246010,
D124310055108,D1(高校),24(三重),3(私),1(本),皇學館高等学校,三重県伊勢市楠部町１３８,5168577,2020-12-22,,246011,
D124310055117,D1(高校),24(三重),3(私),1(本),伊勢学園高等学校,三重県伊勢市黒瀬町５６２－１３,5160018,2020-12-22,,246012,
D124310055126,D1(高校),24(三重),3(私),1(本),愛農学園農業高等学校,三重県伊賀市別府６９０,5180221,2020-12-22,,246014,
D124310055135,D1(高校),24(三重),3(私),1(本),桜丘高等学校,三重県伊賀市下神戸２７５６,5180192,2020-12-22,,246013,
D124310059015,D1(高校),24(三重),3(私),1(本),大橋学園高等学校,三重県四日市市大字塩浜１４９－８,5100863,2020-12-22,,246102,
D124310059024,D1(高校),24(三重),3(私),1(本),徳風高等学校,三重県亀山市和賀町１７８９番地の４,5190145,2020-12-22,,246103,
D124310059033,D1(高校),24(三重),3(私),1(本),一志学園高等学校,三重県津市一志町大仰３２６,5152524,2020-12-22,,246105,
D124310059042,D1(高校),24(三重),3(私),1(本),英心高等学校,三重県伊勢市河崎１－３－２５,5160009,2020-12-22,,246101,
D124310059051,D1(高校),24(三重),3(私),1(本),代々木高等学校,三重県志摩市磯部町山原７８５番地,5170217,2020-12-22,,246104,
D124310059060,D1(高校),24(三重),3(私),2(分),神村学園高等部伊賀分校,三重県伊賀市北山１３７３,5180204,2020-12-22,,246106,
D124310059079,D1(高校),24(三重),3(私),2(分),英心高等学校桔梗が丘校,三重県名張市桔梗が丘１番町５街区１３番地,5180621,2022-05-01,,,
D124310059089,D1(高校),24(三重),3(私),1(本),みえ大台おおぞら高等学校（広域通信制）,三重県多気郡大台町小滝１５１番地,5192523,2026-05-01,,,
D224310065016,D2(中等),24(三重),3(私),1(本),鈴鹿中等教育学校,三重県鈴鹿市庄野町１２３０,5130831,2020-12-22,,249781,
E124110000016,E1(養護),24(三重),1(国),1(本),三重大学教育学部附属特別支援学校,三重県津市観音寺町４８４,5140062,2020-12-22,,249901,
E124210070019,E1(特支盲),24(三重),2(公),1(本),三重県立盲学校,三重県津市高茶屋４丁目３９番１号,5140819,2020-12-22,,249711,
E124210070028,E1(特支聾),24(三重),2(公),1(本),三重県立聾学校,三重県津市藤方２３０４－２,5140815,2020-12-22,,249811,
E124210070037,E1(養護),24(三重),2(公),1(本),三重県立城山特別支援学校,三重県津市城山一丁目５番２９号,5140818,2020-12-22,,249911,
E124210070046,E1(養護),24(三重),2(公),1(本),三重県立杉の子特別支援学校,三重県鈴鹿市加佐登三丁目２番２号,5130004,2020-12-22,,249913,
E124210070055,E1(養護),24(三重),2(公),2(分),三重県立杉の子特別支援学校石薬師分校,三重県鈴鹿市石薬師町字寺東４５２番地,5130012,2020-12-22,,249929,
E124210070064,E1(養護),24(三重),2(公),1(本),三重県立かがやき特別支援学校,三重県津市大里窪田町３５７番地,5140125,2020-12-22,,249914,
E124210070073,E1(養護),24(三重),2(公),2(分),三重県立かがやき特別支援学校草の実分校,三重県津市大里窪田町３４０番地５,5140125,2020-12-22,,249920,
E124210070082,E1(養護),24(三重),2(公),2(分),三重県立かがやき特別支援学校あすなろ分校,三重県津市大里窪田町３４０番地５,5140125,2020-12-22,,249931,
E124210070091,E1(養護),24(三重),2(公),1(本),三重県立稲葉特別支援学校,三重県津市稲葉町字上野４１０１,5141252,2020-12-22,,249915,
E124210070108,E1(養護),24(三重),2(公),1(本),三重県立特別支援学校伊賀つばさ学園,三重県名張市美旗町南西原２２９番地の２,5180616,2020-12-22,,249927,
E124210070117,E1(養護),24(三重),2(公),1(本),三重県立松阪あゆみ特別支援学校,三重県松阪市久保町１８４６番１９５,5150044,2020-12-22,,249932,
E124210070126,E1(養護),24(三重),2(公),1(本),三重県立特別支援学校玉城わかば学園,三重県度会郡玉城町宮古７２６－１７,5190427,2020-12-22,,249926,
E124210070135,E1(養護),24(三重),2(公),1(本),三重県立特別支援学校西日野にじ学園,三重県四日市市西日野町４０７０番地３５,5100943,2020-12-22,,249917,
E124210070144,E1(養護),24(三重),2(公),1(本),三重県立特別支援学校北勢きらら学園,三重県四日市市下海老町字高松１６１番地,5121203,2020-12-22,,249928,
E124210070153,E1(養護),24(三重),2(公),1(本),三重県立くわな特別支援学校,三重県桑名市大字東方字尾弓田１０７３番地,5110811,2020-12-22,,249930,
E124210070162,E1(養護),24(三重),2(公),1(本),三重県立度会特別支援学校,三重県度会郡度会町大野木１８２５番地,5162102,2020-12-22,,249918,
E124210070171,E1(養護),24(三重),2(公),1(本),三重県立特別支援学校東紀州くろしお学園,三重県熊野市金山町２４９６,5194327,2020-12-22,,249919,
E124210070180,E1(養護),24(三重),2(公),2(分),三重県立特別支援学校東紀州くろしお学園おわせ分校,三重県尾鷲市光ケ丘２８－６１,5193637,2020-12-22,,249925,
E124310075012,E1(養護),24(三重),3(私),1(本),特別支援学校聖母の家学園,三重県四日市市波木町３３０－５,5100961,2020-12-22,,249912,
E124310075022,E1(養護),24(三重),3(私),2(分),特別支援学校聖母の家学園いなべ校,三重県いなべ市藤原町石川９８９,5110514,2024-05-01,,,
H124220180019,H1(専修),24(三重),2(公),1(本),三重県立公衆衛生学院,三重県津市夢が丘１－１－１７,5140116,2020-12-22,,249001,
H124220480016,H1(専修),24(三重),2(公),1(本),三重県農業大学校,三重県松阪市嬉野川北町５３０,5152316,2020-12-22,,249002,
H124220880012,H1(専修),24(三重),2(公),9(廃),名張市立看護専門学校,三重県名張市百合が丘西５番町３２番地,5180485,2020-12-22,2026-05-01,248903,H124320885015
H124320185012,H1(専修),24(三重),3(私),1(本),三重調理専門学校,三重県津市大谷町２４０,5140007,2020-12-22,,248512,
H124320185021,H1(専修),24(三重),3(私),9(廃),津文化服装専門学校,三重県津市新町１－１－３６,5140042,2020-12-22,2024-05-01,248515,
H124320185030,H1(専修),24(三重),3(私),1(本),旭美容専門学校,三重県津市上浜町１丁目５１４番地,5140008,2020-12-22,,248514,
H124320185049,H1(専修),24(三重),3(私),1(本),独法国立病院機構三重中央医療センター附属三重中央看護学校,三重県津市久居明神町２１５８番地５,5141101,2020-12-22,,248660,
H124320185058,H1(専修),24(三重),3(私),1(本),津看護専門学校,三重県津市安濃町田端上野９７０－１０,5142325,2020-12-22,,248693,
H124320185067,H1(専修),24(三重),3(私),9(廃),三重介護福祉専門学校,三重県津市大谷町２４０,5140007,2020-12-22,2024-05-01,248519,
H124320185076,H1(専修),24(三重),3(私),1(本),三重看護専門学校,三重県津市島崎町９７番１,5140002,2020-12-22,,248513,
H124320185085,H1(専修),24(三重),3(私),1(本),大原簿記情報医療専門学校津校,三重県津市大谷町１４８番１,5140007,2020-12-22,,248520,
H124320185094,H1(専修),24(三重),3(私),1(本),大原法律公務員専門学校津校,三重県津市大谷町１４８番１,5140007,2020-12-22,,248521,
H124320285011,H1(専修),24(三重),3(私),1(本),ユマニテクライフデザイン専門学校,三重県四日市市浜田町１２－１７,5100067,2020-12-22,,248544,
H124320285020,H1(専修),24(三重),3(私),1(本),中部ライテクビジネス専門学校,三重県四日市市浜田町４－１５,5100067,2020-12-22,,248541,
H124320285039,H1(専修),24(三重),3(私),9(廃),中部調理製菓専門学校,三重県四日市市浜田町４－１５,5100067,2020-12-22,2024-05-01,248542,
H124320285048,H1(専修),24(三重),3(私),1(本),専門学校ミエ・ヘア・アーチストアカデミー,三重県四日市市羽津中２－５－１９,5100002,2020-12-22,,248543,
H124320285057,H1(専修),24(三重),3(私),1(本),四日市情報外語専門学校,三重県四日市市安島１－２－５,5100075,2020-12-22,,248547,
H124320285066,H1(専修),24(三重),3(私),1(本),中部水耕栽培福祉専門学校,三重県四日市市浜田町４－１５,5100067,2020-12-22,,248548,
H124320285075,H1(専修),24(三重),3(私),1(本),四日市福祉専門学校,三重県四日市市山田町５４９１,5121111,2020-12-22,,248551,
H124320285084,H1(専修),24(三重),3(私),1(本),ユマニテク看護助産専門学校,三重県四日市市浜田町１３－４,5100067,2020-12-22,,248552,
H124320285093,H1(専修),24(三重),3(私),1(本),ユマニテク調理製菓専門学校,三重県四日市市浜田町１３－２９,5100067,2020-12-22,,248554,
H124320285100,H1(専修),24(三重),3(私),1(本),四日市医師会看護専門学校,三重県四日市市西新地１４番２０号,5100087,2020-12-22,,248555,
H124320285119,H1(専修),24(三重),3(私),1(本),専門学校ユマニテク医療福祉大学校,三重県四日市市塩浜本町２－３４,5100854,2020-12-22,,248556,
H124320385010,H1(専修),24(三重),3(私),1(本),英心専門学校,三重県伊勢市河崎１－３－２５,5160009,2020-12-22,,248571,
H124320385029,H1(専修),24(三重),3(私),1(本),伊勢調理製菓専門学校,三重県伊勢市河崎１－１０－４７,5160009,2020-12-22,,248574,
H124320385038,H1(専修),24(三重),3(私),1(本),伊勢保健衛生専門学校,三重県伊勢市黒瀬町５６２－１３,5160018,2020-12-22,,248575,
H124320385047,H1(専修),24(三重),3(私),1(本),勢京ビジネス専門学校,三重県伊勢市一之木４丁目１５番１４号,5160071,2020-12-22,,248577,
H124320385056,H1(専修),24(三重),3(私),1(本),伊勢理容美容専門学校,三重県伊勢市八日市場町１７－２７,5160076,2020-12-22,,248578,
H124320385065,H1(専修),24(三重),3(私),1(本),伊勢志摩リハビリテーション専門学校,三重県伊勢市御薗町高向１６５８,5160805,2020-12-22,,248573,
H124320485019,H1(専修),24(三重),3(私),1(本),松阪看護専門学校,三重県松阪市鎌田町１４５－４,5150005,2020-12-22,,248581,
H124320585018,H1(専修),24(三重),3(私),1(本),桑名文化専門学校,三重県桑名市中央町１－９２,5110068,2020-12-22,,248601,
H124320585027,H1(専修),24(三重),3(私),1(本),桑名医師会立桑名看護専門学校,三重県桑名市大字本願寺市之縄２６２－１,5110835,2020-12-22,,248604,
H124320785016,H1(専修),24(三重),3(私),1(本),鈴鹿オフィスワーク医療福祉専門学校,三重県鈴鹿市住吉二丁目２４－９,5130826,2020-12-22,,248621,
H124320785025,H1(専修),24(三重),3(私),9(廃),三重文化経済専門学校,三重県鈴鹿市白子１丁目１８－２,5100243,2020-12-22,2022-05-01,248622,
H124320885015,H1(専修),24(三重),3(私),1(本),名張市立看護専門学校,三重県名張市百合が丘西５番町３２番地,5180485,2026-05-01,,,
H124321085011,H1(専修),24(三重),3(私),1(本),徳風技能専門学校,三重県亀山市和賀町１７８９－４,5190145,2020-12-22,,248632,
H124321185010,H1(専修),24(三重),3(私),1(本),日本商科学院専門学校,三重県鳥羽市船津町２７３番２,5170045,2026-05-01,,,
H124321685015,H1(専修),24(三重),3(私),1(本),社会医療法人畿内会岡波看護専門学校,三重県伊賀市上野桑町１７３４番地,5180842,2020-12-22,,248610,
H124334185013,H1(専修),24(三重),3(私),1(本),聖十字看護専門学校,三重県三重郡菰野町大字宿野字八岡１３４６番地,5101232,2020-12-22,,248692,
H224320195019,H2(各種),24(三重),3(私),1(本),久居珠算簿記学校,三重県津市久居幸町１１２５－２,5141132,2020-12-22,,249483,
H224320195028,H2(各種),24(三重),3(私),1(本),津珠算簿記学校,三重県津市南中央１９－２３,5140832,2020-12-22,,249142,
H224320195037,H2(各種),24(三重),3(私),1(本),椋本珠算学校,三重県津市芸濃町椋本５１２６－１,5142211,2020-12-22,,249572,
H224320195046,H2(各種),24(三重),3(私),1(本),津橋南珠算学校,三重県津市阿漕町１１４５－１,5140811,2020-12-22,,249168,
H224320195055,H2(各種),24(三重),3(私),1(本),三重日本語学校,三重県津市中央３－３１,5140032,2020-12-22,,249655,
H224320295018,H2(各種),24(三重),3(私),1(本),共興高等商業学校,三重県四日市市東日野町１６７７,5100942,2020-12-22,,249199,
H224320295027,H2(各種),24(三重),3(私),1(本),日野珠算学校,三重県四日市市中部２０－５,5100082,2020-12-22,,249188,
H224320295036,H2(各種),24(三重),3(私),1(本),富田珠算学園,三重県四日市市東富田２８－３３,5108006,2020-12-22,,249193,
H224320295045,H2(各種),24(三重),3(私),9(廃),四日市速算学校,三重県四日市市楠町南川８０－４,5100105,2020-12-22,2022-05-01,249541,
H224320295054,H2(各種),24(三重),3(私),1(本),泰翠学園,三重県四日市市鵜の森１－１０－２０,5100074,2020-12-22,,249201,
H224320295063,H2(各種),24(三重),3(私),1(本),四日市朝鮮初中級学校,三重県四日市市阿倉川町８－３０,5100803,2020-12-22,,249181,
H224320295072,H2(各種),24(三重),3(私),9(廃),伊藤珠算学園,三重県四日市市小杉町１６８３－１,5120902,2020-12-22,2023-05-01,249212,
H224320295081,H2(各種),24(三重),3(私),1(本),ニッケン学園,三重県四日市市富士町８－６６,5100013,2020-12-22,,249213,
H224320395017,H2(各種),24(三重),3(私),1(本),小俣珠算実務学校,三重県伊勢市小俣町元町７８２,5190503,2020-12-22,,249632,
H224320395026,H2(各種),24(三重),3(私),1(本),伊勢地区医師会准看護学校,三重県伊勢市勢田町６１３－１２,5160035,2020-12-22,,249241,
H224320495016,H2(各種),24(三重),3(私),1(本),パリス文化服装学院,三重県松阪市本町２０８６,5150081,2020-12-22,,249277,
H224320495025,H2(各種),24(三重),3(私),1(本),向陽台総合学院,三重県松阪市春日町２丁目８２番地,5150078,2021-05-27,,249278,
H224320595015,H2(各種),24(三重),3(私),1(本),聖心珠算学園,三重県桑名市一色町５８,5110046,2020-12-22,,249328,
H224320595024,H2(各種),24(三重),3(私),9(廃),長島珠算学園,三重県桑名市長島町西外面２０２１－２,5111143,2020-12-22,2026-05-01,249502,
H224320795013,H2(各種),24(三重),3(私),1(本),ＮＤＣ技芸教育連盟,三重県鈴鹿市江島町１６８８,5100237,2020-12-22,,249184,
H224320795022,H2(各種),24(三重),3(私),1(本),三鈴実務珠算學校,三重県鈴鹿市住吉１丁目１１－８,5130826,2020-12-22,,249388,
H224320795031,H2(各種),24(三重),3(私),1(本),神戸速算学校,三重県鈴鹿市神戸２丁目９－２４,5130801,2020-12-22,,249389,
H224320795040,H2(各種),24(三重),3(私),1(本),伯人学校イーエーエス鈴鹿,三重県鈴鹿市道伯５－２３－２９,5130823,2020-12-22,,249398,
H224320795059,H2(各種),24(三重),3(私),1(本),鈴鹿日本語学院,三重県鈴鹿市郡山町字西高山２００１番地１５,5100263,2024-05-01,,,
H224320895012,H2(各種),24(三重),3(私),1(本),錦花技藝女学校,三重県名張市新町１８０,5180727,2020-12-22,,249411,
H224320895021,H2(各種),24(三重),3(私),1(本),すみれ文化服装学院,三重県名張市栄町２９３５－１８,5180719,2020-12-22,,249412,
H224320895030,H2(各種),24(三重),3(私),1(本),竹島珠算簿記学校,三重県名張市桔梗が丘６－３－９２,5180626,2020-12-22,,249415,
H224320895049,H2(各種),24(三重),3(私),1(本),昇英塾名張本校,三重県名張市平尾３１６５－１１,5180713,2020-12-22,,249414,
H224320895058,H2(各種),24(三重),3(私),2(分),昇英塾つつじが丘校,三重県名張市つつじが丘北３－４－１７,5180433,2020-12-22,,249416,
H224320895067,H2(各種),24(三重),3(私),2(分),昇英塾桔梗が丘校,三重県名張市桔梗が丘５－１－１０,5180625,2020-12-22,,249417,
H224320895076,H2(各種),24(三重),3(私),2(分),昇英塾梅が丘校,三重県名張市梅が丘北３－２８６,5180748,2020-12-22,,249418,
H224320895085,H2(各種),24(三重),3(私),2(分),昇英塾百合が丘校,三重県名張市百合が丘西１－１４３,5180481,2020-12-22,,249419,
H224321495014,H2(各種),24(三重),3(私),9(廃),員弁珠算学校,三重県いなべ市員弁町畑新田２６８－２,5110203,2020-12-22,2021-05-27,249524,
H224321595013,H2(各種),24(三重),3(私),1(本),浜島珠算学校,三重県志摩市浜島町浜島８２７－１１,5170404,2020-12-22,,249653,
H224321595022,H2(各種),24(三重),3(私),1(本),関西珠算学院,三重県志摩市阿児町鵜方１９３８－２,5170501,2020-12-22,,249654,
H224321695012,H2(各種),24(三重),3(私),2(分),昇英塾桐ヶ丘校,三重県伊賀市桐ヶ丘５－３７,5180225,2020-12-22,,249362,
H224321695021,H2(各種),24(三重),3(私),2(分),昇英塾伊賀上野城下町校,三重県伊賀市上野丸之内１９－６,5180873,2020-12-22,,249363,
H224334395018,H2(各種),24(三重),3(私),9(廃),朝日珠算学園,三重県三重郡朝日町小向５６２の２,5108102,2020-12-22,2025-05-01,249544,
H224347295011,H2(各種),24(三重),3(私),1(本),倉田計理学校,三重県度会郡南伊勢町五ヶ所浦３１７０－４,5160101,2020-12-22,,249635,